source,target,value
f2702f48-ae84-40cb-8e97-3de0767b8726,566c99be-b436-365e-af4f-27be6c536358,1
f2702f48-ae84-40cb-8e97-3de0767b8726,8becadda-124e-43f3-900e-f1ab685574e5,1
4bbb1ed7-df30-4034-9a15-eb8305dac179,80dd5f90-8ed9-49b8-9b6e-d3c40eb46023,1
4bbb1ed7-df30-4034-9a15-eb8305dac179,d88a1246-9684-480b-a480-ff63286b35b7,1
4bbb1ed7-df30-4034-9a15-eb8305dac179,86d88cae-ad97-4476-bae5-73488a12776d,1
c56e3eaf-6429-41c5-aa89-ae6be848743e,8d482810-26da-4bbc-8599-6b1fd1ab8743,1
c56e3eaf-6429-41c5-aa89-ae6be848743e,54fc7750-8540-4c22-8d46-9a6a2641c41a,1
c56e3eaf-6429-41c5-aa89-ae6be848743e,146384fc-3f64-4482-a78a-2f082411a27d,1
c56e3eaf-6429-41c5-aa89-ae6be848743e,98908792-f315-4834-9b5e-20fed66cbe5a,1
c56e3eaf-6429-41c5-aa89-ae6be848743e,038920bb-8c40-4a30-8d0c-0a29bcd64751,1
c56e3eaf-6429-41c5-aa89-ae6be848743e,d2c6f6f5-2236-4217-8361-3297b6369979,1
6f812da1-eb65-4c04-b0d7-dd89ce86aae5,28a7419c-f432-4e1a-b0a6-aa9e71968a14,1
6f812da1-eb65-4c04-b0d7-dd89ce86aae5,140fcf01-c278-4cea-89d4-15ad12f08af2,1
6f812da1-eb65-4c04-b0d7-dd89ce86aae5,15914c77-fe9b-4853-9c74-aa64d2e79b56,1
615b86a3-0011-4530-b31e-26361cc43c52,de64ade8-5025-40f9-a2e0-15b72797e6a7,1
615b86a3-0011-4530-b31e-26361cc43c52,ea27c88d-6347-48f1-b58e-55960f99a0c1,1
615b86a3-0011-4530-b31e-26361cc43c52,5ceed47b-7db0-4958-a893-6d217eb25517,1
615b86a3-0011-4530-b31e-26361cc43c52,6f412521-2e9b-44b1-a3e4-8f1358caef63,1
615b86a3-0011-4530-b31e-26361cc43c52,c6fc4688-1aca-4363-bd1a-8d14ea08d2f8,1
615b86a3-0011-4530-b31e-26361cc43c52,3e62e13e-3955-494a-91b3-f00ab9e84b48,1
615b86a3-0011-4530-b31e-26361cc43c52,898afe8c-0297-45d6-b4b5-0cb9e632094b,1
615b86a3-0011-4530-b31e-26361cc43c52,aab0a0be-89e6-442e-8cf9-e762bd18f76b,1
615b86a3-0011-4530-b31e-26361cc43c52,5982a27f-28a4-4f40-a1cc-5cb650400c50,1
615b86a3-0011-4530-b31e-26361cc43c52,a42cbe4f-89f0-42ae-a34d-f2e5db6aa1d2,1
615b86a3-0011-4530-b31e-26361cc43c52,629785af-9028-4f11-bdfe-d665a26a3d35,1
9fa12d47-980a-4d05-a6e4-9c41ce7a33c0,cfba4373-a654-3e0b-80f8-348738169f95,1
96be2a46-70c7-4721-8b7e-4a07003495d6,d3c0a223-516b-4049-9370-22881a0428d8,1
96be2a46-70c7-4721-8b7e-4a07003495d6,9c203fec-dc0d-412c-a7a3-7fd77d0346f1,1
21092a31-8880-4a99-9710-2c5d246106c1,2c54f4d6-5712-4e5a-a025-b7f7a396c39b,1
21092a31-8880-4a99-9710-2c5d246106c1,d88a1246-9684-480b-a480-ff63286b35b7,1
0dd50d81-c7fb-4b3e-8228-98c7cff26578,4315e096-f51e-4b56-8235-57be9789a62c,1
0dd50d81-c7fb-4b3e-8228-98c7cff26578,aac2629e-495d-4468-9c8b-cd9649bd7b5d,1
52b512bf-187c-4847-b561-2268db9562bf,d705d383-a7aa-48ef-aa8a-d66ab25122f2,1
54b95af9-e99e-4aa9-9aa3-0f991c351ec8,c223b93a-2634-4f06-ac73-8709b9e16888,1
6241cad8-eafa-46ed-b72a-139d293c4cb5,2c54f4d6-5712-4e5a-a025-b7f7a396c39b,1
098dbc00-6353-49d5-8a45-346cc4f04b4c,d3c0a223-516b-4049-9370-22881a0428d8,1
098dbc00-6353-49d5-8a45-346cc4f04b4c,9c203fec-dc0d-412c-a7a3-7fd77d0346f1,1
f913c08d-c073-4163-8fe1-e3141380c3fe,21fca925-12ac-4215-ba1a-a9c73cb3b082,1
f913c08d-c073-4163-8fe1-e3141380c3fe,c6fc4688-1aca-4363-bd1a-8d14ea08d2f8,1
f913c08d-c073-4163-8fe1-e3141380c3fe,be2e0197-57b8-4fcf-a144-cb33f7466f3a,1
f913c08d-c073-4163-8fe1-e3141380c3fe,72fbf32e-c8c3-4914-92a1-66dc2439a114,1
f913c08d-c073-4163-8fe1-e3141380c3fe,7c6e9dbf-487b-4146-a379-19e46642c392,1
f913c08d-c073-4163-8fe1-e3141380c3fe,96196887-5a20-4e93-a302-72f306f32c9d,1
f913c08d-c073-4163-8fe1-e3141380c3fe,5d642d09-8e03-4200-a79b-2a397a6d5d51,1
4068e7ab-00c7-4b3f-9356-6c270ed4eedd,9c203fec-dc0d-412c-a7a3-7fd77d0346f1,1
186e399b-a0b6-4cc8-a4bf-c846651b5aa0,2c54f4d6-5712-4e5a-a025-b7f7a396c39b,1
153865b8-867c-4c2d-b7b9-2a24e4d144dd,7fcf7f09-12d7-4b06-a183-93c51f940670,1
cddc4437-c250-41a2-9d6d-07dbc292a54c,ef8e980b-9644-45d8-b0e9-c6aaf0eff0c0,1
cddc4437-c250-41a2-9d6d-07dbc292a54c,3765ed62-0f9d-49ad-83b0-1405ed833108,1
cddc4437-c250-41a2-9d6d-07dbc292a54c,4b71eb3d-7d55-4967-b80d-91a3f220b60c,1
cddc4437-c250-41a2-9d6d-07dbc292a54c,846448a5-a26e-4297-ac08-ad7040af20f1,1
cddc4437-c250-41a2-9d6d-07dbc292a54c,2f6649b6-2b2d-49a9-ab31-6c7e43728001,1
e6a02c67-f1bb-40f0-8803-a8939e286564,d3b85461-fc0d-3639-9aa9-39211c4ecade,1
e6a02c67-f1bb-40f0-8803-a8939e286564,f33dc893-bd57-4e5c-a3b0-e32925f4f6b1,1
ede03db1-b4bf-412b-8a97-a24911cea24e,6d731e6e-7dcf-4bde-8061-d0e195f62f6c,1
ede03db1-b4bf-412b-8a97-a24911cea24e,8becadda-124e-43f3-900e-f1ab685574e5,1
03c22ef2-e151-489d-b18b-ba10e285ae02,9b40a0af-a6fe-47ff-9624-2ea8f40c746f,1
dc514bf5-6ec9-4950-a079-d73bf3b4aa84,21fca925-12ac-4215-ba1a-a9c73cb3b082,1
a57afd59-1c38-4208-b100-0eff9ccf7e91,ab4a73b6-1c2d-42e1-b4d9-049e04889cf0,1
16ddb2dc-45eb-48ab-a7ea-2b8708571596,d9ae1245-158e-4d79-86a4-2d9b3defbedc,1
7a34ef9d-6576-452d-b56e-ded9d81ea6f2,ba4b775e-6073-402d-9210-509125f6c5a3,1
7a34ef9d-6576-452d-b56e-ded9d81ea6f2,e454bf6a-3321-4a86-998a-af61123eb056,1
665de072-9b9e-428d-aa71-00107b6296fd,e454bf6a-3321-4a86-998a-af61123eb056,1
62380dd0-1d2b-4bf4-9bf7-47ba0125d84f,9a4e5d24-93db-3c4e-8e45-c4f291d59e55,1
62380dd0-1d2b-4bf4-9bf7-47ba0125d84f,cfe2ff7e9ad43c1ee053c630070ab103,1
62380dd0-1d2b-4bf4-9bf7-47ba0125d84f,cfe25c2336d833e7e053c630070a709e,1
62380dd0-1d2b-4bf4-9bf7-47ba0125d84f,cfe2ff7e9ad53c1ee053c630070ab105,1
62380dd0-1d2b-4bf4-9bf7-47ba0125d84f,cfe2ff7e9ad33c1ee053c630070ab101,1
62380dd0-1d2b-4bf4-9bf7-47ba0125d84f,3174dad5-a408-36e8-b75e-af18d0969129,1
cc6e6c2e-a21a-445a-82c0-d30c80e81f94,cfba4373-a654-3e0b-80f8-348738169f95,1
e7fe3d05-bcfe-42e4-b524-de50420671b4,2c54f4d6-5712-4e5a-a025-b7f7a396c39b,1
5eec5f0c-eabd-42c1-9060-01267ab80cd8,0fb9ae1a-92cb-4ab8-a589-470c16d4fe21,1
1dc705f0-a497-4cfb-b389-30de581a242f,9b40a0af-a6fe-47ff-9624-2ea8f40c746f,1
1bad31d8-1a0e-4d57-a9fc-389add1a8e99,52abfc2b-031c-4875-b838-653abbfccf4e,1
24e76a52-2856-4c06-884b-e4290b523efe,d88a1246-9684-480b-a480-ff63286b35b7,1
023777c3-ef68-4b97-bdec-e6d62e013def,d3b85461-fc0d-3639-9aa9-39211c4ecade,1
023777c3-ef68-4b97-bdec-e6d62e013def,6f529d58-9a21-3da9-8c33-d191178d7657,1
023777c3-ef68-4b97-bdec-e6d62e013def,14589f68-d1ac-3be8-ad3d-07249865fb85,1
7dfbe42e-363b-46f8-83a3-993d778add73,2c54f4d6-5712-4e5a-a025-b7f7a396c39b,1
1e1a83f6-0b9d-4a02-9dc0-c0b97f2f393e,2c54f4d6-5712-4e5a-a025-b7f7a396c39b,1
1e1a83f6-0b9d-4a02-9dc0-c0b97f2f393e,566c99be-b436-365e-af4f-27be6c536358,1
1bdaef0e-ffdd-4d1c-af54-ca0d7f9fd727,d88a1246-9684-480b-a480-ff63286b35b7,1
1bdaef0e-ffdd-4d1c-af54-ca0d7f9fd727,2c54f4d6-5712-4e5a-a025-b7f7a396c39b,1
ccdea93a-1c28-4e3c-8556-bf556f9eee3c,4319e42f-8625-4385-a555-0cdbcda78672,1
443ca540-5cb3-47f9-821f-6a7e25ae01af,2c54f4d6-5712-4e5a-a025-b7f7a396c39b,1
3d76af33-8ee6-41b2-9003-7d4a051ff36f,c327c54d-4e61-4334-bf8b-8d73113523a3,1
229ccf17-d391-4f1f-ab46-ea12993f20cd,bb43170b-30fb-48aa-893f-51c60d27056f,1
c2e2bfce-162b-466f-b33d-28d8241e13ce,4312623f-2cdc-4a59-bea5-877310e6e48d,1
4d1f94d7-863a-445e-8eb5-8a1d31ded0ca,ce4f1d6f-2d98-4736-935c-0cc681412e68,1
4d1f94d7-863a-445e-8eb5-8a1d31ded0ca,0f00e9fb-27cd-4c70-b5c8-33a5e79aaffb,1
4d1f94d7-863a-445e-8eb5-8a1d31ded0ca,988368f6-7bd6-4d6a-bf60-1d07ffa6cfc4,1
4d1f94d7-863a-445e-8eb5-8a1d31ded0ca,0770d1e6-8c28-4c82-ad3f-5c9e63a8888d,1
4d1f94d7-863a-445e-8eb5-8a1d31ded0ca,3678ee56-4340-4e9d-bd59-379cb3c69103,1
4d1f94d7-863a-445e-8eb5-8a1d31ded0ca,806c3e987d4a7fb2ae862f923b45046333d7437f,1
4d1f94d7-863a-445e-8eb5-8a1d31ded0ca,87fc82a0-0042-49c8-b6f9-2602cd3dc17a,1
4d1f94d7-863a-445e-8eb5-8a1d31ded0ca,7bc04db0-3718-11e3-aa6e-0800200c9a66,1
4d1f94d7-863a-445e-8eb5-8a1d31ded0ca,8f68fe3e-d27b-440c-ba9f-c1ed3e8f987b,1
4d1f94d7-863a-445e-8eb5-8a1d31ded0ca,9861f2a3-d9ed-44e6-a2e5-34ac2b3561dd,1
4d1f94d7-863a-445e-8eb5-8a1d31ded0ca,431d3247-42e4-4c0c-8be2-275352c07e57,1
4d1f94d7-863a-445e-8eb5-8a1d31ded0ca,1a5c0ea3-432f-45e8-a305-19dd147867c0,1
a8332615-ad0a-45bf-8475-4465d5a213fd,603066f6-0f0a-3806-b394-f14b7d2cb437,1
60311ad4-7583-4fa7-bc1c-4733d720a8de,2646025c-8ab9-4850-b76c-c2f508b34798,1
75d94d26-a5a1-4761-8a6a-e71e6dd297ad,2646025c-8ab9-4850-b76c-c2f508b34798,1
75d94d26-a5a1-4761-8a6a-e71e6dd297ad,898afe8c-0297-45d6-b4b5-0cb9e632094b,1
bf4875ce-93db-4563-a214-dd24db5b12a1,2c54f4d6-5712-4e5a-a025-b7f7a396c39b,1
bf4875ce-93db-4563-a214-dd24db5b12a1,898afe8c-0297-45d6-b4b5-0cb9e632094b,1
6d5d2077-0110-47a9-a8b8-d7b0667f6c32,b01585af-110f-4f87-9bf1-06805605926c,1
5d258ca4-0965-4f2c-ab8e-690fb7913660,a01bd054-65f7-4433-b852-6c8f926a4da0,1
07fe8434-ccfa-453f-969a-d67a22e0d4e3,a73befc7-575f-48cb-8eb9-b05172a8c9e3,1
f57fe972-6c62-4fbb-9659-0b9e4578b978,2c54f4d6-5712-4e5a-a025-b7f7a396c39b,1
f57fe972-6c62-4fbb-9659-0b9e4578b978,254757be-69ef-4a6c-a4c1-1432815d7522,1
72c33b56-45c7-406b-8ae8-6d56e37a8088,2c54f4d6-5712-4e5a-a025-b7f7a396c39b,1
75eb3df9-2bee-4f86-9383-e15cfc182cef,76c2e577-268f-4a93-bccd-7d5b43b14efd,1
ae0f2558-2b79-4e18-8f74-4d9ce3871bda,f660cf3f-afa9-4816-aafb-0098a36ca57d,1
abb4b97f-7423-44d1-8a74-7510af58437e,c91a4635-8b7d-43fe-9b27-d95dec8392a7,1
88597846-b410-423d-aa34-e74c6a9e9a9a,146384fc-3f64-4482-a78a-2f082411a27d,1
88597846-b410-423d-aa34-e74c6a9e9a9a,3ff63cf5-8d04-4be5-9449-96411ae9fc36,1
88597846-b410-423d-aa34-e74c6a9e9a9a,2adc5a86-faa3-4b63-acff-a66128b811b7,1
a80522c7-fbe5-482b-a010-429b004b78cd,44d6c71e-d956-41f9-ada6-d31b7793236f,1
38a2c8ec-b087-4d49-be33-e940387894a1,2e0129ab-c9bd-4679-a987-30fd5008472a,1
38a2c8ec-b087-4d49-be33-e940387894a1,b01585af-110f-4f87-9bf1-06805605926c,1
f17381d5-f76a-4007-a98c-2b699cfe7d76,2c54f4d6-5712-4e5a-a025-b7f7a396c39b,1
e1f4bcc0-c646-40ce-9b3f-482b8288d301,49ca9c40-10d2-41fa-a55e-7b516360ad94,1
e1f4bcc0-c646-40ce-9b3f-482b8288d301,bec16f39-2f2f-375a-aa6c-f122d15245d7,1
dda47439-e442-4a74-8f00-dfcfb65345fb,54171a40-1cfd-11e2-892e-0800200c9a66,1
7ed5a498-4f14-4eee-af05-b91d458bf3b4,786d5be0-47ea-4c64-8299-2ee28b1ddfef,1
a2fb6352-cdfc-4db9-be9d-a9bfd4d31530,9ecf5866-dbe8-4cb2-b156-5097c7eec01f,1
a2fb6352-cdfc-4db9-be9d-a9bfd4d31530,e4079286-310c-435a-af2d-64604ba9ade5,1
eed8baaa-0c9f-4fad-a232-ce9b968d484b,ab4a73b6-1c2d-42e1-b4d9-049e04889cf0,1
eed8baaa-0c9f-4fad-a232-ce9b968d484b,21fca925-12ac-4215-ba1a-a9c73cb3b082,1
384249a7-fe20-4d40-87e5-1f16fb7d472e,884c0d9f-f790-41c2-a2a5-351b7c434896,1
384249a7-fe20-4d40-87e5-1f16fb7d472e,d3c0a223-516b-4049-9370-22881a0428d8,1
384249a7-fe20-4d40-87e5-1f16fb7d472e,7562f659-398d-46d7-9167-7f9ccaa00263,1
26f1dc2d-d482-4901-8191-18477bc370cd,ab4a73b6-1c2d-42e1-b4d9-049e04889cf0,1
26f1dc2d-d482-4901-8191-18477bc370cd,1eda4b16-05e3-43c3-b5b0-ef8276df0701,1
92a42a74-048e-476c-bbca-d640ad6a455d,1f4a62eb-6f1a-4bfe-b7cd-e6dede0be00a,1
a6aed657-82f9-478a-ba2f-470dcb442eca,07ba3b74-3c40-4a36-838a-7ef4ced23546,1
a6aed657-82f9-478a-ba2f-470dcb442eca,aae243bd-796f-46d6-86ab-4d7b403f15a8,1
f65bb18c-ceeb-44aa-ab78-0efd7ee58303,2c54f4d6-5712-4e5a-a025-b7f7a396c39b,1
9545a69e-b450-4c44-b4cf-9022cb6cf7b9,2c54f4d6-5712-4e5a-a025-b7f7a396c39b,1
1e4d72e3-40b9-4aa5-97d5-240b5a19d10c,588b9fdc-d2dd-4628-b186-f7b974065d40,1
1e4d72e3-40b9-4aa5-97d5-240b5a19d10c,2c54f4d6-5712-4e5a-a025-b7f7a396c39b,1
1e4d72e3-40b9-4aa5-97d5-240b5a19d10c,13a9f9d7-f013-4b12-a990-387714039247,1
5c9ccf1b-d7f5-4f06-89c0-a2a448fe8bef,5ffe0ecb-4902-41dc-b68b-12bd9caffdcd,1
5c9ccf1b-d7f5-4f06-89c0-a2a448fe8bef,690db6b0-a291-412e-97bc-6d200d0a4b26,1
393e000c-bfee-4025-8ab2-c1df7095d9f0,d25e61cd-2b00-4480-bfcd-64761d7b272e,1
6dd62cb2-a715-4ce6-853f-57879543d968,2adc5a86-faa3-4b63-acff-a66128b811b7,1
cb105ed2-9000-4de7-8edc-4e3f73b6ed43,0fb9ae1a-92cb-4ab8-a589-470c16d4fe21,1
2bd37a73-132b-4edc-a0bb-4751186d291f,51bdc6dc-25ae-41de-b8f3-938f9056af62,1
5475cd07-baa7-40d3-a762-8c6ead32ab36,a42cbe4f-89f0-42ae-a34d-f2e5db6aa1d2,1
3703fb08-ef3b-4936-94cb-b6d8b712713a,f1f6f15d-2faa-4b62-b78b-80599dd1c66e,1
ab71f058-7c2d-4e5f-85aa-9a03e2bc1dc4,2c54f4d6-5712-4e5a-a025-b7f7a396c39b,1
fe7a86fc-d433-4b34-ac0a-ce0b3e800ca8,2c54f4d6-5712-4e5a-a025-b7f7a396c39b,1
d09786ca-f4be-4302-b2db-807c68a161e2,5349b414-5069-45be-8869-7d94261d4936,1
016f31a2-a5ec-4327-909f-b145102a2cf6,e04221bc-7309-48b8-bffd-77655c626b8d,1
58b89253-d767-4ef0-9ec4-26403875503d,31416a3d-5a44-4f78-8b2c-765a2738aacc,1
58b89253-d767-4ef0-9ec4-26403875503d,2c54f4d6-5712-4e5a-a025-b7f7a396c39b,1
96ac85b2-39ad-4802-be5e-a36a442a109c,09716341-2bea-4298-9525-e936d8247d19,1
01c75c37-8c12-486a-a1c3-b053707b0a84,c91a4635-8b7d-43fe-9b27-d95dec8392a7,1
01c75c37-8c12-486a-a1c3-b053707b0a84,df4cc7ae-ead7-49aa-bcb8-b018f169162d,1
01c75c37-8c12-486a-a1c3-b053707b0a84,f660cf3f-afa9-4816-aafb-0098a36ca57d,1
fb507f93-9c0f-406f-803b-1acfe56076ba,dbfb6a2f-3650-49e3-ba07-85d5848498b2,1
23e6a4ef-5edd-462e-9a29-161e245432ac,60dd8dfc-3858-4096-b2df-544db8120827,1
783269e6-dc69-4c6a-8299-38f5a0324181,a14e57c4-ea1c-4a7a-863a-b874ccf23790,1
783269e6-dc69-4c6a-8299-38f5a0324181,25267974-6d44-455e-b76f-248e29ff7df7,1
783269e6-dc69-4c6a-8299-38f5a0324181,946a1d1c-27ea-49d4-93be-9ac68b399a20,1
783269e6-dc69-4c6a-8299-38f5a0324181,5e6175cd-dc44-4b32-a64a-1ac4239a6e4a,1
783269e6-dc69-4c6a-8299-38f5a0324181,6d92970a-d698-418b-8576-f3b03dc1a59a,1
5d91bf1f-31c0-4446-8d7c-fe2cb3bdfc97,ab4a73b6-1c2d-42e1-b4d9-049e04889cf0,1
e29b1a12-e68b-49be-8142-45b2f5134429,cede9004-ba9f-4a4f-8bed-773927c17f48,1
e29b1a12-e68b-49be-8142-45b2f5134429,d76c0e8b-c599-4700-8a88-29d0d87e563d,1
e29b1a12-e68b-49be-8142-45b2f5134429,7a8aae59-71a4-4500-b38b-bdf15c7f627f,1
e29b1a12-e68b-49be-8142-45b2f5134429,fff27cd6-426c-479f-ae66-077ae6f1437d,1
e29b1a12-e68b-49be-8142-45b2f5134429,b29308e9-3888-44be-ac2f-8f1515ac0347,1
e29b1a12-e68b-49be-8142-45b2f5134429,6fdea17f-9eac-4860-8b35-6108e792e6b1,1
7d8a981a-5a8d-4a72-a57c-a3a708d1138b,2c54f4d6-5712-4e5a-a025-b7f7a396c39b,1
27f534d7-29f9-427d-9e27-fa99d24c986c,bd8b518b-d812-46f9-b367-4c1b660cfc99,1
27f534d7-29f9-427d-9e27-fa99d24c986c,22add642-d849-48ff-9913-8c7ba2d99b46,1
27f534d7-29f9-427d-9e27-fa99d24c986c,898afe8c-0297-45d6-b4b5-0cb9e632094b,1
27f534d7-29f9-427d-9e27-fa99d24c986c,ce6baef9-42a8-4c09-8d50-99be6ac4ca9e,1
27f534d7-29f9-427d-9e27-fa99d24c986c,7c6e9dbf-487b-4146-a379-19e46642c392,1
27f534d7-29f9-427d-9e27-fa99d24c986c,2ed52078-7e55-40ea-8036-0d89118a06f4,1
c3df5a27-ec37-45ac-93f5-6d0b7bee198c,ef8e980b-9644-45d8-b0e9-c6aaf0eff0c0,1
40f06d3e-a143-48f4-b386-a98891a0554a,2f6649b6-2b2d-49a9-ab31-6c7e43728001,1
40f06d3e-a143-48f4-b386-a98891a0554a,3765ed62-0f9d-49ad-83b0-1405ed833108,1
40f06d3e-a143-48f4-b386-a98891a0554a,4b71eb3d-7d55-4967-b80d-91a3f220b60c,1
40f06d3e-a143-48f4-b386-a98891a0554a,734a5746-bbda-4fc0-8eb3-52c6325ceb88,1
40f06d3e-a143-48f4-b386-a98891a0554a,ef8e980b-9644-45d8-b0e9-c6aaf0eff0c0,1
40f06d3e-a143-48f4-b386-a98891a0554a,52abfc2b-031c-4875-b838-653abbfccf4e,1
966b0a77-2a66-4382-8862-5fa3ce907805,6d731e6e-7dcf-4bde-8061-d0e195f62f6c,1
966b0a77-2a66-4382-8862-5fa3ce907805,52abfc2b-031c-4875-b838-653abbfccf4e,1
966b0a77-2a66-4382-8862-5fa3ce907805,87dd1233-938d-39a3-84b7-84f6bc953747,1
42921357-f1a6-445f-917a-a280a064f82e,52abfc2b-031c-4875-b838-653abbfccf4e,1
1f5b50c8-7bbe-4ab8-896d-05d8c91e28e1,52abfc2b-031c-4875-b838-653abbfccf4e,1
ec92d501-138d-436f-8036-3b38c5a4271f,52abfc2b-031c-4875-b838-653abbfccf4e,1
56cadc3c-4ddf-46ba-b1b4-ea9f8e2760a9,4312623f-2cdc-4a59-bea5-877310e6e48d,1
56cadc3c-4ddf-46ba-b1b4-ea9f8e2760a9,4b71eb3d-7d55-4967-b80d-91a3f220b60c,1
56cadc3c-4ddf-46ba-b1b4-ea9f8e2760a9,846448a5-a26e-4297-ac08-ad7040af20f1,1
b0f742b8-4ab8-4cfc-ac35-2b622a410509,52abfc2b-031c-4875-b838-653abbfccf4e,1
2c8a170a-3070-4f99-9251-15316e9db3a5,52abfc2b-031c-4875-b838-653abbfccf4e,1
c730ccdd-279c-4a5a-8d48-90ad78f0a02f,52abfc2b-031c-4875-b838-653abbfccf4e,1
eb2b0177-b69a-439b-9a2b-782cd2eb1a77,52abfc2b-031c-4875-b838-653abbfccf4e,1
54ac427d-fb9e-43c7-a358-097165c50867,4b71eb3d-7d55-4967-b80d-91a3f220b60c,1
08c45a46-4440-4230-af33-778dfc0dd9db,6cb3abed-6c76-47f2-bf40-2ddbea78cb35,1
74497781-aca7-4507-b46b-b19b6d2fb0d9,4312623f-2cdc-4a59-bea5-877310e6e48d,1
002c85ba-4f0c-4cee-b645-bbd5c31f995b,d3b85461-fc0d-3639-9aa9-39211c4ecade,1
14edeba1-1b0b-48f1-adad-d90aa62d4b57,4b71eb3d-7d55-4967-b80d-91a3f220b60c,1
7ce52e7f-b9b4-4ad3-b4fc-4834edbd2d7c,52abfc2b-031c-4875-b838-653abbfccf4e,1
6adce52a-da27-4f16-afd8-8481b39e238d,4b71eb3d-7d55-4967-b80d-91a3f220b60c,1
3591613c-8582-49c7-96f6-b55d3889b6b2,4312623f-2cdc-4a59-bea5-877310e6e48d,1
5af8f177-9e6f-4450-825e-fbe3bd1e55c8,4b71eb3d-7d55-4967-b80d-91a3f220b60c,1
5af8f177-9e6f-4450-825e-fbe3bd1e55c8,ef8e980b-9644-45d8-b0e9-c6aaf0eff0c0,1
ba1cdcd0-c665-4b73-8138-43d9b5a3e594,4b71eb3d-7d55-4967-b80d-91a3f220b60c,1
f8097a9b-2cca-441e-a13a-273209fbdadd,ef8e980b-9644-45d8-b0e9-c6aaf0eff0c0,1
60ef4ee0-ff11-4833-9ac3-788d96bc6668,846448a5-a26e-4297-ac08-ad7040af20f1,1
60ef4ee0-ff11-4833-9ac3-788d96bc6668,ef8e980b-9644-45d8-b0e9-c6aaf0eff0c0,1
60ef4ee0-ff11-4833-9ac3-788d96bc6668,4b71eb3d-7d55-4967-b80d-91a3f220b60c,1
c409058d-01a3-4d32-a286-59b690c5d5e0,ef8e980b-9644-45d8-b0e9-c6aaf0eff0c0,1
725eb125-47b2-41ba-93bb-5bebc7c5084d,4b71eb3d-7d55-4967-b80d-91a3f220b60c,1
38ea1e24-8129-40a2-b4da-bb4bbeee44fd,2646025c-8ab9-4850-b76c-c2f508b34798,1
3354bec9-92ad-467f-a102-bb42a8f65d09,ef8e980b-9644-45d8-b0e9-c6aaf0eff0c0,1
3354bec9-92ad-467f-a102-bb42a8f65d09,4b71eb3d-7d55-4967-b80d-91a3f220b60c,1
d9132565-5b85-4ada-a1dc-0b90f8b587cb,4b71eb3d-7d55-4967-b80d-91a3f220b60c,1
1dfdd71b-12c8-4f9f-9de6-12ae952ba219,ef8e980b-9644-45d8-b0e9-c6aaf0eff0c0,1
eacb0cf4-3eeb-4847-854d-5c102015784d,2f6649b6-2b2d-49a9-ab31-6c7e43728001,1
eacb0cf4-3eeb-4847-854d-5c102015784d,ef8e980b-9644-45d8-b0e9-c6aaf0eff0c0,1
eacb0cf4-3eeb-4847-854d-5c102015784d,4b71eb3d-7d55-4967-b80d-91a3f220b60c,1
fbc9d554-d9b7-47ca-b8ac-dd929160b5a8,ef8e980b-9644-45d8-b0e9-c6aaf0eff0c0,1
fbc9d554-d9b7-47ca-b8ac-dd929160b5a8,4b71eb3d-7d55-4967-b80d-91a3f220b60c,1
3eef9b37-8c96-4f45-866a-4e5005c2b7ff,6d731e6e-7dcf-4bde-8061-d0e195f62f6c,1
17a1abd4-416d-4111-9dc3-15fa44a4608b,846448a5-a26e-4297-ac08-ad7040af20f1,1
17a1abd4-416d-4111-9dc3-15fa44a4608b,3765ed62-0f9d-49ad-83b0-1405ed833108,1
17a1abd4-416d-4111-9dc3-15fa44a4608b,d3b85461-fc0d-3639-9aa9-39211c4ecade,1
17a1abd4-416d-4111-9dc3-15fa44a4608b,2f6649b6-2b2d-49a9-ab31-6c7e43728001,1
17a1abd4-416d-4111-9dc3-15fa44a4608b,4b71eb3d-7d55-4967-b80d-91a3f220b60c,1
17a1abd4-416d-4111-9dc3-15fa44a4608b,ef8e980b-9644-45d8-b0e9-c6aaf0eff0c0,1
b984047a-3e8d-4ae5-969c-969c51cdd380,52abfc2b-031c-4875-b838-653abbfccf4e,1
b984047a-3e8d-4ae5-969c-969c51cdd380,4b71eb3d-7d55-4967-b80d-91a3f220b60c,1
b984047a-3e8d-4ae5-969c-969c51cdd380,ef8e980b-9644-45d8-b0e9-c6aaf0eff0c0,1
b984047a-3e8d-4ae5-969c-969c51cdd380,846448a5-a26e-4297-ac08-ad7040af20f1,1
6935d18d-831d-4524-b850-0e0fdcc0dcf5,ef8e980b-9644-45d8-b0e9-c6aaf0eff0c0,1
6935d18d-831d-4524-b850-0e0fdcc0dcf5,d960f393-0a19-43f7-b2f1-2a79d9fc6fdd,1
5fc40698-fad6-4f1b-bae4-b90bbc686190,ef8e980b-9644-45d8-b0e9-c6aaf0eff0c0,1
3bdf76de-1eba-48ba-ad6f-9077cc350ad0,846448a5-a26e-4297-ac08-ad7040af20f1,1
3bdf76de-1eba-48ba-ad6f-9077cc350ad0,4b71eb3d-7d55-4967-b80d-91a3f220b60c,1
3bdf76de-1eba-48ba-ad6f-9077cc350ad0,d3b85461-fc0d-3639-9aa9-39211c4ecade,1
44dcfffe-80cb-4e0e-a02a-552b80eac33c,4312623f-2cdc-4a59-bea5-877310e6e48d,1
7288f7f2-79ae-41e3-9544-43f6518a58e6,f33dc893-bd57-4e5c-a3b0-e32925f4f6b1,1
31a886a1-b60a-47b6-8833-a3172685c71d,276ffd1e-efdd-42e2-b6c9-04fb5fa2b7ea,1
f79bbb6f-a351-4ad7-bdd1-50f0410733d4,4b71eb3d-7d55-4967-b80d-91a3f220b60c,1
fe42f1f3-c1b6-4334-aff5-3198ee527cdd,ef8e980b-9644-45d8-b0e9-c6aaf0eff0c0,1
2349e71f-f55b-4fbb-91a1-e66819e12731,4b71eb3d-7d55-4967-b80d-91a3f220b60c,1
241fa56f-df13-4f09-ab84-f664858d142a,4b71eb3d-7d55-4967-b80d-91a3f220b60c,1
919ada8d-5af6-4ad8-a890-dcf9a1e30f8b,4532a95c-95e8-44da-9bac-9d56e8ab39c2,1
a0099817-6f29-4768-8653-58c9218b2c8e,2f6649b6-2b2d-49a9-ab31-6c7e43728001,1
a0099817-6f29-4768-8653-58c9218b2c8e,ef8e980b-9644-45d8-b0e9-c6aaf0eff0c0,1
a0099817-6f29-4768-8653-58c9218b2c8e,846448a5-a26e-4297-ac08-ad7040af20f1,1
b117feae-5d25-4b2a-96d1-c522960db97b,2f6649b6-2b2d-49a9-ab31-6c7e43728001,1
a5e21846-714b-443a-b560-24624ef52e1f,734a5746-bbda-4fc0-8eb3-52c6325ceb88,1
a5e21846-714b-443a-b560-24624ef52e1f,ef8e980b-9644-45d8-b0e9-c6aaf0eff0c0,1
a5e21846-714b-443a-b560-24624ef52e1f,4312623f-2cdc-4a59-bea5-877310e6e48d,1
a5e21846-714b-443a-b560-24624ef52e1f,3765ed62-0f9d-49ad-83b0-1405ed833108,1
a5e21846-714b-443a-b560-24624ef52e1f,2f6649b6-2b2d-49a9-ab31-6c7e43728001,1
a5e21846-714b-443a-b560-24624ef52e1f,4b71eb3d-7d55-4967-b80d-91a3f220b60c,1
a5e21846-714b-443a-b560-24624ef52e1f,846448a5-a26e-4297-ac08-ad7040af20f1,1
a5e21846-714b-443a-b560-24624ef52e1f,7effe370-ce79-4286-b299-c5d851f546ff,1
a8217501-daca-4edf-8318-b53eba3888d1,3765ed62-0f9d-49ad-83b0-1405ed833108,1
2835d637-b50e-42cf-abc5-b682f8f0173a,ef8e980b-9644-45d8-b0e9-c6aaf0eff0c0,1
c2f44f37-cf7c-4698-9d5b-7c10b7c9e0aa,4b71eb3d-7d55-4967-b80d-91a3f220b60c,1
3dff9c58-9a62-4ae4-a6cb-f0878e5605c2,4b71eb3d-7d55-4967-b80d-91a3f220b60c,1
3dff9c58-9a62-4ae4-a6cb-f0878e5605c2,ef8e980b-9644-45d8-b0e9-c6aaf0eff0c0,1
647b7f93-281e-4fc5-a6aa-91b38d4afb62,2c54f4d6-5712-4e5a-a025-b7f7a396c39b,1
647b7f93-281e-4fc5-a6aa-91b38d4afb62,4f677177-23bc-4f0a-8dbf-578762c8d976,1
3505b772-05fc-40f2-9bee-0d914071c909,81f390f9-9b42-3a72-ad9b-e11a4dbebab0,1
3505b772-05fc-40f2-9bee-0d914071c909,4b71eb3d-7d55-4967-b80d-91a3f220b60c,1
7cfc6649-6318-4651-ab3b-701ceb973177,ef8e980b-9644-45d8-b0e9-c6aaf0eff0c0,1
e16f6e6c-cf91-4279-a51c-0eaadb8858c4,ef8e980b-9644-45d8-b0e9-c6aaf0eff0c0,1
e16f6e6c-cf91-4279-a51c-0eaadb8858c4,52abfc2b-031c-4875-b838-653abbfccf4e,1
e16f6e6c-cf91-4279-a51c-0eaadb8858c4,2f6649b6-2b2d-49a9-ab31-6c7e43728001,1
e16f6e6c-cf91-4279-a51c-0eaadb8858c4,4b71eb3d-7d55-4967-b80d-91a3f220b60c,1
e16f6e6c-cf91-4279-a51c-0eaadb8858c4,846448a5-a26e-4297-ac08-ad7040af20f1,1
82e9b390-6da9-4540-b98b-07faf072a30e,8e454ce2-435e-4352-962b-1bf4e4303301,1
82e9b390-6da9-4540-b98b-07faf072a30e,898afe8c-0297-45d6-b4b5-0cb9e632094b,1
82e9b390-6da9-4540-b98b-07faf072a30e,bf902d04-f6c9-438e-aec1-1a762c50614b,1
82e9b390-6da9-4540-b98b-07faf072a30e,39f5a085-5209-4d78-9b8b-dc6e1e79e1ea,1
995427af-22e9-48fc-b71a-a9472630a31c,4bd85183-cba6-3079-881d-45981f1f9f78,1
995427af-22e9-48fc-b71a-a9472630a31c,4b71eb3d-7d55-4967-b80d-91a3f220b60c,1
96501b2c-5245-4f94-91b0-8121a63e5e14,846448a5-a26e-4297-ac08-ad7040af20f1,1
96501b2c-5245-4f94-91b0-8121a63e5e14,ef8e980b-9644-45d8-b0e9-c6aaf0eff0c0,1
96501b2c-5245-4f94-91b0-8121a63e5e14,4b71eb3d-7d55-4967-b80d-91a3f220b60c,1
d3f4a808-61e5-49b7-a7b6-1abc06757c85,2f5baa1f-208c-42c2-8d04-9ea74aa1b229,1
140ab80e-bb35-44e4-91f4-4dca5d4b8b80,3ff63cf5-8d04-4be5-9449-96411ae9fc36,1
6f422a00-9e0e-413e-ada3-df9b6d313f0b,c223b93a-2634-4f06-ac73-8709b9e16888,1
6f422a00-9e0e-413e-ada3-df9b6d313f0b,3828fd26-5284-444b-ba25-a68a84e91bdf,1
6f422a00-9e0e-413e-ada3-df9b6d313f0b,a9c194f6-5df5-4f7d-9e43-b0dcf62ac8e1,1
6f422a00-9e0e-413e-ada3-df9b6d313f0b,827fb7fd-09ac-4c5f-a241-4cc35cc09366,1
6f422a00-9e0e-413e-ada3-df9b6d313f0b,28185052-3df4-46ae-8c97-8b47221c6487,1
6f422a00-9e0e-413e-ada3-df9b6d313f0b,e4079286-310c-435a-af2d-64604ba9ade5,1
6f422a00-9e0e-413e-ada3-df9b6d313f0b,2ee6b8bf-6292-413c-bb8b-bd22dbb2ad4b,1
6f422a00-9e0e-413e-ada3-df9b6d313f0b,091a085f-2652-429f-8dde-c69199440ddf,1
6f422a00-9e0e-413e-ada3-df9b6d313f0b,09e70f89-cadf-4a3b-a29a-2b3f3c6cbd71,1
6f422a00-9e0e-413e-ada3-df9b6d313f0b,2e9f926c-f688-4889-856d-5e6935440c28,1
6f422a00-9e0e-413e-ada3-df9b6d313f0b,4111e2d8-1729-4953-899a-c55bc382857e,1
6f422a00-9e0e-413e-ada3-df9b6d313f0b,cede9004-ba9f-4a4f-8bed-773927c17f48,1
a03255e4-bc1c-4756-8c07-8b5ccdce14bf,52abfc2b-031c-4875-b838-653abbfccf4e,1
a03255e4-bc1c-4756-8c07-8b5ccdce14bf,4b71eb3d-7d55-4967-b80d-91a3f220b60c,1
a03255e4-bc1c-4756-8c07-8b5ccdce14bf,846448a5-a26e-4297-ac08-ad7040af20f1,1
5e805068-244a-49c8-813b-908bf346a040,ef8e980b-9644-45d8-b0e9-c6aaf0eff0c0,1
5e805068-244a-49c8-813b-908bf346a040,4b71eb3d-7d55-4967-b80d-91a3f220b60c,1
5e805068-244a-49c8-813b-908bf346a040,2f6649b6-2b2d-49a9-ab31-6c7e43728001,1
5e805068-244a-49c8-813b-908bf346a040,3765ed62-0f9d-49ad-83b0-1405ed833108,1
5e805068-244a-49c8-813b-908bf346a040,846448a5-a26e-4297-ac08-ad7040af20f1,1
6d11d490-fc43-4377-bbbe-37e670632801,4312623f-2cdc-4a59-bea5-877310e6e48d,1
06e95450-d251-4240-9654-9feeba1d7f52,1f4a62eb-6f1a-4bfe-b7cd-e6dede0be00a,1
bf421446-9b60-4cd2-855a-532c666041d8,2c54f4d6-5712-4e5a-a025-b7f7a396c39b,1
bf421446-9b60-4cd2-855a-532c666041d8,1d5c2411-9719-4c8f-b99d-57a5f4a4ae41,1
25687365-66e9-4bee-9e28-c677918d5a9a,a0279fdf-230e-493d-bd50-3865ad29f825,1
25687365-66e9-4bee-9e28-c677918d5a9a,87282445-a02d-4f7f-9bf6-196d73d9b3a9,1
f0762815-9ab0-495d-8dee-98164af54cbc,86d88cae-ad97-4476-bae5-73488a12776d,1
37fa9330-73a3-451d-a56f-b8d885ea8420,2c54f4d6-5712-4e5a-a025-b7f7a396c39b,1
964d3750-0341-4a04-ae2c-0d643f91963f,96196887-5a20-4e93-a302-72f306f32c9d,1
b9013384-84f1-4a78-94e0-8daac0eb9d93,96196887-5a20-4e93-a302-72f306f32c9d,1
2d940a62-70dc-408f-bd3c-cbb7e9c6f9e1,bd871bb0-55a4-47aa-8926-04c59fdc8ef5,1
e6415477-905e-4f45-956d-ff58a4c42d0c,97ef14eb-f280-48a7-96c0-df03859b06c2,1
e6415477-905e-4f45-956d-ff58a4c42d0c,2ed52078-7e55-40ea-8036-0d89118a06f4,1
e6415477-905e-4f45-956d-ff58a4c42d0c,699a5a9a-348c-4a46-b99e-a23b59f27721,1
e6415477-905e-4f45-956d-ff58a4c42d0c,146384fc-3f64-4482-a78a-2f082411a27d,1
e6415477-905e-4f45-956d-ff58a4c42d0c,c5cf2502-7572-4fd1-a836-48b335a2d47d,1
48b53554-3fa8-4e9a-84e3-4276a11fe894,4a2203cb-ed49-4e51-8f41-0bdfd821e9c3,1
0a638ac5-eaac-4df6-b09a-1224215f6794,d88a1246-9684-480b-a480-ff63286b35b7,1
1fcefced-27f7-43dc-8f54-1f2cb0272f35,87fc82a0-0042-49c8-b6f9-2602cd3dc17a,1
f2b1c584-4f3f-42c5-97c7-8cd44318d8b5,1f4a62eb-6f1a-4bfe-b7cd-e6dede0be00a,1
11cf2dd6-d01c-4ca8-893a-4c1a1a9d542f,ef8e980b-9644-45d8-b0e9-c6aaf0eff0c0,1
11cf2dd6-d01c-4ca8-893a-4c1a1a9d542f,4b71eb3d-7d55-4967-b80d-91a3f220b60c,1
11cf2dd6-d01c-4ca8-893a-4c1a1a9d542f,3765ed62-0f9d-49ad-83b0-1405ed833108,1
11cf2dd6-d01c-4ca8-893a-4c1a1a9d542f,2f6649b6-2b2d-49a9-ab31-6c7e43728001,1
11cf2dd6-d01c-4ca8-893a-4c1a1a9d542f,846448a5-a26e-4297-ac08-ad7040af20f1,1
8cdf30f2-84ab-4c8d-8d03-61f6243b398f,8d482810-26da-4bbc-8599-6b1fd1ab8743,1
8cdf30f2-84ab-4c8d-8d03-61f6243b398f,7cbcdfa7-b7fd-4641-91c9-a6d67873b6a7,1
8cdf30f2-84ab-4c8d-8d03-61f6243b398f,162398d4-b2ea-4674-83d4-2c1d851a521a,1
d52caebc-c671-4fb5-91f1-01491063aabb,0fb9ae1a-92cb-4ab8-a589-470c16d4fe21,1
7fe41d3c-1154-490e-b878-2d41df39b9bf,9087fe9a-1dd4-49a1-98b4-8a8c659eb64f,1
7fe41d3c-1154-490e-b878-2d41df39b9bf,3aa31f0e-b807-45fe-88ab-209e006f1c78,1
7fe41d3c-1154-490e-b878-2d41df39b9bf,a01bd054-65f7-4433-b852-6c8f926a4da0,1
7fe41d3c-1154-490e-b878-2d41df39b9bf,a2aacf9c-c06b-49ac-b196-0eb22fbc6e84,1
7fe41d3c-1154-490e-b878-2d41df39b9bf,4b901b6b-f131-49f7-ba8b-2e3b7bfd4ea6,1
7fe41d3c-1154-490e-b878-2d41df39b9bf,a5841caf-afe2-4f98-bb68-bd4899e8c9cb,1
7fe41d3c-1154-490e-b878-2d41df39b9bf,cfb7d12a-0942-468a-9fdd-0399029e196f,1
bf6724d7-4a65-44df-ab3c-f8e85043cb87,254757be-69ef-4a6c-a4c1-1432815d7522,1
bf6724d7-4a65-44df-ab3c-f8e85043cb87,2c54f4d6-5712-4e5a-a025-b7f7a396c39b,1
ef5c4c4c-ae63-4fbc-bbf7-4e5ad92664c8,15914c77-fe9b-4853-9c74-aa64d2e79b56,1
39b4c5a7-caf2-49d2-b66d-4e78385ed364,98908792-f315-4834-9b5e-20fed66cbe5a,1
39b4c5a7-caf2-49d2-b66d-4e78385ed364,28a7419c-f432-4e1a-b0a6-aa9e71968a14,1
9ecf5959-2009-479c-90d8-c86457f6bb9b,71edef44-9d6c-4042-ab71-7207dc930ba7,1
bc751a5b-385a-4ef8-a0c6-5937c4139066,2c54f4d6-5712-4e5a-a025-b7f7a396c39b,1
705a21fd-e60c-4b01-a1bf-4a07caafc28e,16c7fa5b-e2ac-4558-b76c-506766d3949d,1
705a21fd-e60c-4b01-a1bf-4a07caafc28e,146384fc-3f64-4482-a78a-2f082411a27d,1
705a21fd-e60c-4b01-a1bf-4a07caafc28e,3ff63cf5-8d04-4be5-9449-96411ae9fc36,1
705a21fd-e60c-4b01-a1bf-4a07caafc28e,45d684ca-6ad7-4c5e-a721-64aa31795824,1
705a21fd-e60c-4b01-a1bf-4a07caafc28e,72fbf32e-c8c3-4914-92a1-66dc2439a114,1
705a21fd-e60c-4b01-a1bf-4a07caafc28e,6f412521-2e9b-44b1-a3e4-8f1358caef63,1
e67ed21a-34d2-42bb-99e4-eb7f462d4008,2c54f4d6-5712-4e5a-a025-b7f7a396c39b,1
055df4ba-6fa6-40f0-b681-49b26d9af313,7c6e9dbf-487b-4146-a379-19e46642c392,1
055df4ba-6fa6-40f0-b681-49b26d9af313,3e62e13e-3955-494a-91b3-f00ab9e84b48,1
055df4ba-6fa6-40f0-b681-49b26d9af313,5d642d09-8e03-4200-a79b-2a397a6d5d51,1
055df4ba-6fa6-40f0-b681-49b26d9af313,97ef14eb-f280-48a7-96c0-df03859b06c2,1
055df4ba-6fa6-40f0-b681-49b26d9af313,2ed52078-7e55-40ea-8036-0d89118a06f4,1
3dee85e4-d235-4fe9-9412-7f6e66b67cda,2c54f4d6-5712-4e5a-a025-b7f7a396c39b,1
bd836e2c-70ac-44cc-8240-e93aa8ea676c,cfba4373-a654-3e0b-80f8-348738169f95,1
d594d8bd-ed6f-4926-93fd-3c7c77ef2aa3,2ee6b8bf-6292-413c-bb8b-bd22dbb2ad4b,1
d594d8bd-ed6f-4926-93fd-3c7c77ef2aa3,aa8876c7-9711-4969-b428-34400f2d0dbe,1
d594d8bd-ed6f-4926-93fd-3c7c77ef2aa3,6858b208-62bc-424e-9d7b-c89b74d3d3e3,1
d594d8bd-ed6f-4926-93fd-3c7c77ef2aa3,8a528b7f-98af-4893-af73-5d5f26d3aa7c,1
d594d8bd-ed6f-4926-93fd-3c7c77ef2aa3,455cf48c-cdee-4721-a0ed-cd38af7aff0f,1
d594d8bd-ed6f-4926-93fd-3c7c77ef2aa3,4315e096-f51e-4b56-8235-57be9789a62c,1
de9b4120-ef6a-440a-ac62-d9605d890fed,aa8876c7-9711-4969-b428-34400f2d0dbe,1
de9b4120-ef6a-440a-ac62-d9605d890fed,2ee6b8bf-6292-413c-bb8b-bd22dbb2ad4b,1
de9b4120-ef6a-440a-ac62-d9605d890fed,6858b208-62bc-424e-9d7b-c89b74d3d3e3,1
de9b4120-ef6a-440a-ac62-d9605d890fed,4315e096-f51e-4b56-8235-57be9789a62c,1
a9d8a419-eb44-4d95-b0ce-cc76c6c10727,3ae40a5c-88ce-4cfe-8fa1-f64d97c47bd4,1
a9d8a419-eb44-4d95-b0ce-cc76c6c10727,d61ed212-9915-4018-a350-caecfda3e0c6,1
a9d8a419-eb44-4d95-b0ce-cc76c6c10727,a16d2431-eeec-4e76-8280-b1ac7b4082ff,1
98fafb76-bb41-44ab-9ca2-5f1f8c2aff96,cfba4373-a654-3e0b-80f8-348738169f95,1
5ab3df46-2b2e-4e94-8590-4a54ee250a6e,2c54f4d6-5712-4e5a-a025-b7f7a396c39b,1
5ab3df46-2b2e-4e94-8590-4a54ee250a6e,945a3f8f-90e5-4761-9c6e-92f7391cc93a,1
5ab3df46-2b2e-4e94-8590-4a54ee250a6e,51bdc6dc-25ae-41de-b8f3-938f9056af62,1
d280e661-b9fa-4f3c-bd7b-e56833f68088,71ef28d3-58a4-4087-8b31-c192792beb0e,1
0f0b934c-c0ac-48f9-b35e-602c17b53bc9,1f4a62eb-6f1a-4bfe-b7cd-e6dede0be00a,1
e12fe750-b939-448b-85a3-536ae8e58192,fa499042-c486-42a0-973a-7211490c1764,1
e12fe750-b939-448b-85a3-536ae8e58192,2c54f4d6-5712-4e5a-a025-b7f7a396c39b,1
b8eef34a-6b88-4e6a-a233-fe070fa3799a,4ad92103-b0cf-458d-849d-6d70ac5891fd,1
b8eef34a-6b88-4e6a-a233-fe070fa3799a,16a3da6a-d3d0-4dd7-99c5-27ab3202a939,1
b8eef34a-6b88-4e6a-a233-fe070fa3799a,02eb8854-42a2-44cc-b8f1-abd5cfbd00c9,1
8ad7dacd-b977-4ead-b6c2-19c030ec5964,2c54f4d6-5712-4e5a-a025-b7f7a396c39b,1
bb1191f5-427f-483a-b060-c0c2eff08363,4b71eb3d-7d55-4967-b80d-91a3f220b60c,1
bb1191f5-427f-483a-b060-c0c2eff08363,7e0d1134-ccfb-3255-a539-e086d1d7aa29,1
5146c105-4089-44c7-a7b5-1fc351c1c4a8,1f4a62eb-6f1a-4bfe-b7cd-e6dede0be00a,1
871224fc-330b-4e06-bea0-8daebb5b4b10,2c54f4d6-5712-4e5a-a025-b7f7a396c39b,1
77197743-2ceb-44f0-814e-a48803d8c447,9a78b016-2cb4-4be3-aecd-60ff99b4f356,1
77197743-2ceb-44f0-814e-a48803d8c447,e2e7100e-7094-48cf-9d6d-146a52c8dd8b,1
77197743-2ceb-44f0-814e-a48803d8c447,b04b81d6-eba4-4ec3-b35d-130df9fd716b,1
fb402e2d-1e9e-4bdc-b269-c8a305bb5776,9100472e-bf26-49e2-90df-64c436521157,1
e424f432-0587-4e2e-a7e9-7cbe78659e60,e40e3b00-1a98-4338-acb7-42547e6fee55,1
6118504d-37a6-4eaa-bc8a-d048f814511a,3179c5b2-9bb5-4a7f-a573-5491ccb0110b,1
93e654a2-8748-4f29-8483-ab37a1322255,3765ed62-0f9d-49ad-83b0-1405ed833108,1
93e654a2-8748-4f29-8483-ab37a1322255,ef8e980b-9644-45d8-b0e9-c6aaf0eff0c0,1
93e654a2-8748-4f29-8483-ab37a1322255,4b71eb3d-7d55-4967-b80d-91a3f220b60c,1
93e654a2-8748-4f29-8483-ab37a1322255,2f6649b6-2b2d-49a9-ab31-6c7e43728001,1
93e654a2-8748-4f29-8483-ab37a1322255,846448a5-a26e-4297-ac08-ad7040af20f1,1
7b14435a-bee1-4e96-b11b-81406fab75bb,e5cca30b-299f-496b-8162-919dca91d94e,1
7b14435a-bee1-4e96-b11b-81406fab75bb,919d40b2-031f-430e-bf6c-4183f6dc8b64,1
7b14435a-bee1-4e96-b11b-81406fab75bb,ab4a73b6-1c2d-42e1-b4d9-049e04889cf0,1
4166cc23-eae0-49b2-88fe-7b79868f131b,54171a40-1cfd-11e2-892e-0800200c9a66,1
c8677233-a19b-471f-99a7-a51f19ddbd21,b01585af-110f-4f87-9bf1-06805605926c,1
1c4de155-4d97-4207-8a18-b254d011f9dd,b01585af-110f-4f87-9bf1-06805605926c,1
7170e71b-da13-45b4-838e-7274f964006e,71084c02-973d-4544-b804-7ed82bd53027,1
2257dfb0-d8a6-46b2-a752-41cb3dc882d7,2c54f4d6-5712-4e5a-a025-b7f7a396c39b,1
2257dfb0-d8a6-46b2-a752-41cb3dc882d7,45a55c97-2122-42a6-823d-f374f1a8bd48,1
2257dfb0-d8a6-46b2-a752-41cb3dc882d7,c91a4635-8b7d-43fe-9b27-d95dec8392a7,1
d0a2a264-e452-425f-9b90-9adc6a6f41d3,b01585af-110f-4f87-9bf1-06805605926c,1
b8543991-a276-4bfa-be73-0228340ffc56,2c54f4d6-5712-4e5a-a025-b7f7a396c39b,1
508bce23-2e67-4378-b37b-588e2ec57e28,fc52bf4c-af53-4896-8276-f778f221b20b,1
6f0c7a0e-ba6c-4eb7-b0c1-2b499d03c1ac,2c54f4d6-5712-4e5a-a025-b7f7a396c39b,1
17e2f683-9146-49b5-9996-56c3f2b850c3,8e454ce2-435e-4352-962b-1bf4e4303301,1
28337e42-afe8-4ecc-92c3-2a955f1a4f4d,a4686c70-aefd-4db5-8c4d-412e162722bc,1
3191356b-d258-46b8-b12d-32e37dd77d96,716d89ce-b0da-4158-abb6-72f562206b37,1
3191356b-d258-46b8-b12d-32e37dd77d96,898afe8c-0297-45d6-b4b5-0cb9e632094b,1
3191356b-d258-46b8-b12d-32e37dd77d96,2ed52078-7e55-40ea-8036-0d89118a06f4,1
3191356b-d258-46b8-b12d-32e37dd77d96,71084c02-973d-4544-b804-7ed82bd53027,1
3191356b-d258-46b8-b12d-32e37dd77d96,2adc5a86-faa3-4b63-acff-a66128b811b7,1
3191356b-d258-46b8-b12d-32e37dd77d96,96196887-5a20-4e93-a302-72f306f32c9d,1
3191356b-d258-46b8-b12d-32e37dd77d96,bd8b518b-d812-46f9-b367-4c1b660cfc99,1
3191356b-d258-46b8-b12d-32e37dd77d96,aac2629e-495d-4468-9c8b-cd9649bd7b5d,1
3191356b-d258-46b8-b12d-32e37dd77d96,fc725989-5c3e-4bf4-89b1-68caeec4d858,1
3191356b-d258-46b8-b12d-32e37dd77d96,6f412521-2e9b-44b1-a3e4-8f1358caef63,1
3191356b-d258-46b8-b12d-32e37dd77d96,87f121a7-eef0-4be9-9372-a5efe5b4d375,1
7e179b2d-cbb8-4dbc-8172-2e244cbea5e8,33078dd6-05e0-4263-a464-f35bd1607ecd,1
7e179b2d-cbb8-4dbc-8172-2e244cbea5e8,bbd8ee1b-76a1-451f-88ef-84e9c7a1faaf,1
f5503566-7395-495f-91ff-543a1c0efb39,58a2e0c0-1cf9-11e2-892e-0800200c9a66,1
b2469863-36cd-487d-b240-374a36f6431f,58a2e0c0-1cf9-11e2-892e-0800200c9a66,1
2f6e2695-6b1b-4d94-8033-3f25769c2f5b,31416a3d-5a44-4f78-8b2c-765a2738aacc,1
2f6e2695-6b1b-4d94-8033-3f25769c2f5b,da54b586-c25d-44b8-a786-c1d31e4b5cb2,1
2f6e2695-6b1b-4d94-8033-3f25769c2f5b,2c54f4d6-5712-4e5a-a025-b7f7a396c39b,1
787bab96-dc54-416b-8b4a-802758cb477e,146384fc-3f64-4482-a78a-2f082411a27d,1
c3c60e8f-ac01-41bf-8839-60adce88802f,2c54f4d6-5712-4e5a-a025-b7f7a396c39b,1
e8f5fd52-2f85-4e95-ba37-2c4dd2efca5f,2c54f4d6-5712-4e5a-a025-b7f7a396c39b,1
f46b7b07-ce85-45c6-b2f3-465824401aa1,e91bd464-be86-453c-b693-2ab818e11df2,1
7123974b-fe71-4c9d-8393-304c15aca9e8,09716341-2bea-4298-9525-e936d8247d19,1
7123974b-fe71-4c9d-8393-304c15aca9e8,3179c5b2-9bb5-4a7f-a573-5491ccb0110b,1
7123974b-fe71-4c9d-8393-304c15aca9e8,8becadda-124e-43f3-900e-f1ab685574e5,1
08da3f3b-9cb5-4993-a265-43e486ec8583,3ff63cf5-8d04-4be5-9449-96411ae9fc36,1
bf023a75-c99b-42ec-88fd-69cb9b7930e5,0fb9ae1a-92cb-4ab8-a589-470c16d4fe21,1
3a23400f-1b23-46de-9e54-9cb6fe8ad127,87fc82a0-0042-49c8-b6f9-2602cd3dc17a,1
fa695296-f6d6-4636-9b52-331c13b421db,cfba4373-a654-3e0b-80f8-348738169f95,1
a40e6b56-e37b-414a-9e61-e28f70888c50,bad388c1-e13f-484d-ba51-331a79537f5f,1
7cfb6d57-2703-4ab7-98d5-535b9583b078,51bdc6dc-25ae-41de-b8f3-938f9056af62,1
7cfb6d57-2703-4ab7-98d5-535b9583b078,254757be-69ef-4a6c-a4c1-1432815d7522,1
7cfb6d57-2703-4ab7-98d5-535b9583b078,2c54f4d6-5712-4e5a-a025-b7f7a396c39b,1
d18b15c2-2fbe-49bf-acf6-9bbd68603783,51bdc6dc-25ae-41de-b8f3-938f9056af62,1
d18b15c2-2fbe-49bf-acf6-9bbd68603783,35691b6c-9ed7-4517-b4b3-688b0569729a,1
91fea533-0121-499e-90e7-dbc391d61541,d88a1246-9684-480b-a480-ff63286b35b7,1
91fea533-0121-499e-90e7-dbc391d61541,254757be-69ef-4a6c-a4c1-1432815d7522,1
4648259d-d2e2-4a6b-8a63-084b32eeb473,2c54f4d6-5712-4e5a-a025-b7f7a396c39b,1
a4c09786-fcec-4c42-9ceb-e7a4b03c8703,f1f6f15d-2faa-4b62-b78b-80599dd1c66e,1
10ca6601-fb78-49ab-8a2f-0fbaa9cbb0a1,c91a4635-8b7d-43fe-9b27-d95dec8392a7,1
ec805295-3ce0-4057-9166-31bf2d3baddc,8e420764-a913-4eae-8514-9be858fdb9b3,1
4c64b08f-d015-47da-8df9-af76dff149cd,8160dafd-84e7-4540-b9f1-32e6ecff0409,1
bf70fc7f-68f8-4ea7-b4ff-83c075cb97a9,6772e22a-a364-47df-9cf7-0590fdde1757,1
a6989a41-fee5-421b-aa79-51793de1ffbd,98908792-f315-4834-9b5e-20fed66cbe5a,1
067f74a5-9460-40d7-842a-2450cb66755c,2c54f4d6-5712-4e5a-a025-b7f7a396c39b,1
de7fd69e-643f-40ed-8289-69c80985a446,2f6649b6-2b2d-49a9-ab31-6c7e43728001,1
de7fd69e-643f-40ed-8289-69c80985a446,52abfc2b-031c-4875-b838-653abbfccf4e,1
de7fd69e-643f-40ed-8289-69c80985a446,2c54f4d6-5712-4e5a-a025-b7f7a396c39b,1
de7fd69e-643f-40ed-8289-69c80985a446,2eb011e4-e899-4eee-885d-4b9da665033c,1
de7fd69e-643f-40ed-8289-69c80985a446,734a5746-bbda-4fc0-8eb3-52c6325ceb88,1
de7fd69e-643f-40ed-8289-69c80985a446,ef8e980b-9644-45d8-b0e9-c6aaf0eff0c0,1
de7fd69e-643f-40ed-8289-69c80985a446,7effe370-ce79-4286-b299-c5d851f546ff,1
eaa007ab-b9d9-43f9-946b-574b5a7825ed,2c54f4d6-5712-4e5a-a025-b7f7a396c39b,1
eaa007ab-b9d9-43f9-946b-574b5a7825ed,2eb011e4-e899-4eee-885d-4b9da665033c,1
514a6685-8d51-4f93-9ef1-94395dd39227,52abfc2b-031c-4875-b838-653abbfccf4e,1
98769f16-60c3-4b20-b70d-cabf2d3e3f77,7e8c895e-073f-4e39-bcc4-a509976f4120,1
3875b7d1-9085-48bd-a255-52da1d90bbb9,1780b0e8-297d-40c7-8341-6bba62087c53,1
3875b7d1-9085-48bd-a255-52da1d90bbb9,a25fb527-bff2-4701-ade5-b47018bf31d2,1
3875b7d1-9085-48bd-a255-52da1d90bbb9,27161877-c998-486d-8431-bfe2b98b01b6,1
3875b7d1-9085-48bd-a255-52da1d90bbb9,786d5be0-47ea-4c64-8299-2ee28b1ddfef,1
3875b7d1-9085-48bd-a255-52da1d90bbb9,de000cc7-d480-4384-a056-a90362fab95d,1
3875b7d1-9085-48bd-a255-52da1d90bbb9,1929d4af-542d-4884-94cd-bff95e537ebd,1
9b773665-f50f-4272-9a40-a4966cec8f13,15d6ede8-f128-4fcd-aa3a-4479e828f477,1
947e0cb7-c71e-4515-9471-c02ab884b097,c8218f47-8ef6-43c6-9f86-3125e317f60e,1
947e0cb7-c71e-4515-9471-c02ab884b097,8dfe02c3-c8b6-4c0e-84ec-7dad6be0b673,1
947e0cb7-c71e-4515-9471-c02ab884b097,e2e7100e-7094-48cf-9d6d-146a52c8dd8b,1
947e0cb7-c71e-4515-9471-c02ab884b097,941cd994-a89e-45da-a208-5b9cc5e7e0e6,1
947e0cb7-c71e-4515-9471-c02ab884b097,44720e90-c2de-497b-8162-3810206dd011,1
947e0cb7-c71e-4515-9471-c02ab884b097,41760df5-1ebf-424c-8251-ea0466bc2ee5,1
c0b86191-1296-4ad9-a95b-e0dd6a6cfd72,32b03b8c-e860-4416-a433-fab84cb935a6,1
c0b86191-1296-4ad9-a95b-e0dd6a6cfd72,a73c5b74-a9c9-4caa-a796-e4c832645614,1
c0b86191-1296-4ad9-a95b-e0dd6a6cfd72,c1ba372b-dba2-4bce-b72e-b5c832eaaf44,1
c0b86191-1296-4ad9-a95b-e0dd6a6cfd72,3e62e13e-3955-494a-91b3-f00ab9e84b48,1
c0b86191-1296-4ad9-a95b-e0dd6a6cfd72,716d89ce-b0da-4158-abb6-72f562206b37,1
c0b86191-1296-4ad9-a95b-e0dd6a6cfd72,87f121a7-eef0-4be9-9372-a5efe5b4d375,1
c0b86191-1296-4ad9-a95b-e0dd6a6cfd72,fc725989-5c3e-4bf4-89b1-68caeec4d858,1
c0b86191-1296-4ad9-a95b-e0dd6a6cfd72,2adc5a86-faa3-4b63-acff-a66128b811b7,1
c0b86191-1296-4ad9-a95b-e0dd6a6cfd72,17f04f16-1c02-4f94-90e3-e27e92535a83,1
c0b86191-1296-4ad9-a95b-e0dd6a6cfd72,0adc90c9-ac6b-47ef-aa83-b7780594720c,1
7131ae60-5485-4d19-bd99-6c60608228ee,78b906a0-1e2e-4176-9a74-6be3587fde6d,1
eaacf22e-a6fa-4167-a8d8-a76c8589a5df,2c54f4d6-5712-4e5a-a025-b7f7a396c39b,1
7f516ed3-d593-47fa-a88f-2a9f5c24d7fc,354f9aa0-2f0a-4cdf-9b60-d023da93cc76,1
7f516ed3-d593-47fa-a88f-2a9f5c24d7fc,36a8b9e9-909e-4605-a7ba-686ee3e1b8bf,1
7f516ed3-d593-47fa-a88f-2a9f5c24d7fc,f1f6f15d-2faa-4b62-b78b-80599dd1c66e,1
7f516ed3-d593-47fa-a88f-2a9f5c24d7fc,c1ba372b-dba2-4bce-b72e-b5c832eaaf44,1
7f516ed3-d593-47fa-a88f-2a9f5c24d7fc,9b40a0af-a6fe-47ff-9624-2ea8f40c746f,1
7f516ed3-d593-47fa-a88f-2a9f5c24d7fc,2ee6b8bf-6292-413c-bb8b-bd22dbb2ad4b,1
28288013-60b7-4e81-aa41-e99a3a1f7138,c91a4635-8b7d-43fe-9b27-d95dec8392a7,1
fdba9f4f-4685-4068-8cc6-edf2ce741c1e,254757be-69ef-4a6c-a4c1-1432815d7522,1
3eaf6811-dc6e-439f-a9dc-20f96e9fa5d4,0fb9ae1a-92cb-4ab8-a589-470c16d4fe21,1
1be9008d-f21b-4a67-ab6c-8d33a10a65cd,3fefc838-791d-4dde-975b-a4131a54e7c5,1
b2c04bdd-10ac-4f4e-8d0a-f84719e56a75,3fefc838-791d-4dde-975b-a4131a54e7c5,1
9d830f59-3fa9-40f4-9047-f3867a359a4f,2c54f4d6-5712-4e5a-a025-b7f7a396c39b,1
670d5a69-6f25-465c-8b68-15cda50efbc4,21fca925-12ac-4215-ba1a-a9c73cb3b082,1
670d5a69-6f25-465c-8b68-15cda50efbc4,9c203fec-dc0d-412c-a7a3-7fd77d0346f1,1
ca1cf8f9-e887-4566-98f0-2d95562a5f81,3fefc838-791d-4dde-975b-a4131a54e7c5,1
ea86ddda-75f2-4bcd-a0c5-00d289213459,d88a1246-9684-480b-a480-ff63286b35b7,1
ea86ddda-75f2-4bcd-a0c5-00d289213459,35691b6c-9ed7-4517-b4b3-688b0569729a,1
eca79b74-4672-4b62-b3c0-e0f937b44605,2f5baa1f-208c-42c2-8d04-9ea74aa1b229,1
b622f0b3-9a3f-496e-9e39-359f5b2f827f,f36e3404-c711-4f35-8312-757d6a6691f2,1
72d1ef14-b4dd-49d3-a579-3609778a4b0c,d0145df8-7f6d-46e1-9bc6-ee7897054104,1
701bb6a1-6e1e-4c38-8927-d66fc9c755ed,2c54f4d6-5712-4e5a-a025-b7f7a396c39b,1
8de77074-8024-4b5f-8b95-2e8b4912e7d5,146384fc-3f64-4482-a78a-2f082411a27d,1
8de77074-8024-4b5f-8b95-2e8b4912e7d5,2ed52078-7e55-40ea-8036-0d89118a06f4,1
8de77074-8024-4b5f-8b95-2e8b4912e7d5,b01585af-110f-4f87-9bf1-06805605926c,1
8de77074-8024-4b5f-8b95-2e8b4912e7d5,354f9aa0-2f0a-4cdf-9b60-d023da93cc76,1
ae7413c5-1ce0-4d6d-87c9-50b317723c45,d230c9e8-745a-4da3-a3b4-86842591d9f0,1
ae7413c5-1ce0-4d6d-87c9-50b317723c45,4532a95c-95e8-44da-9bac-9d56e8ab39c2,1
967b7bb8-2672-43ae-bdaf-779e754f6d46,f2bb4f42-2c40-4c9d-890b-c2b3061bfe5a,1
967b7bb8-2672-43ae-bdaf-779e754f6d46,d9ae1245-158e-4d79-86a4-2d9b3defbedc,1
ae8cf9cd-84be-425a-9715-c0f2de16f2bc,ba4b775e-6073-402d-9210-509125f6c5a3,1
ae8cf9cd-84be-425a-9715-c0f2de16f2bc,e454bf6a-3321-4a86-998a-af61123eb056,1
e73d8f37-89fb-4a19-a6e9-55f612a441ca,45d684ca-6ad7-4c5e-a721-64aa31795824,1
e73d8f37-89fb-4a19-a6e9-55f612a441ca,b01585af-110f-4f87-9bf1-06805605926c,1
1c947fa8-f7c7-44d1-a93a-8cb012d14d06,c91a4635-8b7d-43fe-9b27-d95dec8392a7,1
1c947fa8-f7c7-44d1-a93a-8cb012d14d06,f660cf3f-afa9-4816-aafb-0098a36ca57d,1
5090db44-e1c4-49b8-9805-29828b821239,254757be-69ef-4a6c-a4c1-1432815d7522,1
5090db44-e1c4-49b8-9805-29828b821239,2c54f4d6-5712-4e5a-a025-b7f7a396c39b,1
5c3ada09-1b54-451e-9421-46efa6cd8598,3ff63cf5-8d04-4be5-9449-96411ae9fc36,1
960d02b7-05c7-4a71-bc65-6d16eb83591a,2ed52078-7e55-40ea-8036-0d89118a06f4,1
960d02b7-05c7-4a71-bc65-6d16eb83591a,3ff63cf5-8d04-4be5-9449-96411ae9fc36,1
960d02b7-05c7-4a71-bc65-6d16eb83591a,7fcf7f09-12d7-4b06-a183-93c51f940670,1
960d02b7-05c7-4a71-bc65-6d16eb83591a,a42cbe4f-89f0-42ae-a34d-f2e5db6aa1d2,1
960d02b7-05c7-4a71-bc65-6d16eb83591a,de64ade8-5025-40f9-a2e0-15b72797e6a7,1
960d02b7-05c7-4a71-bc65-6d16eb83591a,c6fc4688-1aca-4363-bd1a-8d14ea08d2f8,1
960d02b7-05c7-4a71-bc65-6d16eb83591a,f7bd721a-1f72-4bef-a38c-792f59cc8fe3,1
960d02b7-05c7-4a71-bc65-6d16eb83591a,45d684ca-6ad7-4c5e-a721-64aa31795824,1
960d02b7-05c7-4a71-bc65-6d16eb83591a,383408d4-89b8-42df-af53-5c89f91e0cc7,1
960d02b7-05c7-4a71-bc65-6d16eb83591a,354f9aa0-2f0a-4cdf-9b60-d023da93cc76,1
960d02b7-05c7-4a71-bc65-6d16eb83591a,97ef14eb-f280-48a7-96c0-df03859b06c2,1
960d02b7-05c7-4a71-bc65-6d16eb83591a,7c6e9dbf-487b-4146-a379-19e46642c392,1
960d02b7-05c7-4a71-bc65-6d16eb83591a,f4e80988-c139-4953-8176-b3d6d03f6449,1
960d02b7-05c7-4a71-bc65-6d16eb83591a,6f412521-2e9b-44b1-a3e4-8f1358caef63,1
960d02b7-05c7-4a71-bc65-6d16eb83591a,2adc5a86-faa3-4b63-acff-a66128b811b7,1
960d02b7-05c7-4a71-bc65-6d16eb83591a,21fca925-12ac-4215-ba1a-a9c73cb3b082,1
960d02b7-05c7-4a71-bc65-6d16eb83591a,aab0a0be-89e6-442e-8cf9-e762bd18f76b,1
960d02b7-05c7-4a71-bc65-6d16eb83591a,146384fc-3f64-4482-a78a-2f082411a27d,1
960d02b7-05c7-4a71-bc65-6d16eb83591a,be2e0197-57b8-4fcf-a144-cb33f7466f3a,1
960d02b7-05c7-4a71-bc65-6d16eb83591a,898afe8c-0297-45d6-b4b5-0cb9e632094b,1
327dcf83-a737-44dd-a0b6-f3dc2b449d07,2c54f4d6-5712-4e5a-a025-b7f7a396c39b,1
ae8d0790-fb6e-46e9-bcbe-984766810e09,eadb9328-97cb-4cac-b885-032f26f349cc,1
c2b5576b-0729-40f8-91b9-e449c3f84a7f,2c54f4d6-5712-4e5a-a025-b7f7a396c39b,1
f741adce-a789-4e7e-93a8-f80bd3ffe2bf,ea26a2de-5d6b-4a2d-ba1f-4956f0ff8a40,1
83d905be-56ed-45d5-ba74-65bc9d709444,7effe370-ce79-4286-b299-c5d851f546ff,1
7952e50f-2527-4085-b727-61095417682a,b2068d46-de7f-4a22-a563-4dea59b1e6f2,1
fe3afed8-ae00-45c5-8600-53c5c6b51874,b2068d46-de7f-4a22-a563-4dea59b1e6f2,1
8fe5fc5b-818e-41cb-ae7c-4ce77665ea05,b694010f-992a-4d8e-b4ab-b20d0f037ff0,1
072240da-7374-4f93-ac7a-c1e74c3febd8,1039ed7e-97fb-435f-b6cc-f6a105ba5e09,1
ab667a21-2380-4188-9f05-170f2e4fe62b,28a7419c-f432-4e1a-b0a6-aa9e71968a14,1
34e31917-f5bf-44f5-abe0-eb0cbacae9fa,98908792-f315-4834-9b5e-20fed66cbe5a,1
34e31917-f5bf-44f5-abe0-eb0cbacae9fa,28a7419c-f432-4e1a-b0a6-aa9e71968a14,1
404acacd-d09b-4c66-ac31-8479d9dd4fc4,2c54f4d6-5712-4e5a-a025-b7f7a396c39b,1
24d2e0f6-b8fe-4622-99ef-266c499763a2,586e08a5-1ca6-400b-b2e2-dfd8fd3f429d,1
ebe8d395-ce44-48a5-8833-14c5635543cf,ac478f32-3e3b-4c04-bc7d-aa75069b6367,1
ebe8d395-ce44-48a5-8833-14c5635543cf,5ea10ba1-3577-407a-893b-175247a9bf4a,1
ebe8d395-ce44-48a5-8833-14c5635543cf,43839325-6125-4d5e-9fd7-d3e6ed6a2401,1
ebe8d395-ce44-48a5-8833-14c5635543cf,b411c576-e81b-490b-9c5b-8ef36f4f542d,1
ebe8d395-ce44-48a5-8833-14c5635543cf,c5e36bed-6c29-41bf-89e1-79ded8aae72d,1
ebe8d395-ce44-48a5-8833-14c5635543cf,ac4c2ac5-6be4-4471-bbf4-f09228f5db04,1
ebe8d395-ce44-48a5-8833-14c5635543cf,e57d4a00-fc78-4e48-a110-ae3951b5c031,1
ebe8d395-ce44-48a5-8833-14c5635543cf,da8fc842-d9cd-4a8b-9dcf-642ebdbc9049,1
ebe8d395-ce44-48a5-8833-14c5635543cf,9886476f-9c2f-46c8-bf37-06870d1e7338,1
ebe8d395-ce44-48a5-8833-14c5635543cf,eec2fb76-3b7b-4f64-a8d1-2f9778a57adb,1
ebe8d395-ce44-48a5-8833-14c5635543cf,88bf0348-80c8-4b62-a3d1-45a0cedb802d,1
ebe8d395-ce44-48a5-8833-14c5635543cf,dfa46500-3e09-440b-81c5-77b77ca4f40a,1
ebe8d395-ce44-48a5-8833-14c5635543cf,98efb700-353d-49fb-bdca-0f7081b36140,1
ebe8d395-ce44-48a5-8833-14c5635543cf,4f5a37d7-6055-40b6-9cdd-de55a9ab5248,1
ebe8d395-ce44-48a5-8833-14c5635543cf,2ee6b8bf-6292-413c-bb8b-bd22dbb2ad4b,1
ebe8d395-ce44-48a5-8833-14c5635543cf,af63a0a0-0f6b-4534-92d3-63902fb91b03,1
ebe8d395-ce44-48a5-8833-14c5635543cf,371f7f97-e7ad-4335-a4f9-0d1ca4daa1ec,1
ebe8d395-ce44-48a5-8833-14c5635543cf,d025f670-5719-417e-8750-07b9178e7d92,1
ebe8d395-ce44-48a5-8833-14c5635543cf,a766b57e-aefd-41c7-957f-2de3c233d5b8,1
ebe8d395-ce44-48a5-8833-14c5635543cf,cef007c8-5836-47a4-b45a-60eb587db17e,1
5a473b37-90ff-46ff-ad78-8cefac12b884,846448a5-a26e-4297-ac08-ad7040af20f1,1
8b97400b-d327-45fa-8d38-88636d8dccfd,8d482810-26da-4bbc-8599-6b1fd1ab8743,1
7dba082e-96e0-4816-8d85-964b27777446,ad122534-f82a-438b-835e-d1fb1341bff7,1
7dba082e-96e0-4816-8d85-964b27777446,aee4c9b5-8c7f-4248-b909-3335d93ac08a,1
473f9ed0-8bc4-4b6e-bd9a-9791dfb0bbb1,c223b93a-2634-4f06-ac73-8709b9e16888,1
b7c86231-17e2-4e0b-bd56-0120df2fbd08,6f412521-2e9b-44b1-a3e4-8f1358caef63,1
b7c86231-17e2-4e0b-bd56-0120df2fbd08,2adc5a86-faa3-4b63-acff-a66128b811b7,1
b7c86231-17e2-4e0b-bd56-0120df2fbd08,383408d4-89b8-42df-af53-5c89f91e0cc7,1
b7c86231-17e2-4e0b-bd56-0120df2fbd08,c6fc4688-1aca-4363-bd1a-8d14ea08d2f8,1
b7c86231-17e2-4e0b-bd56-0120df2fbd08,7fcf7f09-12d7-4b06-a183-93c51f940670,1
b7c86231-17e2-4e0b-bd56-0120df2fbd08,6858b208-62bc-424e-9d7b-c89b74d3d3e3,1
b7c86231-17e2-4e0b-bd56-0120df2fbd08,72fbf32e-c8c3-4914-92a1-66dc2439a114,1
b7c86231-17e2-4e0b-bd56-0120df2fbd08,5982a27f-28a4-4f40-a1cc-5cb650400c50,1
b7c86231-17e2-4e0b-bd56-0120df2fbd08,98908792-f315-4834-9b5e-20fed66cbe5a,1
b7c86231-17e2-4e0b-bd56-0120df2fbd08,4315e096-f51e-4b56-8235-57be9789a62c,1
b7c86231-17e2-4e0b-bd56-0120df2fbd08,54fc7750-8540-4c22-8d46-9a6a2641c41a,1
b7c86231-17e2-4e0b-bd56-0120df2fbd08,8d482810-26da-4bbc-8599-6b1fd1ab8743,1
b7c86231-17e2-4e0b-bd56-0120df2fbd08,fc725989-5c3e-4bf4-89b1-68caeec4d858,1
b7c86231-17e2-4e0b-bd56-0120df2fbd08,3ff63cf5-8d04-4be5-9449-96411ae9fc36,1
b7c86231-17e2-4e0b-bd56-0120df2fbd08,21fca925-12ac-4215-ba1a-a9c73cb3b082,1
b7c86231-17e2-4e0b-bd56-0120df2fbd08,45a55c97-2122-42a6-823d-f374f1a8bd48,1
b7c86231-17e2-4e0b-bd56-0120df2fbd08,7c6e9dbf-487b-4146-a379-19e46642c392,1
b7c86231-17e2-4e0b-bd56-0120df2fbd08,898afe8c-0297-45d6-b4b5-0cb9e632094b,1
b7c86231-17e2-4e0b-bd56-0120df2fbd08,332be1f6-5791-43ae-9e37-90cc48e75d24,1
b7c86231-17e2-4e0b-bd56-0120df2fbd08,f0335765-1ab0-4e94-ab38-f404de4c3b4d,1
b7c86231-17e2-4e0b-bd56-0120df2fbd08,716d89ce-b0da-4158-abb6-72f562206b37,1
b7c86231-17e2-4e0b-bd56-0120df2fbd08,96196887-5a20-4e93-a302-72f306f32c9d,1
b7c86231-17e2-4e0b-bd56-0120df2fbd08,71a6ca86-228a-4b57-b1bc-c3b887dd009e,1
b7c86231-17e2-4e0b-bd56-0120df2fbd08,87f121a7-eef0-4be9-9372-a5efe5b4d375,1
b7c86231-17e2-4e0b-bd56-0120df2fbd08,8e420764-a913-4eae-8514-9be858fdb9b3,1
b7c86231-17e2-4e0b-bd56-0120df2fbd08,fc21780d-bbb0-4ec9-9cb2-8687fd28ebc2,1
b7c86231-17e2-4e0b-bd56-0120df2fbd08,2ee6b8bf-6292-413c-bb8b-bd22dbb2ad4b,1
b7c86231-17e2-4e0b-bd56-0120df2fbd08,aa8876c7-9711-4969-b428-34400f2d0dbe,1
b7c86231-17e2-4e0b-bd56-0120df2fbd08,2ed52078-7e55-40ea-8036-0d89118a06f4,1
b7c86231-17e2-4e0b-bd56-0120df2fbd08,5d642d09-8e03-4200-a79b-2a397a6d5d51,1
b7c86231-17e2-4e0b-bd56-0120df2fbd08,3e62e13e-3955-494a-91b3-f00ab9e84b48,1
b7c86231-17e2-4e0b-bd56-0120df2fbd08,02ad6e25-2698-405f-a37b-99745b1ac69c,1
b7c86231-17e2-4e0b-bd56-0120df2fbd08,e257875b-1424-4709-84e9-5ddd8c43ce41,1
b7c86231-17e2-4e0b-bd56-0120df2fbd08,711e4d67-8343-4bf1-90e8-de24738becf9,1
b7c86231-17e2-4e0b-bd56-0120df2fbd08,fa96d249-2f58-48ce-bb3f-bb18b447ffc8,1
b7c86231-17e2-4e0b-bd56-0120df2fbd08,47c7ffa9-65ba-41d1-9461-4e5458afd62e,1
b7c86231-17e2-4e0b-bd56-0120df2fbd08,f4e80988-c139-4953-8176-b3d6d03f6449,1
b7c86231-17e2-4e0b-bd56-0120df2fbd08,be2e0197-57b8-4fcf-a144-cb33f7466f3a,1
b7c86231-17e2-4e0b-bd56-0120df2fbd08,bd8b518b-d812-46f9-b367-4c1b660cfc99,1
b7c86231-17e2-4e0b-bd56-0120df2fbd08,e7065317-1d57-434a-8428-efa263ecc526,1
b7c86231-17e2-4e0b-bd56-0120df2fbd08,5983a1bb-62b6-4e26-afd0-dc234b34cf4b,1
b7c86231-17e2-4e0b-bd56-0120df2fbd08,97ef14eb-f280-48a7-96c0-df03859b06c2,1
b7c86231-17e2-4e0b-bd56-0120df2fbd08,d2c6f6f5-2236-4217-8361-3297b6369979,1
b7c86231-17e2-4e0b-bd56-0120df2fbd08,8a528b7f-98af-4893-af73-5d5f26d3aa7c,1
b7c86231-17e2-4e0b-bd56-0120df2fbd08,826d798e-01d1-48d3-973c-e0e466a63ca8,1
b7c86231-17e2-4e0b-bd56-0120df2fbd08,298e6b5a-21a8-4d56-9484-1bac58c94a26,1
b7c86231-17e2-4e0b-bd56-0120df2fbd08,2d0e9a21-fa5f-441d-948a-fe97a453a827,1
b7c86231-17e2-4e0b-bd56-0120df2fbd08,c1ba372b-dba2-4bce-b72e-b5c832eaaf44,1
b7c86231-17e2-4e0b-bd56-0120df2fbd08,a42cbe4f-89f0-42ae-a34d-f2e5db6aa1d2,1
b7c86231-17e2-4e0b-bd56-0120df2fbd08,ff1480b5-61f2-4008-aada-387c2c490549,1
b7c86231-17e2-4e0b-bd56-0120df2fbd08,770f9237-9a7f-45e4-9647-aacf35ddee06,1
b7c86231-17e2-4e0b-bd56-0120df2fbd08,aab0a0be-89e6-442e-8cf9-e762bd18f76b,1
b7c86231-17e2-4e0b-bd56-0120df2fbd08,22add642-d849-48ff-9913-8c7ba2d99b46,1
b7c86231-17e2-4e0b-bd56-0120df2fbd08,28a7419c-f432-4e1a-b0a6-aa9e71968a14,1
b7c86231-17e2-4e0b-bd56-0120df2fbd08,71084c02-973d-4544-b804-7ed82bd53027,1
020b688a-9393-4c81-8c92-c96e5bf2762b,2c54f4d6-5712-4e5a-a025-b7f7a396c39b,1
5f42e7e0-3baa-4718-90d1-bb39186d6822,2ee6b8bf-6292-413c-bb8b-bd22dbb2ad4b,1
93ccc0e9-9dc0-47f3-9b37-d524c7fd3be9,4312623f-2cdc-4a59-bea5-877310e6e48d,1
d10a9bde-6afb-4277-a235-7be9f7573f97,c91a4635-8b7d-43fe-9b27-d95dec8392a7,1
c1121b8e-fea3-4ef4-bc71-7f56fd2b50fc,785b29a3-ec82-4b5e-9085-cccba063a19c,1
c1121b8e-fea3-4ef4-bc71-7f56fd2b50fc,4b71eb3d-7d55-4967-b80d-91a3f220b60c,1
0aedeed6-a8bb-4a8d-87e2-541d0e54c971,86d88cae-ad97-4476-bae5-73488a12776d,1
0aedeed6-a8bb-4a8d-87e2-541d0e54c971,9586a616-48e4-46c8-b418-1432f2515407,1
0aedeed6-a8bb-4a8d-87e2-541d0e54c971,0adc90c9-ac6b-47ef-aa83-b7780594720c,1
0aedeed6-a8bb-4a8d-87e2-541d0e54c971,1ea3d3e8-fa07-4c37-af68-eb588d439de2,1
0aedeed6-a8bb-4a8d-87e2-541d0e54c971,a73c5b74-a9c9-4caa-a796-e4c832645614,1
0aedeed6-a8bb-4a8d-87e2-541d0e54c971,298e6b5a-21a8-4d56-9484-1bac58c94a26,1
0aedeed6-a8bb-4a8d-87e2-541d0e54c971,c1ba372b-dba2-4bce-b72e-b5c832eaaf44,1
8a220e95-6572-4484-9847-a60dacd7082b,bd8b518b-d812-46f9-b367-4c1b660cfc99,1
25e7398e-1b04-4fc3-b5aa-78c9a5e90fcc,f9426236-6f1a-4b31-99ab-3dfd71e4c3e9,1
25e7398e-1b04-4fc3-b5aa-78c9a5e90fcc,98d14207-6c69-492b-8627-6c329f4a0525,1
cb0d08b6-cfab-45d2-b8e2-6174d4ae0a05,817af5ea-4b9a-4706-8953-9a122be0166b,1
6c6bab17-43a2-404b-8926-f6f74f10cd79,2c54f4d6-5712-4e5a-a025-b7f7a396c39b,1
da9fe1f6-996d-4b93-af0a-3987e551fbf7,9c30d667-f069-4575-abb4-f99682a1bc30,1
2b7363be-d8ec-4cd8-a969-de84ea16ee5d,884c0d9f-f790-41c2-a2a5-351b7c434896,1
2b7363be-d8ec-4cd8-a969-de84ea16ee5d,d3c0a223-516b-4049-9370-22881a0428d8,1
2b7363be-d8ec-4cd8-a969-de84ea16ee5d,7562f659-398d-46d7-9167-7f9ccaa00263,1
73b3ef29-f654-4288-b991-30457ff2a6da,846448a5-a26e-4297-ac08-ad7040af20f1,1
73b3ef29-f654-4288-b991-30457ff2a6da,ef8e980b-9644-45d8-b0e9-c6aaf0eff0c0,1
eadfc04c-bb4a-4801-a3ba-0563922382e7,e2e7100e-7094-48cf-9d6d-146a52c8dd8b,1
baa53d7b-5cbb-4d9f-b147-d562fb7b35b8,cfba4373-a654-3e0b-80f8-348738169f95,1
24a7e3b9-cd52-4c0f-b7b2-993f64538eb2,0fb9ae1a-92cb-4ab8-a589-470c16d4fe21,1
24a7e3b9-cd52-4c0f-b7b2-993f64538eb2,ba564a55-f352-4c80-8329-c1856622383f,1
24a7e3b9-cd52-4c0f-b7b2-993f64538eb2,db5df31a-ae36-43ad-8e71-9691eb45411b,1
ed3b5362-b115-4074-8f35-8122f42bbb88,be2e0197-57b8-4fcf-a144-cb33f7466f3a,1
ed3b5362-b115-4074-8f35-8122f42bbb88,146384fc-3f64-4482-a78a-2f082411a27d,1
ed3b5362-b115-4074-8f35-8122f42bbb88,354f9aa0-2f0a-4cdf-9b60-d023da93cc76,1
ed3b5362-b115-4074-8f35-8122f42bbb88,2ed52078-7e55-40ea-8036-0d89118a06f4,1
9f902cd0-50a1-4cc8-bb66-d7542e732b7f,e34d45e3-070b-44e7-9a65-7c268fa79fc7,1
9f902cd0-50a1-4cc8-bb66-d7542e732b7f,a7bfaed4-c1df-4448-894b-8effdfaed52d,1
9f902cd0-50a1-4cc8-bb66-d7542e732b7f,f35b2a10-4d8b-40f3-9eb7-15d84c2f7f58,1
9f902cd0-50a1-4cc8-bb66-d7542e732b7f,d61ed212-9915-4018-a350-caecfda3e0c6,1
9f902cd0-50a1-4cc8-bb66-d7542e732b7f,b2068d46-de7f-4a22-a563-4dea59b1e6f2,1
9f902cd0-50a1-4cc8-bb66-d7542e732b7f,1ac8b693-987f-47bd-ac7b-f432b01a04a3,1
9f902cd0-50a1-4cc8-bb66-d7542e732b7f,f5afc0ab-3203-4384-9d00-03fced6fe7b4,1
9f902cd0-50a1-4cc8-bb66-d7542e732b7f,46825ece-d165-4b64-bea7-8964b8afdfe3,1
9f902cd0-50a1-4cc8-bb66-d7542e732b7f,b77d0b46-306c-46da-b26d-6e4dd718fde7,1
9f902cd0-50a1-4cc8-bb66-d7542e732b7f,8b3b3cdf-2be6-4f0b-8c86-f6be67e5b002,1
9f902cd0-50a1-4cc8-bb66-d7542e732b7f,d780bf4f-063e-4c21-bb28-62c8d1d79cdc,1
9f902cd0-50a1-4cc8-bb66-d7542e732b7f,c6bbfc6f-6700-40eb-9537-ab182075c8f8,1
9f902cd0-50a1-4cc8-bb66-d7542e732b7f,53b70911-67ee-459b-a573-130272275a91,1
c7c36e95-1f2b-4547-8711-03e1e6c37adb,f5afc0ab-3203-4384-9d00-03fced6fe7b4,1
c7c36e95-1f2b-4547-8711-03e1e6c37adb,8e454ce2-435e-4352-962b-1bf4e4303301,1
c7c36e95-1f2b-4547-8711-03e1e6c37adb,be2e0197-57b8-4fcf-a144-cb33f7466f3a,1
c7c36e95-1f2b-4547-8711-03e1e6c37adb,699a5a9a-348c-4a46-b99e-a23b59f27721,1
c7c36e95-1f2b-4547-8711-03e1e6c37adb,5e6175cd-dc44-4b32-a64a-1ac4239a6e4a,1
c7c36e95-1f2b-4547-8711-03e1e6c37adb,fc725989-5c3e-4bf4-89b1-68caeec4d858,1
c7c36e95-1f2b-4547-8711-03e1e6c37adb,898afe8c-0297-45d6-b4b5-0cb9e632094b,1
c7c36e95-1f2b-4547-8711-03e1e6c37adb,038920bb-8c40-4a30-8d0c-0a29bcd64751,1
c7c36e95-1f2b-4547-8711-03e1e6c37adb,bd8b518b-d812-46f9-b367-4c1b660cfc99,1
c7c36e95-1f2b-4547-8711-03e1e6c37adb,8b3b3cdf-2be6-4f0b-8c86-f6be67e5b002,1
c7c36e95-1f2b-4547-8711-03e1e6c37adb,e7065317-1d57-434a-8428-efa263ecc526,1
c7c36e95-1f2b-4547-8711-03e1e6c37adb,4315e096-f51e-4b56-8235-57be9789a62c,1
c7c36e95-1f2b-4547-8711-03e1e6c37adb,87f121a7-eef0-4be9-9372-a5efe5b4d375,1
c7c36e95-1f2b-4547-8711-03e1e6c37adb,de64ade8-5025-40f9-a2e0-15b72797e6a7,1
c7c36e95-1f2b-4547-8711-03e1e6c37adb,3ff63cf5-8d04-4be5-9449-96411ae9fc36,1
c7c36e95-1f2b-4547-8711-03e1e6c37adb,d2c6f6f5-2236-4217-8361-3297b6369979,1
c7c36e95-1f2b-4547-8711-03e1e6c37adb,826d798e-01d1-48d3-973c-e0e466a63ca8,1
c7c36e95-1f2b-4547-8711-03e1e6c37adb,2ed52078-7e55-40ea-8036-0d89118a06f4,1
c7c36e95-1f2b-4547-8711-03e1e6c37adb,d9321ccf-d303-4cfb-a24b-32aba49cef81,1
c7c36e95-1f2b-4547-8711-03e1e6c37adb,7035def0-a9df-430a-99ee-6e13de12676c,1
c7c36e95-1f2b-4547-8711-03e1e6c37adb,71084c02-973d-4544-b804-7ed82bd53027,1
c7c36e95-1f2b-4547-8711-03e1e6c37adb,21fca925-12ac-4215-ba1a-a9c73cb3b082,1
c7c36e95-1f2b-4547-8711-03e1e6c37adb,7fcf7f09-12d7-4b06-a183-93c51f940670,1
c7c36e95-1f2b-4547-8711-03e1e6c37adb,98908792-f315-4834-9b5e-20fed66cbe5a,1
c7c36e95-1f2b-4547-8711-03e1e6c37adb,47c7ffa9-65ba-41d1-9461-4e5458afd62e,1
c7c36e95-1f2b-4547-8711-03e1e6c37adb,c5cf2502-7572-4fd1-a836-48b335a2d47d,1
c7c36e95-1f2b-4547-8711-03e1e6c37adb,97ef14eb-f280-48a7-96c0-df03859b06c2,1
c7c36e95-1f2b-4547-8711-03e1e6c37adb,298e6b5a-21a8-4d56-9484-1bac58c94a26,1
c7c36e95-1f2b-4547-8711-03e1e6c37adb,3e62e13e-3955-494a-91b3-f00ab9e84b48,1
c7c36e95-1f2b-4547-8711-03e1e6c37adb,2adc5a86-faa3-4b63-acff-a66128b811b7,1
c7c36e95-1f2b-4547-8711-03e1e6c37adb,5d642d09-8e03-4200-a79b-2a397a6d5d51,1
c7c36e95-1f2b-4547-8711-03e1e6c37adb,28a7419c-f432-4e1a-b0a6-aa9e71968a14,1
c7c36e95-1f2b-4547-8711-03e1e6c37adb,8e420764-a913-4eae-8514-9be858fdb9b3,1
c7c36e95-1f2b-4547-8711-03e1e6c37adb,96196887-5a20-4e93-a302-72f306f32c9d,1
c7c36e95-1f2b-4547-8711-03e1e6c37adb,383408d4-89b8-42df-af53-5c89f91e0cc7,1
c7c36e95-1f2b-4547-8711-03e1e6c37adb,aac2629e-495d-4468-9c8b-cd9649bd7b5d,1
c7c36e95-1f2b-4547-8711-03e1e6c37adb,7c6e9dbf-487b-4146-a379-19e46642c392,1
c7c36e95-1f2b-4547-8711-03e1e6c37adb,c7e84d16-449e-4154-a1bd-603b4fae329e,1
c7c36e95-1f2b-4547-8711-03e1e6c37adb,716d89ce-b0da-4158-abb6-72f562206b37,1
c7c36e95-1f2b-4547-8711-03e1e6c37adb,146384fc-3f64-4482-a78a-2f082411a27d,1
c7c36e95-1f2b-4547-8711-03e1e6c37adb,8d482810-26da-4bbc-8599-6b1fd1ab8743,1
c7c36e95-1f2b-4547-8711-03e1e6c37adb,8a528b7f-98af-4893-af73-5d5f26d3aa7c,1
c7c36e95-1f2b-4547-8711-03e1e6c37adb,455cf48c-cdee-4721-a0ed-cd38af7aff0f,1
c7c36e95-1f2b-4547-8711-03e1e6c37adb,c1ba372b-dba2-4bce-b72e-b5c832eaaf44,1
c7c36e95-1f2b-4547-8711-03e1e6c37adb,12426052-8803-4deb-8c89-9e78785f7dd2,1
c7c36e95-1f2b-4547-8711-03e1e6c37adb,6f412521-2e9b-44b1-a3e4-8f1358caef63,1
c7c36e95-1f2b-4547-8711-03e1e6c37adb,54fc7750-8540-4c22-8d46-9a6a2641c41a,1
c7c36e95-1f2b-4547-8711-03e1e6c37adb,627a9226-a907-4018-89e3-878002a9d22b,1
c7c36e95-1f2b-4547-8711-03e1e6c37adb,a42cbe4f-89f0-42ae-a34d-f2e5db6aa1d2,1
c97b1453-8c31-4863-8e25-45739c398cb7,3179c5b2-9bb5-4a7f-a573-5491ccb0110b,1
c97b1453-8c31-4863-8e25-45739c398cb7,8becadda-124e-43f3-900e-f1ab685574e5,1
c97b1453-8c31-4863-8e25-45739c398cb7,09716341-2bea-4298-9525-e936d8247d19,1
7b8cc09e-8558-431a-a3e4-203d32a8632e,a73befc7-575f-48cb-8eb9-b05172a8c9e3,1
7b8cc09e-8558-431a-a3e4-203d32a8632e,254757be-69ef-4a6c-a4c1-1432815d7522,1
f7cea2f0-6ff3-455b-8587-f2eb2e77d7ce,4a2203cb-ed49-4e51-8f41-0bdfd821e9c3,1
584ec4b8-8bd6-4b9d-92f2-fffb0aff01eb,2ee6b8bf-6292-413c-bb8b-bd22dbb2ad4b,1
584ec4b8-8bd6-4b9d-92f2-fffb0aff01eb,e4079286-310c-435a-af2d-64604ba9ade5,1
584ec4b8-8bd6-4b9d-92f2-fffb0aff01eb,a5987f3c-3131-4e6e-b91c-fe0756e69926,1
97679bfa-9f28-44c3-9347-8df341502e0e,b88e514c-90a1-4d7b-a03a-0a556508d32c,1
97679bfa-9f28-44c3-9347-8df341502e0e,b694010f-992a-4d8e-b4ab-b20d0f037ff0,1
97679bfa-9f28-44c3-9347-8df341502e0e,a37143ec-34a0-4e5e-bee2-27a181fc07d1,1
97679bfa-9f28-44c3-9347-8df341502e0e,7cb3fb29-6b14-477b-a88b-a6a526b59b40,1
97679bfa-9f28-44c3-9347-8df341502e0e,6187d681-8945-4aaa-ae08-c31b5b7539d8,1
97679bfa-9f28-44c3-9347-8df341502e0e,d88a1246-9684-480b-a480-ff63286b35b7,1
3ab25c34-a561-4cfd-b571-072a14ca19db,0adc90c9-ac6b-47ef-aa83-b7780594720c,1
3ab25c34-a561-4cfd-b571-072a14ca19db,02ad6e25-2698-405f-a37b-99745b1ac69c,1
3ab25c34-a561-4cfd-b571-072a14ca19db,9ee0d2d2-6631-4d5e-a33a-ad0cb9874566,1
6897edfa-2c70-4d7f-9d5a-b7f61b7e87f1,e40e3b00-1a98-4338-acb7-42547e6fee55,1
d131455d-92c8-45a0-87bc-194e07668f6a,87f121a7-eef0-4be9-9372-a5efe5b4d375,1
70f9f996-e430-4801-a5cb-17cf40024ced,87f121a7-eef0-4be9-9372-a5efe5b4d375,1
06a1ab93-3b41-4563-ae6e-fe9f4c971e3b,78bd7b69-c1a7-456b-8698-fac3b24f7aa5,1
11361b19-cda5-45e1-9d25-ec3f2f8b36eb,146384fc-3f64-4482-a78a-2f082411a27d,1
ef8ee101-bcf0-41d9-9c8c-34d069122626,4030d796-0573-4305-86f2-b34e38a86a1d,1
48224762-30c0-4d3d-8201-026e236d4415,b01585af-110f-4f87-9bf1-06805605926c,1
e632c87c-e766-468a-9572-00f30d2b79fc,9c0a65e3-db8c-4784-98df-b856a9cd3576,1
e632c87c-e766-468a-9572-00f30d2b79fc,dfa2ff35-d2c4-4196-9989-a1bdbeabbfed,1
823747bd-2dc1-4828-919b-b8a242fefd71,b01585af-110f-4f87-9bf1-06805605926c,1
b759a178-143b-481c-abec-fefc5ad45ba7,8dfe02c3-c8b6-4c0e-84ec-7dad6be0b673,1
106d405b-3e41-4f96-bcdc-f8c3220341a6,3ff63cf5-8d04-4be5-9449-96411ae9fc36,1
4a468e1d-c31a-4d49-ab09-ebef53d85bd2,aa8876c7-9711-4969-b428-34400f2d0dbe,1
4a468e1d-c31a-4d49-ab09-ebef53d85bd2,6858b208-62bc-424e-9d7b-c89b74d3d3e3,1
4a468e1d-c31a-4d49-ab09-ebef53d85bd2,4111e2d8-1729-4953-899a-c55bc382857e,1
590e0f0b-e1f8-4ebf-b49e-87287a0feea3,6858b208-62bc-424e-9d7b-c89b74d3d3e3,1
590e0f0b-e1f8-4ebf-b49e-87287a0feea3,aa8876c7-9711-4969-b428-34400f2d0dbe,1
2f563680-8691-452e-9e12-0adbc285f5bc,6858b208-62bc-424e-9d7b-c89b74d3d3e3,1
26470068-0eb3-4fe2-b007-b235e336ea7d,4111e2d8-1729-4953-899a-c55bc382857e,1
26470068-0eb3-4fe2-b007-b235e336ea7d,627a9226-a907-4018-89e3-878002a9d22b,1
26470068-0eb3-4fe2-b007-b235e336ea7d,aa8876c7-9711-4969-b428-34400f2d0dbe,1
26470068-0eb3-4fe2-b007-b235e336ea7d,6d92970a-d698-418b-8576-f3b03dc1a59a,1
26470068-0eb3-4fe2-b007-b235e336ea7d,6858b208-62bc-424e-9d7b-c89b74d3d3e3,1
26470068-0eb3-4fe2-b007-b235e336ea7d,8a528b7f-98af-4893-af73-5d5f26d3aa7c,1
70be8730-db6a-4ab6-bd28-2501d7799498,6d92970a-d698-418b-8576-f3b03dc1a59a,1
70be8730-db6a-4ab6-bd28-2501d7799498,aa8876c7-9711-4969-b428-34400f2d0dbe,1
70be8730-db6a-4ab6-bd28-2501d7799498,6858b208-62bc-424e-9d7b-c89b74d3d3e3,1
ad7d4c49-0b23-41b4-9210-6f2e1374059a,4315e096-f51e-4b56-8235-57be9789a62c,1
ad7d4c49-0b23-41b4-9210-6f2e1374059a,6858b208-62bc-424e-9d7b-c89b74d3d3e3,1
ad7d4c49-0b23-41b4-9210-6f2e1374059a,aa8876c7-9711-4969-b428-34400f2d0dbe,1
ad7d4c49-0b23-41b4-9210-6f2e1374059a,6d92970a-d698-418b-8576-f3b03dc1a59a,1
ad7d4c49-0b23-41b4-9210-6f2e1374059a,5983a1bb-62b6-4e26-afd0-dc234b34cf4b,1
ad7d4c49-0b23-41b4-9210-6f2e1374059a,71a6ca86-228a-4b57-b1bc-c3b887dd009e,1
dee3adef-9382-4109-a92c-2a4f8001c73d,6858b208-62bc-424e-9d7b-c89b74d3d3e3,1
f7b4651c-0d1d-4be8-ac45-e72b2565611e,6858b208-62bc-424e-9d7b-c89b74d3d3e3,1
f7b4651c-0d1d-4be8-ac45-e72b2565611e,aa8876c7-9711-4969-b428-34400f2d0dbe,1
9e800b28-fcc9-4cd9-b0dc-d6ec8e0d0667,2f6649b6-2b2d-49a9-ab31-6c7e43728001,1
8b6f5635-03ac-4a1f-a3b2-4d27b5d5ac7e,25267974-6d44-455e-b76f-248e29ff7df7,1
5bd511ac-c1ea-4e3b-8b4c-1dba49ee9838,2ed7403c-5acc-499f-a317-a911da03d9da,1
5bd511ac-c1ea-4e3b-8b4c-1dba49ee9838,25267974-6d44-455e-b76f-248e29ff7df7,1
f1ed7ee9-be77-4f6c-98ad-8a81b51b6404,2c54f4d6-5712-4e5a-a025-b7f7a396c39b,1
ae4f2ee3-e240-4ce0-b15e-8f180859a56e,2c54f4d6-5712-4e5a-a025-b7f7a396c39b,1
1b5cc8b4-1620-4ada-a74f-a2f9d63d09b9,e454bf6a-3321-4a86-998a-af61123eb056,1
f7baf002-9cac-4345-9186-034aec5e66b6,cfba4373-a654-3e0b-80f8-348738169f95,1
eb33f409-b2a3-4a5e-a1aa-6ca3c8d976ba,6d731e6e-7dcf-4bde-8061-d0e195f62f6c,1
f8efb941-7259-4bea-81a0-150e187f6182,0fb9ae1a-92cb-4ab8-a589-470c16d4fe21,1
b9cc46c2-7e73-4784-b2fe-c31ebed7eb60,f1f6f15d-2faa-4b62-b78b-80599dd1c66e,1
b9cc46c2-7e73-4784-b2fe-c31ebed7eb60,97ef14eb-f280-48a7-96c0-df03859b06c2,1
b9cc46c2-7e73-4784-b2fe-c31ebed7eb60,cabad01a-8cc7-48c0-b7e8-ffbe1e685b26,1
b9cc46c2-7e73-4784-b2fe-c31ebed7eb60,5e6175cd-dc44-4b32-a64a-1ac4239a6e4a,1
b9cc46c2-7e73-4784-b2fe-c31ebed7eb60,71084c02-973d-4544-b804-7ed82bd53027,1
b9cc46c2-7e73-4784-b2fe-c31ebed7eb60,2adc5a86-faa3-4b63-acff-a66128b811b7,1
b9cc46c2-7e73-4784-b2fe-c31ebed7eb60,28a7419c-f432-4e1a-b0a6-aa9e71968a14,1
b9cc46c2-7e73-4784-b2fe-c31ebed7eb60,bd8b518b-d812-46f9-b367-4c1b660cfc99,1
b9cc46c2-7e73-4784-b2fe-c31ebed7eb60,627a9226-a907-4018-89e3-878002a9d22b,1
b9cc46c2-7e73-4784-b2fe-c31ebed7eb60,87f121a7-eef0-4be9-9372-a5efe5b4d375,1
b9cc46c2-7e73-4784-b2fe-c31ebed7eb60,c1ba372b-dba2-4bce-b72e-b5c832eaaf44,1
b9cc46c2-7e73-4784-b2fe-c31ebed7eb60,36a8b9e9-909e-4605-a7ba-686ee3e1b8bf,1
b9cc46c2-7e73-4784-b2fe-c31ebed7eb60,898afe8c-0297-45d6-b4b5-0cb9e632094b,1
b9cc46c2-7e73-4784-b2fe-c31ebed7eb60,2c54f4d6-5712-4e5a-a025-b7f7a396c39b,1
b9cc46c2-7e73-4784-b2fe-c31ebed7eb60,22add642-d849-48ff-9913-8c7ba2d99b46,1
0f5c53a3-5a36-4c3b-b048-7febc3dc423f,2c54f4d6-5712-4e5a-a025-b7f7a396c39b,1
4979e539-bfea-42b0-8f59-224fe4869ca0,7cb3fb29-6b14-477b-a88b-a6a526b59b40,1
02b13cbf-faf5-43be-a4f4-61eb3e758d12,02ad6e25-2698-405f-a37b-99745b1ac69c,1
af3703e3-8c05-4739-9d59-bbe6d581f24b,b411c576-e81b-490b-9c5b-8ef36f4f542d,1
af3703e3-8c05-4739-9d59-bbe6d581f24b,d025f670-5719-417e-8750-07b9178e7d92,1
af3703e3-8c05-4739-9d59-bbe6d581f24b,2c54f4d6-5712-4e5a-a025-b7f7a396c39b,1
af3703e3-8c05-4739-9d59-bbe6d581f24b,36a8b9e9-909e-4605-a7ba-686ee3e1b8bf,1
af3703e3-8c05-4739-9d59-bbe6d581f24b,eec2fb76-3b7b-4f64-a8d1-2f9778a57adb,1
796e8f37-0037-4f69-bdb2-81f3f6e3d598,d3c0a223-516b-4049-9370-22881a0428d8,1
e47b9988-63b9-43f8-8890-7e210f007a34,096e7096-8e0a-40a1-9da3-5cceee97d53a,1
0c80a2e5-1721-49db-8620-71ea18f3ee21,b77d0b46-306c-46da-b26d-6e4dd718fde7,1
0c80a2e5-1721-49db-8620-71ea18f3ee21,f35b2a10-4d8b-40f3-9eb7-15d84c2f7f58,1
0c80a2e5-1721-49db-8620-71ea18f3ee21,3cca23c2-2aa6-4421-96db-8b914de62d56,1
0c80a2e5-1721-49db-8620-71ea18f3ee21,53b70911-67ee-459b-a573-130272275a91,1
0c80a2e5-1721-49db-8620-71ea18f3ee21,a7bfaed4-c1df-4448-894b-8effdfaed52d,1
0c80a2e5-1721-49db-8620-71ea18f3ee21,7562f659-398d-46d7-9167-7f9ccaa00263,1
0c80a2e5-1721-49db-8620-71ea18f3ee21,1ac8b693-987f-47bd-ac7b-f432b01a04a3,1
0c80a2e5-1721-49db-8620-71ea18f3ee21,46825ece-d165-4b64-bea7-8964b8afdfe3,1
0c80a2e5-1721-49db-8620-71ea18f3ee21,c6bbfc6f-6700-40eb-9537-ab182075c8f8,1
0c80a2e5-1721-49db-8620-71ea18f3ee21,d61ed212-9915-4018-a350-caecfda3e0c6,1
0c80a2e5-1721-49db-8620-71ea18f3ee21,e34d45e3-070b-44e7-9a65-7c268fa79fc7,1
0c80a2e5-1721-49db-8620-71ea18f3ee21,fa02a3b3-deaf-49c2-8276-ed0393e61574,1
0c80a2e5-1721-49db-8620-71ea18f3ee21,d780bf4f-063e-4c21-bb28-62c8d1d79cdc,1
0c80a2e5-1721-49db-8620-71ea18f3ee21,b2068d46-de7f-4a22-a563-4dea59b1e6f2,1
410b3c8e-bae6-40b4-9372-65b22a28338d,d3c0a223-516b-4049-9370-22881a0428d8,1
410b3c8e-bae6-40b4-9372-65b22a28338d,7562f659-398d-46d7-9167-7f9ccaa00263,1
410b3c8e-bae6-40b4-9372-65b22a28338d,884c0d9f-f790-41c2-a2a5-351b7c434896,1
371cf88f-9152-4bcf-a085-f49676e9c1b1,f660cf3f-afa9-4816-aafb-0098a36ca57d,1
9cb0ee3e-fca0-4fb8-993a-cb974e1b341c,5160611a-b665-461b-ae93-e5e6ec342166,1
9cb0ee3e-fca0-4fb8-993a-cb974e1b341c,48b40fff-ccaa-4708-8db3-bdc3a791bfca,1
8fb88a06-3a57-4ef3-9b62-9757646743a1,53b70911-67ee-459b-a573-130272275a91,1
8fb88a06-3a57-4ef3-9b62-9757646743a1,dfa2ff35-d2c4-4196-9989-a1bdbeabbfed,1
8fb88a06-3a57-4ef3-9b62-9757646743a1,fc27bab4-34be-4562-8f77-67eac49e32c5,1
8fb88a06-3a57-4ef3-9b62-9757646743a1,f35b2a10-4d8b-40f3-9eb7-15d84c2f7f58,1
8fb88a06-3a57-4ef3-9b62-9757646743a1,16bd245e-8f6c-4696-95f3-17be8fe340cb,1
8fb88a06-3a57-4ef3-9b62-9757646743a1,c6bbfc6f-6700-40eb-9537-ab182075c8f8,1
8fb88a06-3a57-4ef3-9b62-9757646743a1,e34d45e3-070b-44e7-9a65-7c268fa79fc7,1
8fb88a06-3a57-4ef3-9b62-9757646743a1,49f0b668-2a32-475c-86f3-4068cf642519,1
8fb88a06-3a57-4ef3-9b62-9757646743a1,a7bfaed4-c1df-4448-894b-8effdfaed52d,1
6f93a16c-081d-4442-a765-04a03744464f,bb596b23-4096-4d65-861c-a94e7cebf7e2,1
7eac0582-7ffa-4b4c-9a71-b01bc1b9ee59,2c54f4d6-5712-4e5a-a025-b7f7a396c39b,1
cbd65d1d-4488-4a26-8833-d32e8685c6f9,cf00fe06-e4b2-4319-af00-85230e7b2f1b,1
1264176f-7c79-4352-85e0-e4b19c91aef4,dcb4ba1d-94c6-48b9-82c9-e315bd0e8f31,1
9163929f-cbb7-4ab8-a395-12f6604aa926,332be1f6-5791-43ae-9e37-90cc48e75d24,1
efb5c10a-dad4-4a2d-a9a3-4f944f09776d,21fca925-12ac-4215-ba1a-a9c73cb3b082,1
c262efdf-a46f-4d14-a9ba-abee05292c49,898afe8c-0297-45d6-b4b5-0cb9e632094b,1
c262efdf-a46f-4d14-a9ba-abee05292c49,2ee6b8bf-6292-413c-bb8b-bd22dbb2ad4b,1
9d8c3fd3-e1fa-4656-87b2-598b21365fef,7a8aae59-71a4-4500-b38b-bdf15c7f627f,1
c8a654cf-4573-4cb9-808e-c0959c468aae,ab4a73b6-1c2d-42e1-b4d9-049e04889cf0,1
2740ea0f-eeed-4556-b72f-b63a6f7aed6b,82d985c7-245f-4fd7-810f-b961edbc51cd,1
2740ea0f-eeed-4556-b72f-b63a6f7aed6b,b6385a14-b39c-4a00-a262-a8c2308759a6,1
49878c29-0a92-4a7d-a668-8e7c2dbfbc79,31416a3d-5a44-4f78-8b2c-765a2738aacc,1
9a85caad-87ad-4705-8566-4b24405ae4c7,c3a8d866-408e-4042-893e-99710b4db683,1
948e296b-abfa-49bb-90f6-bef4c94471f6,3ff63cf5-8d04-4be5-9449-96411ae9fc36,1
de1cffad-61a9-4942-a943-db52ffe2c212,846448a5-a26e-4297-ac08-ad7040af20f1,1
de1cffad-61a9-4942-a943-db52ffe2c212,ef8e980b-9644-45d8-b0e9-c6aaf0eff0c0,1
de1cffad-61a9-4942-a943-db52ffe2c212,3765ed62-0f9d-49ad-83b0-1405ed833108,1
de1cffad-61a9-4942-a943-db52ffe2c212,276ffd1e-efdd-42e2-b6c9-04fb5fa2b7ea,1
009c5216-e203-480d-9e5b-a1a7a17456b7,5d642d09-8e03-4200-a79b-2a397a6d5d51,1
009c5216-e203-480d-9e5b-a1a7a17456b7,826d798e-01d1-48d3-973c-e0e466a63ca8,1
009c5216-e203-480d-9e5b-a1a7a17456b7,da8fc842-d9cd-4a8b-9dcf-642ebdbc9049,1
009c5216-e203-480d-9e5b-a1a7a17456b7,c1ba372b-dba2-4bce-b72e-b5c832eaaf44,1
009c5216-e203-480d-9e5b-a1a7a17456b7,627a9226-a907-4018-89e3-878002a9d22b,1
009c5216-e203-480d-9e5b-a1a7a17456b7,be2e0197-57b8-4fcf-a144-cb33f7466f3a,1
009c5216-e203-480d-9e5b-a1a7a17456b7,c5cf2502-7572-4fd1-a836-48b335a2d47d,1
009c5216-e203-480d-9e5b-a1a7a17456b7,716d89ce-b0da-4158-abb6-72f562206b37,1
009c5216-e203-480d-9e5b-a1a7a17456b7,cabad01a-8cc7-48c0-b7e8-ffbe1e685b26,1
009c5216-e203-480d-9e5b-a1a7a17456b7,54fc7750-8540-4c22-8d46-9a6a2641c41a,1
009c5216-e203-480d-9e5b-a1a7a17456b7,6858b208-62bc-424e-9d7b-c89b74d3d3e3,1
009c5216-e203-480d-9e5b-a1a7a17456b7,898afe8c-0297-45d6-b4b5-0cb9e632094b,1
009c5216-e203-480d-9e5b-a1a7a17456b7,336bbdae-a29d-47c5-8c0d-f51affffd44f,1
009c5216-e203-480d-9e5b-a1a7a17456b7,98908792-f315-4834-9b5e-20fed66cbe5a,1
009c5216-e203-480d-9e5b-a1a7a17456b7,69e6ff08-39af-4764-8de8-b75e5de7295f,1
009c5216-e203-480d-9e5b-a1a7a17456b7,1039ed7e-97fb-435f-b6cc-f6a105ba5e09,1
009c5216-e203-480d-9e5b-a1a7a17456b7,354f9aa0-2f0a-4cdf-9b60-d023da93cc76,1
009c5216-e203-480d-9e5b-a1a7a17456b7,fdcaabe5-0efd-4701-8fd9-49935c0d9cff,1
009c5216-e203-480d-9e5b-a1a7a17456b7,ef474003-b774-4b22-8912-fb95966f44be,1
009c5216-e203-480d-9e5b-a1a7a17456b7,22add642-d849-48ff-9913-8c7ba2d99b46,1
009c5216-e203-480d-9e5b-a1a7a17456b7,699a5a9a-348c-4a46-b99e-a23b59f27721,1
009c5216-e203-480d-9e5b-a1a7a17456b7,f0335765-1ab0-4e94-ab38-f404de4c3b4d,1
009c5216-e203-480d-9e5b-a1a7a17456b7,d2c6f6f5-2236-4217-8361-3297b6369979,1
009c5216-e203-480d-9e5b-a1a7a17456b7,25267974-6d44-455e-b76f-248e29ff7df7,1
009c5216-e203-480d-9e5b-a1a7a17456b7,7c6e9dbf-487b-4146-a379-19e46642c392,1
009c5216-e203-480d-9e5b-a1a7a17456b7,aa12dc22-ba50-42a0-bda1-30d41c64d5eb,1
009c5216-e203-480d-9e5b-a1a7a17456b7,3ff63cf5-8d04-4be5-9449-96411ae9fc36,1
009c5216-e203-480d-9e5b-a1a7a17456b7,aa8876c7-9711-4969-b428-34400f2d0dbe,1
009c5216-e203-480d-9e5b-a1a7a17456b7,5983a1bb-62b6-4e26-afd0-dc234b34cf4b,1
009c5216-e203-480d-9e5b-a1a7a17456b7,455cf48c-cdee-4721-a0ed-cd38af7aff0f,1
009c5216-e203-480d-9e5b-a1a7a17456b7,636db558-6bde-477d-a417-0f62636e59bc,1
009c5216-e203-480d-9e5b-a1a7a17456b7,5de779c2-93fc-4830-8e36-93e9ff1e7f7d,1
009c5216-e203-480d-9e5b-a1a7a17456b7,6f412521-2e9b-44b1-a3e4-8f1358caef63,1
009c5216-e203-480d-9e5b-a1a7a17456b7,146384fc-3f64-4482-a78a-2f082411a27d,1
009c5216-e203-480d-9e5b-a1a7a17456b7,79e7e34e-4d2f-46be-8a40-24a84b20b1ba,1
009c5216-e203-480d-9e5b-a1a7a17456b7,8d482810-26da-4bbc-8599-6b1fd1ab8743,1
009c5216-e203-480d-9e5b-a1a7a17456b7,4f677177-23bc-4f0a-8dbf-578762c8d976,1
009c5216-e203-480d-9e5b-a1a7a17456b7,c294da25-b556-4bd6-9e1a-343b28279a33,1
009c5216-e203-480d-9e5b-a1a7a17456b7,28a7419c-f432-4e1a-b0a6-aa9e71968a14,1
009c5216-e203-480d-9e5b-a1a7a17456b7,2c54f4d6-5712-4e5a-a025-b7f7a396c39b,1
009c5216-e203-480d-9e5b-a1a7a17456b7,e7065317-1d57-434a-8428-efa263ecc526,1
009c5216-e203-480d-9e5b-a1a7a17456b7,4315e096-f51e-4b56-8235-57be9789a62c,1
009c5216-e203-480d-9e5b-a1a7a17456b7,47c7ffa9-65ba-41d1-9461-4e5458afd62e,1
009c5216-e203-480d-9e5b-a1a7a17456b7,36886c25-6961-4055-96b2-b3e8b138e588,1
009c5216-e203-480d-9e5b-a1a7a17456b7,d0145df8-7f6d-46e1-9bc6-ee7897054104,1
009c5216-e203-480d-9e5b-a1a7a17456b7,87f121a7-eef0-4be9-9372-a5efe5b4d375,1
009c5216-e203-480d-9e5b-a1a7a17456b7,2cbdf333-97e9-4c91-b846-17a8e8c167d8,1
009c5216-e203-480d-9e5b-a1a7a17456b7,71a6ca86-228a-4b57-b1bc-c3b887dd009e,1
009c5216-e203-480d-9e5b-a1a7a17456b7,a73c5b74-a9c9-4caa-a796-e4c832645614,1
009c5216-e203-480d-9e5b-a1a7a17456b7,c6fc4688-1aca-4363-bd1a-8d14ea08d2f8,1
009c5216-e203-480d-9e5b-a1a7a17456b7,625e8422-dedb-47eb-b158-23ba1f07f760,1
009c5216-e203-480d-9e5b-a1a7a17456b7,af468794-caa3-4565-8e69-a838332e532d,1
009c5216-e203-480d-9e5b-a1a7a17456b7,97ef14eb-f280-48a7-96c0-df03859b06c2,1
009c5216-e203-480d-9e5b-a1a7a17456b7,298e6b5a-21a8-4d56-9484-1bac58c94a26,1
009c5216-e203-480d-9e5b-a1a7a17456b7,88e7ff53-257d-4299-99b5-c659b87b5116,1
009c5216-e203-480d-9e5b-a1a7a17456b7,5349b414-5069-45be-8869-7d94261d4936,1
009c5216-e203-480d-9e5b-a1a7a17456b7,2ed52078-7e55-40ea-8036-0d89118a06f4,1
009c5216-e203-480d-9e5b-a1a7a17456b7,6d92970a-d698-418b-8576-f3b03dc1a59a,1
009c5216-e203-480d-9e5b-a1a7a17456b7,fa499042-c486-42a0-973a-7211490c1764,1
009c5216-e203-480d-9e5b-a1a7a17456b7,c7e84d16-449e-4154-a1bd-603b4fae329e,1
009c5216-e203-480d-9e5b-a1a7a17456b7,2adc5a86-faa3-4b63-acff-a66128b811b7,1
009c5216-e203-480d-9e5b-a1a7a17456b7,dcb4ba1d-94c6-48b9-82c9-e315bd0e8f31,1
009c5216-e203-480d-9e5b-a1a7a17456b7,bd8b518b-d812-46f9-b367-4c1b660cfc99,1
009c5216-e203-480d-9e5b-a1a7a17456b7,3df7a50f-108d-40bc-a041-e3092fc50a81,1
009c5216-e203-480d-9e5b-a1a7a17456b7,d13d3866-2c68-4353-9a41-c29ebf1a3abc,1
009c5216-e203-480d-9e5b-a1a7a17456b7,8e420764-a913-4eae-8514-9be858fdb9b3,1
009c5216-e203-480d-9e5b-a1a7a17456b7,aab0a0be-89e6-442e-8cf9-e762bd18f76b,1
009c5216-e203-480d-9e5b-a1a7a17456b7,3e62e13e-3955-494a-91b3-f00ab9e84b48,1
9a16e3d0-28b8-4a92-adad-61e5afa5b930,9c203fec-dc0d-412c-a7a3-7fd77d0346f1,1
6f2ece6b-1b0e-440e-92b4-aee2d2ad9929,39f2200f-8dbe-4187-a2df-9084029b8616,1
44016a43-0efe-45c5-8318-015ac40a1236,2c54f4d6-5712-4e5a-a025-b7f7a396c39b,1
553aa803-fcc5-4526-86cd-2b693423427c,2c54f4d6-5712-4e5a-a025-b7f7a396c39b,1
f28be22c-9226-406b-9a82-f8dd32626715,2c54f4d6-5712-4e5a-a025-b7f7a396c39b,1
f28be22c-9226-406b-9a82-f8dd32626715,3fefc838-791d-4dde-975b-a4131a54e7c5,1
b404f963-b931-4baa-b373-4aa0f28ab714,cfba4373-a654-3e0b-80f8-348738169f95,1
4f12d484-5075-44b6-8280-697121ab9488,ab4a73b6-1c2d-42e1-b4d9-049e04889cf0,1
481dbd11-33a6-4dcd-950b-ccde56e9f079,359c515c-4320-42ef-b4e5-88ba1bb03c2e,1
697bde21-4295-4daf-a579-e21f5bcd8423,3810778f-f3ad-4032-9df7-dadaa8dd9726,1
a573d1be-6dfd-43f7-985c-9eac838ba960,9b40a0af-a6fe-47ff-9624-2ea8f40c746f,1
a573d1be-6dfd-43f7-985c-9eac838ba960,2c54f4d6-5712-4e5a-a025-b7f7a396c39b,1
759852cf-4979-43da-8d5a-629227c6de0a,6f412521-2e9b-44b1-a3e4-8f1358caef63,1
84caf1fc-0046-4047-a43c-97c5532bb21b,6f412521-2e9b-44b1-a3e4-8f1358caef63,1
76fdd11e-1c4b-49fe-9f0d-5c5a67bf93cb,0535365d-b657-44ae-ae22-3060cc958042,1
a171d028-f809-4045-9352-45bb985cb132,bd8b518b-d812-46f9-b367-4c1b660cfc99,1
b2cbe12e-d9c7-4867-abe2-188aef9a9939,c1ba372b-dba2-4bce-b72e-b5c832eaaf44,1
b2cbe12e-d9c7-4867-abe2-188aef9a9939,87f121a7-eef0-4be9-9372-a5efe5b4d375,1
b2cbe12e-d9c7-4867-abe2-188aef9a9939,be2e0197-57b8-4fcf-a144-cb33f7466f3a,1
b2cbe12e-d9c7-4867-abe2-188aef9a9939,21fca925-12ac-4215-ba1a-a9c73cb3b082,1
b2cbe12e-d9c7-4867-abe2-188aef9a9939,b01585af-110f-4f87-9bf1-06805605926c,1
b2cbe12e-d9c7-4867-abe2-188aef9a9939,898afe8c-0297-45d6-b4b5-0cb9e632094b,1
b2cbe12e-d9c7-4867-abe2-188aef9a9939,2adc5a86-faa3-4b63-acff-a66128b811b7,1
b2cbe12e-d9c7-4867-abe2-188aef9a9939,71084c02-973d-4544-b804-7ed82bd53027,1
b2cbe12e-d9c7-4867-abe2-188aef9a9939,146384fc-3f64-4482-a78a-2f082411a27d,1
b2cbe12e-d9c7-4867-abe2-188aef9a9939,298e6b5a-21a8-4d56-9484-1bac58c94a26,1
b2cbe12e-d9c7-4867-abe2-188aef9a9939,826d798e-01d1-48d3-973c-e0e466a63ca8,1
b2cbe12e-d9c7-4867-abe2-188aef9a9939,5d642d09-8e03-4200-a79b-2a397a6d5d51,1
b2cbe12e-d9c7-4867-abe2-188aef9a9939,7c6e9dbf-487b-4146-a379-19e46642c392,1
b2cbe12e-d9c7-4867-abe2-188aef9a9939,2d0e9a21-fa5f-441d-948a-fe97a453a827,1
b2cbe12e-d9c7-4867-abe2-188aef9a9939,8d482810-26da-4bbc-8599-6b1fd1ab8743,1
b2cbe12e-d9c7-4867-abe2-188aef9a9939,6f412521-2e9b-44b1-a3e4-8f1358caef63,1
b2cbe12e-d9c7-4867-abe2-188aef9a9939,627a9226-a907-4018-89e3-878002a9d22b,1
42d10e87-e7c8-40cf-94ca-c26c42e7efd8,2c54f4d6-5712-4e5a-a025-b7f7a396c39b,1
e648b2ab-6d86-42f0-b52b-88e561c84c62,09716341-2bea-4298-9525-e936d8247d19,1
59e722b4-ef95-4887-9c08-42742082d147,383408d4-89b8-42df-af53-5c89f91e0cc7,1
78305f41-7d5f-456a-857e-205a9d2a882d,9c203fec-dc0d-412c-a7a3-7fd77d0346f1,1
78305f41-7d5f-456a-857e-205a9d2a882d,c223b93a-2634-4f06-ac73-8709b9e16888,1
4c19ba91-bc3b-4c18-8d68-7d554e34f4a2,298e6b5a-21a8-4d56-9484-1bac58c94a26,1
4c19ba91-bc3b-4c18-8d68-7d554e34f4a2,3fefc838-791d-4dde-975b-a4131a54e7c5,1
02a82524-d6d0-48fb-8f1f-435ba4a9f00b,2c54f4d6-5712-4e5a-a025-b7f7a396c39b,1
4d44dbad-7cb9-44e5-94ae-45e0ec54c9b6,9c203fec-dc0d-412c-a7a3-7fd77d0346f1,1
4d44dbad-7cb9-44e5-94ae-45e0ec54c9b6,21fca925-12ac-4215-ba1a-a9c73cb3b082,1
1d56ac76-23d5-4a9a-ac7a-82fc91dade9d,ee97fa6e-e96c-4f37-ae3f-26b2ed3ada0d,1
1d56ac76-23d5-4a9a-ac7a-82fc91dade9d,1039ed7e-97fb-435f-b6cc-f6a105ba5e09,1
1d56ac76-23d5-4a9a-ac7a-82fc91dade9d,7cf0da04-1f77-4321-929e-78172c74aa0b,1
1d56ac76-23d5-4a9a-ac7a-82fc91dade9d,76c2e577-268f-4a93-bccd-7d5b43b14efd,1
ea52760b-1cf5-4a53-9688-a0f704c285f3,627a9226-a907-4018-89e3-878002a9d22b,1
ea52760b-1cf5-4a53-9688-a0f704c285f3,6858b208-62bc-424e-9d7b-c89b74d3d3e3,1
602f14ba-cc30-4d29-8b93-1ed308311562,2c54f4d6-5712-4e5a-a025-b7f7a396c39b,1
0fef78d9-78b7-4aa6-a6e9-7d4106eadce7,146384fc-3f64-4482-a78a-2f082411a27d,1
86a1bf01-0241-49cc-8d02-774eacdfc414,9c203fec-dc0d-412c-a7a3-7fd77d0346f1,1
f96cd8b4-ff91-4607-911e-768d937f8dd8,cfba4373-a654-3e0b-80f8-348738169f95,1
6cdac73b-cfab-4ca8-8ea1-c868f3540df2,9c203fec-dc0d-412c-a7a3-7fd77d0346f1,1
8bd6bc24-86f0-480c-842d-6f52d4b6589b,884c0d9f-f790-41c2-a2a5-351b7c434896,1
8bd6bc24-86f0-480c-842d-6f52d4b6589b,7562f659-398d-46d7-9167-7f9ccaa00263,1
52d00717-4d35-46ba-9f55-6d24c61bce3f,21fca925-12ac-4215-ba1a-a9c73cb3b082,1
52d00717-4d35-46ba-9f55-6d24c61bce3f,28a7419c-f432-4e1a-b0a6-aa9e71968a14,1
52d00717-4d35-46ba-9f55-6d24c61bce3f,3e62e13e-3955-494a-91b3-f00ab9e84b48,1
52d00717-4d35-46ba-9f55-6d24c61bce3f,298e6b5a-21a8-4d56-9484-1bac58c94a26,1
52d00717-4d35-46ba-9f55-6d24c61bce3f,c1ba372b-dba2-4bce-b72e-b5c832eaaf44,1
52d00717-4d35-46ba-9f55-6d24c61bce3f,87f121a7-eef0-4be9-9372-a5efe5b4d375,1
52d00717-4d35-46ba-9f55-6d24c61bce3f,22add642-d849-48ff-9913-8c7ba2d99b46,1
52d00717-4d35-46ba-9f55-6d24c61bce3f,f4e80988-c139-4953-8176-b3d6d03f6449,1
52d00717-4d35-46ba-9f55-6d24c61bce3f,6f412521-2e9b-44b1-a3e4-8f1358caef63,1
52d00717-4d35-46ba-9f55-6d24c61bce3f,5d642d09-8e03-4200-a79b-2a397a6d5d51,1
52d00717-4d35-46ba-9f55-6d24c61bce3f,aab0a0be-89e6-442e-8cf9-e762bd18f76b,1
cbc409f8-b88d-4068-bd2b-90863d283aa9,405a0d29-0a62-45a7-a4d4-56c28e3255ab,1
4cf68e3e-da9b-49a5-ac82-6688655c135b,2c54f4d6-5712-4e5a-a025-b7f7a396c39b,1
5c00e14a-9fa0-43b0-8b9a-6e91551ae2e4,817af5ea-4b9a-4706-8953-9a122be0166b,1
f7495844-f694-40d5-8034-d477985befdb,2c54f4d6-5712-4e5a-a025-b7f7a396c39b,1
f7495844-f694-40d5-8034-d477985befdb,588b9fdc-d2dd-4628-b186-f7b974065d40,1
1e11deff-2574-4b1c-9d5a-62f85967b3e5,9125f584-19ca-4465-807d-2596ca05f3ea,1
1e11deff-2574-4b1c-9d5a-62f85967b3e5,81c62c6d-d7b9-49db-bfdb-66225b245c78,1
47f67f71-0b6c-4eed-aa9e-dc1f4a0e625d,7861cd5d-e5bf-4d31-9c17-92f348447db2,1
367f84c1-1ed7-4366-a9be-ac9bed17bc7f,6bd1abfe-3dbf-4e04-b8cc-07114eb8810c,1
367f84c1-1ed7-4366-a9be-ac9bed17bc7f,76efecc9-e509-4c6b-849b-f742ed3e258a,1
367f84c1-1ed7-4366-a9be-ac9bed17bc7f,86dd87bd-7426-40c5-946b-62b2af638aab,1
367f84c1-1ed7-4366-a9be-ac9bed17bc7f,fd56466b-ced8-47ab-8d1a-9ce798948bad,1
367f84c1-1ed7-4366-a9be-ac9bed17bc7f,23602b0b-c7b0-4f10-9910-7ee5329433bc,1
367f84c1-1ed7-4366-a9be-ac9bed17bc7f,39e2a593-d508-4f64-8a04-8d6dbf730f9d,1
367f84c1-1ed7-4366-a9be-ac9bed17bc7f,009b7802-0b04-4fee-8dac-3922bd5098ae,1
367f84c1-1ed7-4366-a9be-ac9bed17bc7f,7e80bc4b-3537-42fd-881f-d9290b34782e,1
367f84c1-1ed7-4366-a9be-ac9bed17bc7f,a2c49245-23b2-46e1-acc7-c5a78913a090,1
367f84c1-1ed7-4366-a9be-ac9bed17bc7f,e5f51f9d-9ddb-4fc7-95a8-ef0d9eb2144d,1
367f84c1-1ed7-4366-a9be-ac9bed17bc7f,41a809d9-0b61-4991-86b8-74dc07973af3,1
367f84c1-1ed7-4366-a9be-ac9bed17bc7f,8df6b76b-a1c8-45a4-ab7b-3ff8676e4b04,1
367f84c1-1ed7-4366-a9be-ac9bed17bc7f,5e84d2ab-b5ca-48c3-b15f-3d71e4bca4ee,1
367f84c1-1ed7-4366-a9be-ac9bed17bc7f,07ab9a18-820d-4621-bc9a-e87067a4aade,1
367f84c1-1ed7-4366-a9be-ac9bed17bc7f,505019f6-4c66-4ce4-9700-a5ed3cf664c3,1
367f84c1-1ed7-4366-a9be-ac9bed17bc7f,7fffba00-9b87-4fb4-8c71-68399d2a4291,1
367f84c1-1ed7-4366-a9be-ac9bed17bc7f,3a520b08-7351-479c-9232-628727066f55,1
367f84c1-1ed7-4366-a9be-ac9bed17bc7f,fde58043-87ff-44b0-b6b0-3d089adfba4c,1
367f84c1-1ed7-4366-a9be-ac9bed17bc7f,9543be56-7309-4788-8de2-fbdd5006282b,1
367f84c1-1ed7-4366-a9be-ac9bed17bc7f,78b227dc-78f6-4085-b4fb-772e040a14e0,1
367f84c1-1ed7-4366-a9be-ac9bed17bc7f,9d58be92-32eb-43a7-9f38-dff44078864e,1
367f84c1-1ed7-4366-a9be-ac9bed17bc7f,ef47695d-7aa3-41cf-8c4e-d76aa4dae7d5,1
d94e8bcb-7056-4363-bfa0-6a8f06a2aa0a,9c203fec-dc0d-412c-a7a3-7fd77d0346f1,1
a0bfac26-2404-4c15-b94b-50d7b3dad5dd,7562f659-398d-46d7-9167-7f9ccaa00263,1
a0bfac26-2404-4c15-b94b-50d7b3dad5dd,d3c0a223-516b-4049-9370-22881a0428d8,1
a0bfac26-2404-4c15-b94b-50d7b3dad5dd,9c203fec-dc0d-412c-a7a3-7fd77d0346f1,1
d7a9ac44-0945-4f16-8736-62a27c508f14,cfba4373-a654-3e0b-80f8-348738169f95,1
b82e6ef3-ff25-475a-a71d-11f6448f9c8a,d3c0a223-516b-4049-9370-22881a0428d8,1
b82e6ef3-ff25-475a-a71d-11f6448f9c8a,7562f659-398d-46d7-9167-7f9ccaa00263,1
eee39515-6b7a-4e37-8f39-58cdf4d66c31,1f4a62eb-6f1a-4bfe-b7cd-e6dede0be00a,1
b450e231-2148-4f9e-9afb-149238cc937d,05f6c1e4-ae72-45a5-b249-105212463591,1
06e149aa-8fc0-4ad0-bef5-b0ed949a44ec,67d4a45f-2031-4dd5-a03d-92f64be7147c,1
06e149aa-8fc0-4ad0-bef5-b0ed949a44ec,d9ae1245-158e-4d79-86a4-2d9b3defbedc,1
06e149aa-8fc0-4ad0-bef5-b0ed949a44ec,336bbdae-a29d-47c5-8c0d-f51affffd44f,1
beac2864-e40f-4060-bae8-29f66e6a92fc,4315e096-f51e-4b56-8235-57be9789a62c,1
beac2864-e40f-4060-bae8-29f66e6a92fc,3ff63cf5-8d04-4be5-9449-96411ae9fc36,1
beac2864-e40f-4060-bae8-29f66e6a92fc,12426052-8803-4deb-8c89-9e78785f7dd2,1
beac2864-e40f-4060-bae8-29f66e6a92fc,8a528b7f-98af-4893-af73-5d5f26d3aa7c,1
beac2864-e40f-4060-bae8-29f66e6a92fc,6858b208-62bc-424e-9d7b-c89b74d3d3e3,1
beac2864-e40f-4060-bae8-29f66e6a92fc,371f7f97-e7ad-4335-a4f9-0d1ca4daa1ec,1
beac2864-e40f-4060-bae8-29f66e6a92fc,e7065317-1d57-434a-8428-efa263ecc526,1
beac2864-e40f-4060-bae8-29f66e6a92fc,47c7ffa9-65ba-41d1-9461-4e5458afd62e,1
beac2864-e40f-4060-bae8-29f66e6a92fc,826d798e-01d1-48d3-973c-e0e466a63ca8,1
beac2864-e40f-4060-bae8-29f66e6a92fc,21fca925-12ac-4215-ba1a-a9c73cb3b082,1
beac2864-e40f-4060-bae8-29f66e6a92fc,b8fa7909-7b83-4a1a-badb-264ca39308dd,1
beac2864-e40f-4060-bae8-29f66e6a92fc,be2e0197-57b8-4fcf-a144-cb33f7466f3a,1
beac2864-e40f-4060-bae8-29f66e6a92fc,98908792-f315-4834-9b5e-20fed66cbe5a,1
beac2864-e40f-4060-bae8-29f66e6a92fc,8d482810-26da-4bbc-8599-6b1fd1ab8743,1
beac2864-e40f-4060-bae8-29f66e6a92fc,ff1480b5-61f2-4008-aada-387c2c490549,1
beac2864-e40f-4060-bae8-29f66e6a92fc,4111e2d8-1729-4953-899a-c55bc382857e,1
beac2864-e40f-4060-bae8-29f66e6a92fc,2f5baa1f-208c-42c2-8d04-9ea74aa1b229,1
beac2864-e40f-4060-bae8-29f66e6a92fc,e4079286-310c-435a-af2d-64604ba9ade5,1
beac2864-e40f-4060-bae8-29f66e6a92fc,ac478f32-3e3b-4c04-bc7d-aa75069b6367,1
beac2864-e40f-4060-bae8-29f66e6a92fc,5ceed47b-7db0-4958-a893-6d217eb25517,1
beac2864-e40f-4060-bae8-29f66e6a92fc,a1347e6c-db7d-423d-9b62-de7717129f5b,1
beac2864-e40f-4060-bae8-29f66e6a92fc,c91a4635-8b7d-43fe-9b27-d95dec8392a7,1
beac2864-e40f-4060-bae8-29f66e6a92fc,f08964c6-5987-43c3-97d8-cb5a4eff0454,1
beac2864-e40f-4060-bae8-29f66e6a92fc,5d642d09-8e03-4200-a79b-2a397a6d5d51,1
beac2864-e40f-4060-bae8-29f66e6a92fc,87f121a7-eef0-4be9-9372-a5efe5b4d375,1
beac2864-e40f-4060-bae8-29f66e6a92fc,898afe8c-0297-45d6-b4b5-0cb9e632094b,1
beac2864-e40f-4060-bae8-29f66e6a92fc,716d89ce-b0da-4158-abb6-72f562206b37,1
beac2864-e40f-4060-bae8-29f66e6a92fc,146384fc-3f64-4482-a78a-2f082411a27d,1
beac2864-e40f-4060-bae8-29f66e6a92fc,d9321ccf-d303-4cfb-a24b-32aba49cef81,1
beac2864-e40f-4060-bae8-29f66e6a92fc,c5cf2502-7572-4fd1-a836-48b335a2d47d,1
beac2864-e40f-4060-bae8-29f66e6a92fc,5e6175cd-dc44-4b32-a64a-1ac4239a6e4a,1
beac2864-e40f-4060-bae8-29f66e6a92fc,7c6e9dbf-487b-4146-a379-19e46642c392,1
beac2864-e40f-4060-bae8-29f66e6a92fc,fc725989-5c3e-4bf4-89b1-68caeec4d858,1
beac2864-e40f-4060-bae8-29f66e6a92fc,8e454ce2-435e-4352-962b-1bf4e4303301,1
beac2864-e40f-4060-bae8-29f66e6a92fc,6e7bcb81-1b6c-46ca-817a-937d5664735d,1
beac2864-e40f-4060-bae8-29f66e6a92fc,b2e85e3e-bfba-44c5-b472-3d849e3a3f74,1
beac2864-e40f-4060-bae8-29f66e6a92fc,41e2cda3-d829-43dc-8d59-87e16e8301f6,1
beac2864-e40f-4060-bae8-29f66e6a92fc,8e420764-a913-4eae-8514-9be858fdb9b3,1
beac2864-e40f-4060-bae8-29f66e6a92fc,7035def0-a9df-430a-99ee-6e13de12676c,1
beac2864-e40f-4060-bae8-29f66e6a92fc,a14e57c4-ea1c-4a7a-863a-b874ccf23790,1
beac2864-e40f-4060-bae8-29f66e6a92fc,28a7419c-f432-4e1a-b0a6-aa9e71968a14,1
beac2864-e40f-4060-bae8-29f66e6a92fc,5982a27f-28a4-4f40-a1cc-5cb650400c50,1
beac2864-e40f-4060-bae8-29f66e6a92fc,71084c02-973d-4544-b804-7ed82bd53027,1
beac2864-e40f-4060-bae8-29f66e6a92fc,97ef14eb-f280-48a7-96c0-df03859b06c2,1
beac2864-e40f-4060-bae8-29f66e6a92fc,2adc5a86-faa3-4b63-acff-a66128b811b7,1
beac2864-e40f-4060-bae8-29f66e6a92fc,de64ade8-5025-40f9-a2e0-15b72797e6a7,1
beac2864-e40f-4060-bae8-29f66e6a92fc,96196887-5a20-4e93-a302-72f306f32c9d,1
beac2864-e40f-4060-bae8-29f66e6a92fc,ac4c2ac5-6be4-4471-bbf4-f09228f5db04,1
beac2864-e40f-4060-bae8-29f66e6a92fc,699a5a9a-348c-4a46-b99e-a23b59f27721,1
beac2864-e40f-4060-bae8-29f66e6a92fc,3e62e13e-3955-494a-91b3-f00ab9e84b48,1
beac2864-e40f-4060-bae8-29f66e6a92fc,2d0e9a21-fa5f-441d-948a-fe97a453a827,1
beac2864-e40f-4060-bae8-29f66e6a92fc,c694f63c-b49e-4151-bbab-bf1b6f4958ba,1
beac2864-e40f-4060-bae8-29f66e6a92fc,aac2629e-495d-4468-9c8b-cd9649bd7b5d,1
beac2864-e40f-4060-bae8-29f66e6a92fc,7fcf7f09-12d7-4b06-a183-93c51f940670,1
beac2864-e40f-4060-bae8-29f66e6a92fc,2b1b422a-0235-485b-bd39-da1eff5d69c5,1
beac2864-e40f-4060-bae8-29f66e6a92fc,2ee6b8bf-6292-413c-bb8b-bd22dbb2ad4b,1
beac2864-e40f-4060-bae8-29f66e6a92fc,fd1db6d6-98a5-4c78-bcee-bc57d068ee13,1
beac2864-e40f-4060-bae8-29f66e6a92fc,aa8876c7-9711-4969-b428-34400f2d0dbe,1
beac2864-e40f-4060-bae8-29f66e6a92fc,2a747392-a08e-4f3d-aa58-c22b2c9d3a0d,1
beac2864-e40f-4060-bae8-29f66e6a92fc,bd8b518b-d812-46f9-b367-4c1b660cfc99,1
beac2864-e40f-4060-bae8-29f66e6a92fc,4e8d237b-8bd4-4483-a85d-431784c543b9,1
beac2864-e40f-4060-bae8-29f66e6a92fc,c1ba372b-dba2-4bce-b72e-b5c832eaaf44,1
beac2864-e40f-4060-bae8-29f66e6a92fc,038920bb-8c40-4a30-8d0c-0a29bcd64751,1
beac2864-e40f-4060-bae8-29f66e6a92fc,7b1492ea-72f1-4d79-a5df-2e0e32088ea1,1
beac2864-e40f-4060-bae8-29f66e6a92fc,298e6b5a-21a8-4d56-9484-1bac58c94a26,1
beac2864-e40f-4060-bae8-29f66e6a92fc,22add642-d849-48ff-9913-8c7ba2d99b46,1
beac2864-e40f-4060-bae8-29f66e6a92fc,893e2a5e-78ec-46fa-9e6e-6eec56d7c536,1
beac2864-e40f-4060-bae8-29f66e6a92fc,54fc7750-8540-4c22-8d46-9a6a2641c41a,1
beac2864-e40f-4060-bae8-29f66e6a92fc,c7e84d16-449e-4154-a1bd-603b4fae329e,1
beac2864-e40f-4060-bae8-29f66e6a92fc,3284450c-f8cc-439b-b331-ff901a307db6,1
beac2864-e40f-4060-bae8-29f66e6a92fc,10c7b88b-a708-4e17-a7ef-2c1ce0590377,1
beac2864-e40f-4060-bae8-29f66e6a92fc,d2c6f6f5-2236-4217-8361-3297b6369979,1
beac2864-e40f-4060-bae8-29f66e6a92fc,2ed52078-7e55-40ea-8036-0d89118a06f4,1
beac2864-e40f-4060-bae8-29f66e6a92fc,455cf48c-cdee-4721-a0ed-cd38af7aff0f,1
beac2864-e40f-4060-bae8-29f66e6a92fc,fd544e75-122f-4278-85e7-b9b591d4ceaa,1
beac2864-e40f-4060-bae8-29f66e6a92fc,a42cbe4f-89f0-42ae-a34d-f2e5db6aa1d2,1
beac2864-e40f-4060-bae8-29f66e6a92fc,383408d4-89b8-42df-af53-5c89f91e0cc7,1
beac2864-e40f-4060-bae8-29f66e6a92fc,6f412521-2e9b-44b1-a3e4-8f1358caef63,1
6caefb81-f23c-4b40-8329-384f10693758,dfa2ff35-d2c4-4196-9989-a1bdbeabbfed,1
9bec6aa3-3cd7-43b9-823c-440c573bca80,6858b208-62bc-424e-9d7b-c89b74d3d3e3,1
9bec6aa3-3cd7-43b9-823c-440c573bca80,aa8876c7-9711-4969-b428-34400f2d0dbe,1
9bec6aa3-3cd7-43b9-823c-440c573bca80,9c203fec-dc0d-412c-a7a3-7fd77d0346f1,1
e1434d41-7a02-4d60-a6db-0186f96df8b9,b5de6975-417b-4320-afdb-eb2a9e2a1dbf,1
e1434d41-7a02-4d60-a6db-0186f96df8b9,51bdc6dc-25ae-41de-b8f3-938f9056af62,1
e1434d41-7a02-4d60-a6db-0186f96df8b9,f5afc0ab-3203-4384-9d00-03fced6fe7b4,1
e1434d41-7a02-4d60-a6db-0186f96df8b9,6d731e6e-7dcf-4bde-8061-d0e195f62f6c,1
e1434d41-7a02-4d60-a6db-0186f96df8b9,d960f393-0a19-43f7-b2f1-2a79d9fc6fdd,1
e1434d41-7a02-4d60-a6db-0186f96df8b9,3fefc838-791d-4dde-975b-a4131a54e7c5,1
fa5f22d6-643c-4b0a-bb08-60e23f5b2450,2c54f4d6-5712-4e5a-a025-b7f7a396c39b,1
fa5f22d6-643c-4b0a-bb08-60e23f5b2450,c1ba372b-dba2-4bce-b72e-b5c832eaaf44,1
1cac07ce-35f7-4a91-8c77-8c431ea09c05,36a8b9e9-909e-4605-a7ba-686ee3e1b8bf,1
1cac07ce-35f7-4a91-8c77-8c431ea09c05,9ecf5866-dbe8-4cb2-b156-5097c7eec01f,1
1cac07ce-35f7-4a91-8c77-8c431ea09c05,22add642-d849-48ff-9913-8c7ba2d99b46,1
1cac07ce-35f7-4a91-8c77-8c431ea09c05,87f121a7-eef0-4be9-9372-a5efe5b4d375,1
1cac07ce-35f7-4a91-8c77-8c431ea09c05,8b3b3cdf-2be6-4f0b-8c86-f6be67e5b002,1
5ad4393f-88a8-4d7c-ab25-5242f5153793,332be1f6-5791-43ae-9e37-90cc48e75d24,1
8b933cd6-3590-4709-a8db-35a29c0774ab,84f9e5e8-4baa-42a4-a491-fb92d0258f49,1
8b933cd6-3590-4709-a8db-35a29c0774ab,3e62e13e-3955-494a-91b3-f00ab9e84b48,1
8b933cd6-3590-4709-a8db-35a29c0774ab,ff1480b5-61f2-4008-aada-387c2c490549,1
8b933cd6-3590-4709-a8db-35a29c0774ab,c7e84d16-449e-4154-a1bd-603b4fae329e,1
8b933cd6-3590-4709-a8db-35a29c0774ab,2ed52078-7e55-40ea-8036-0d89118a06f4,1
8b933cd6-3590-4709-a8db-35a29c0774ab,146384fc-3f64-4482-a78a-2f082411a27d,1
8b933cd6-3590-4709-a8db-35a29c0774ab,96196887-5a20-4e93-a302-72f306f32c9d,1
8b933cd6-3590-4709-a8db-35a29c0774ab,8e420764-a913-4eae-8514-9be858fdb9b3,1
8b933cd6-3590-4709-a8db-35a29c0774ab,a42cbe4f-89f0-42ae-a34d-f2e5db6aa1d2,1
8b933cd6-3590-4709-a8db-35a29c0774ab,7c6e9dbf-487b-4146-a379-19e46642c392,1
8b933cd6-3590-4709-a8db-35a29c0774ab,455cf48c-cdee-4721-a0ed-cd38af7aff0f,1
8b933cd6-3590-4709-a8db-35a29c0774ab,71084c02-973d-4544-b804-7ed82bd53027,1
8b933cd6-3590-4709-a8db-35a29c0774ab,21fca925-12ac-4215-ba1a-a9c73cb3b082,1
8b933cd6-3590-4709-a8db-35a29c0774ab,8d482810-26da-4bbc-8599-6b1fd1ab8743,1
8b933cd6-3590-4709-a8db-35a29c0774ab,298e6b5a-21a8-4d56-9484-1bac58c94a26,1
8b933cd6-3590-4709-a8db-35a29c0774ab,038920bb-8c40-4a30-8d0c-0a29bcd64751,1
8b933cd6-3590-4709-a8db-35a29c0774ab,fc725989-5c3e-4bf4-89b1-68caeec4d858,1
8b933cd6-3590-4709-a8db-35a29c0774ab,f4e80988-c139-4953-8176-b3d6d03f6449,1
8b933cd6-3590-4709-a8db-35a29c0774ab,2adc5a86-faa3-4b63-acff-a66128b811b7,1
8b933cd6-3590-4709-a8db-35a29c0774ab,d9321ccf-d303-4cfb-a24b-32aba49cef81,1
8b933cd6-3590-4709-a8db-35a29c0774ab,97ef14eb-f280-48a7-96c0-df03859b06c2,1
8b933cd6-3590-4709-a8db-35a29c0774ab,aab0a0be-89e6-442e-8cf9-e762bd18f76b,1
8b933cd6-3590-4709-a8db-35a29c0774ab,72fbf32e-c8c3-4914-92a1-66dc2439a114,1
8b933cd6-3590-4709-a8db-35a29c0774ab,87f121a7-eef0-4be9-9372-a5efe5b4d375,1
8b933cd6-3590-4709-a8db-35a29c0774ab,6f412521-2e9b-44b1-a3e4-8f1358caef63,1
8b933cd6-3590-4709-a8db-35a29c0774ab,7035def0-a9df-430a-99ee-6e13de12676c,1
8b933cd6-3590-4709-a8db-35a29c0774ab,5d642d09-8e03-4200-a79b-2a397a6d5d51,1
8b933cd6-3590-4709-a8db-35a29c0774ab,28a7419c-f432-4e1a-b0a6-aa9e71968a14,1
8b933cd6-3590-4709-a8db-35a29c0774ab,c6fc4688-1aca-4363-bd1a-8d14ea08d2f8,1
8b933cd6-3590-4709-a8db-35a29c0774ab,bd8b518b-d812-46f9-b367-4c1b660cfc99,1
8b933cd6-3590-4709-a8db-35a29c0774ab,7fcf7f09-12d7-4b06-a183-93c51f940670,1
8b933cd6-3590-4709-a8db-35a29c0774ab,e7065317-1d57-434a-8428-efa263ecc526,1
8b933cd6-3590-4709-a8db-35a29c0774ab,54fc7750-8540-4c22-8d46-9a6a2641c41a,1
8b933cd6-3590-4709-a8db-35a29c0774ab,f0335765-1ab0-4e94-ab38-f404de4c3b4d,1
8b933cd6-3590-4709-a8db-35a29c0774ab,826d798e-01d1-48d3-973c-e0e466a63ca8,1
8b933cd6-3590-4709-a8db-35a29c0774ab,c1ba372b-dba2-4bce-b72e-b5c832eaaf44,1
8b933cd6-3590-4709-a8db-35a29c0774ab,de64ade8-5025-40f9-a2e0-15b72797e6a7,1
8b933cd6-3590-4709-a8db-35a29c0774ab,716d89ce-b0da-4158-abb6-72f562206b37,1
8b933cd6-3590-4709-a8db-35a29c0774ab,d2c6f6f5-2236-4217-8361-3297b6369979,1
8b933cd6-3590-4709-a8db-35a29c0774ab,898afe8c-0297-45d6-b4b5-0cb9e632094b,1
332f78a2-d9b5-4e62-898f-ecd813e2482d,1f4a62eb-6f1a-4bfe-b7cd-e6dede0be00a,1
0e2f2a48-0736-4a47-a668-6d71076dd0eb,1f4a62eb-6f1a-4bfe-b7cd-e6dede0be00a,1
5dda5646-5755-4af2-b465-79d71f1f834d,e91bd464-be86-453c-b693-2ab818e11df2,1
c7210abd-1460-4be4-9469-83235a092a8c,566c99be-b436-365e-af4f-27be6c536358,1
a2769cb0-a096-4743-bcd3-8493ba1cea63,e45374c0-3e40-434c-92dc-203492ccee49,1
a2769cb0-a096-4743-bcd3-8493ba1cea63,a83f651d-9942-4699-92f5-a01051a43992,1
a2769cb0-a096-4743-bcd3-8493ba1cea63,bb8ccada-44cf-4f91-a84d-d602938c0529,1
a2769cb0-a096-4743-bcd3-8493ba1cea63,d88a1246-9684-480b-a480-ff63286b35b7,1
a2769cb0-a096-4743-bcd3-8493ba1cea63,3d3c6c1c-56a1-4b78-af2c-56f476e91155,1
a2769cb0-a096-4743-bcd3-8493ba1cea63,b5de6975-417b-4320-afdb-eb2a9e2a1dbf,1
a2769cb0-a096-4743-bcd3-8493ba1cea63,46a7a06a-f69b-405e-aac2-77f775449ad3,1
a2769cb0-a096-4743-bcd3-8493ba1cea63,0454f5f3-1d8c-464e-847d-541901eb021a,1
70e720cc-f5b0-4a92-bb92-2ab072e1a288,f660cf3f-afa9-4816-aafb-0098a36ca57d,1
70e720cc-f5b0-4a92-bb92-2ab072e1a288,c91a4635-8b7d-43fe-9b27-d95dec8392a7,1
876d204c-3615-49e0-9b46-517c977f4bd7,b694010f-992a-4d8e-b4ab-b20d0f037ff0,1
39591423-6c84-45d8-b198-1ea29551158c,703fce40-6116-4836-aca4-7dddc33912ab,1
666ba7e1-c561-47d9-8196-6b5a8a1eec24,2c54f4d6-5712-4e5a-a025-b7f7a396c39b,1
a6e8fa15-559f-43f2-bc59-275af22cc7b3,fff27cd6-426c-479f-ae66-077ae6f1437d,1
a6e8fa15-559f-43f2-bc59-275af22cc7b3,2c54f4d6-5712-4e5a-a025-b7f7a396c39b,1
f6d343df-9e25-486e-a6d6-264d46908e5f,8b3b3cdf-2be6-4f0b-8c86-f6be67e5b002,1
0869a3a7-3a3a-4b45-b173-7e55151e389c,8b3b3cdf-2be6-4f0b-8c86-f6be67e5b002,1
2bea09cd-f258-41b0-acdc-183f6a3c474b,c91a4635-8b7d-43fe-9b27-d95dec8392a7,1
2bea09cd-f258-41b0-acdc-183f6a3c474b,214a3e63-31aa-47de-a49c-5ea5a80330ed,1
847d3111-3a22-4f99-a73c-75d1516ae493,61cde866-312e-4624-bd7c-e6820c609f2d,1
847d3111-3a22-4f99-a73c-75d1516ae493,276ffd1e-efdd-42e2-b6c9-04fb5fa2b7ea,1
847d3111-3a22-4f99-a73c-75d1516ae493,4b71eb3d-7d55-4967-b80d-91a3f220b60c,1
847d3111-3a22-4f99-a73c-75d1516ae493,f33dc893-bd57-4e5c-a3b0-e32925f4f6b1,1
847d3111-3a22-4f99-a73c-75d1516ae493,d230c9e8-745a-4da3-a3b4-86842591d9f0,1
1d7fa9f8-0a66-4b07-a995-33d5084484c3,22add642-d849-48ff-9913-8c7ba2d99b46,1
7c3d1682-6182-431e-bfb1-a1eaf980fbcd,6d92970a-d698-418b-8576-f3b03dc1a59a,1
7c3d1682-6182-431e-bfb1-a1eaf980fbcd,6858b208-62bc-424e-9d7b-c89b74d3d3e3,1
7c3d1682-6182-431e-bfb1-a1eaf980fbcd,aa8876c7-9711-4969-b428-34400f2d0dbe,1
b6791c32-da5f-45d9-b13b-8c2506b814ee,c223b93a-2634-4f06-ac73-8709b9e16888,1
b6791c32-da5f-45d9-b13b-8c2506b814ee,2c54f4d6-5712-4e5a-a025-b7f7a396c39b,1
51f3e07b-ba2a-4b68-8580-77cc2e5fdb25,74358c31-1607-41ff-bf02-a4b171e3a40d,1
51f3e07b-ba2a-4b68-8580-77cc2e5fdb25,92183c55-442b-405d-9046-d19b07ffc83a,1
4059535b-52a5-4660-b4fd-e4f72a35df0b,74358c31-1607-41ff-bf02-a4b171e3a40d,1
4059535b-52a5-4660-b4fd-e4f72a35df0b,92183c55-442b-405d-9046-d19b07ffc83a,1
146ee6f5-d7d4-44ee-8d40-6145c8c1bf59,6858b208-62bc-424e-9d7b-c89b74d3d3e3,1
146ee6f5-d7d4-44ee-8d40-6145c8c1bf59,aa8876c7-9711-4969-b428-34400f2d0dbe,1
146ee6f5-d7d4-44ee-8d40-6145c8c1bf59,71a6ca86-228a-4b57-b1bc-c3b887dd009e,1
ac21e2b9-d43a-46a8-a24d-d3bf0e05fbb7,aa8876c7-9711-4969-b428-34400f2d0dbe,1
ac21e2b9-d43a-46a8-a24d-d3bf0e05fbb7,6858b208-62bc-424e-9d7b-c89b74d3d3e3,1
5a7f6929-6be2-4eb4-b678-4221b7da0be2,6858b208-62bc-424e-9d7b-c89b74d3d3e3,1
780fa21e-38cf-4e53-a449-9fae3a2d1f36,a01bd054-65f7-4433-b852-6c8f926a4da0,1
4bc9fbcf-6431-4d33-97c4-6072c8fcf911,71a6ca86-228a-4b57-b1bc-c3b887dd009e,1
4bc9fbcf-6431-4d33-97c4-6072c8fcf911,6d92970a-d698-418b-8576-f3b03dc1a59a,1
4bc9fbcf-6431-4d33-97c4-6072c8fcf911,5983a1bb-62b6-4e26-afd0-dc234b34cf4b,1
4bc9fbcf-6431-4d33-97c4-6072c8fcf911,4111e2d8-1729-4953-899a-c55bc382857e,1
5b541eea-fc3e-4eb2-a301-9ce31cdc8ee6,6858b208-62bc-424e-9d7b-c89b74d3d3e3,1
19e40c31-6491-439d-93e4-d2c62295e84e,6858b208-62bc-424e-9d7b-c89b74d3d3e3,1
19e40c31-6491-439d-93e4-d2c62295e84e,4315e096-f51e-4b56-8235-57be9789a62c,1
19e40c31-6491-439d-93e4-d2c62295e84e,8a528b7f-98af-4893-af73-5d5f26d3aa7c,1
19e40c31-6491-439d-93e4-d2c62295e84e,aa8876c7-9711-4969-b428-34400f2d0dbe,1
a2c9937d-5717-42d2-b460-8084254cf485,8a528b7f-98af-4893-af73-5d5f26d3aa7c,1
4e1338fd-27b8-4561-9510-87bbd6a02bfd,aa8876c7-9711-4969-b428-34400f2d0dbe,1
4e1338fd-27b8-4561-9510-87bbd6a02bfd,6858b208-62bc-424e-9d7b-c89b74d3d3e3,1
9e646788-b9e3-4992-80b0-49ac3ce172c8,8a528b7f-98af-4893-af73-5d5f26d3aa7c,1
e1aa98c6-ec8d-4f2d-9997-e803438cb6aa,db5df31a-ae36-43ad-8e71-9691eb45411b,1
e1aa98c6-ec8d-4f2d-9997-e803438cb6aa,ebc58372-cde4-45b6-952f-651fd075ddca,1
b73863d2-9c52-4dfd-b938-96bf0f9e3be2,2a0cb127-ea73-4cbd-a73f-e7d69d6fba5d,1
00e51fae-9ee4-40ee-b2b0-53acd5d2667c,6772e22a-a364-47df-9cf7-0590fdde1757,1
24497c5e-c6c1-40ba-8d57-31327085bbfc,2c54f4d6-5712-4e5a-a025-b7f7a396c39b,1
af768d88-f2cc-4f41-81b2-12a8fbf4cdd7,2c54f4d6-5712-4e5a-a025-b7f7a396c39b,1
eb63d7ca-773a-4a37-a2f0-24b5f076e60f,d230c9e8-745a-4da3-a3b4-86842591d9f0,1
eb63d7ca-773a-4a37-a2f0-24b5f076e60f,566c99be-b436-365e-af4f-27be6c536358,1
93a942bb-3a39-42ee-a8ff-caeccce59fa6,1446c895-cd1f-3ed4-8dd2-66fee300c16e,1
93a942bb-3a39-42ee-a8ff-caeccce59fa6,6fc1c927-bf21-3d72-9333-a9055493ab3c,1
7a2ba3e6-6bdb-4a06-a673-dc5f597ea2f5,92183c55-442b-405d-9046-d19b07ffc83a,1
7a2ba3e6-6bdb-4a06-a673-dc5f597ea2f5,19247271-ae6d-41ad-9f8d-065542303dd3,1
7a2ba3e6-6bdb-4a06-a673-dc5f597ea2f5,97ef14eb-f280-48a7-96c0-df03859b06c2,1
7a2ba3e6-6bdb-4a06-a673-dc5f597ea2f5,f4e80988-c139-4953-8176-b3d6d03f6449,1
7a2ba3e6-6bdb-4a06-a673-dc5f597ea2f5,383408d4-89b8-42df-af53-5c89f91e0cc7,1
7a2ba3e6-6bdb-4a06-a673-dc5f597ea2f5,257b205d-6dfb-4e47-b279-87601e368935,1
7a2ba3e6-6bdb-4a06-a673-dc5f597ea2f5,995a2fd3-b6b9-4240-8beb-157e83aaf963,1
7a2ba3e6-6bdb-4a06-a673-dc5f597ea2f5,c7e84d16-449e-4154-a1bd-603b4fae329e,1
7a2ba3e6-6bdb-4a06-a673-dc5f597ea2f5,fc725989-5c3e-4bf4-89b1-68caeec4d858,1
7a2ba3e6-6bdb-4a06-a673-dc5f597ea2f5,24f9c1ec-7df5-41ff-8f72-320f983e97e4,1
7a2ba3e6-6bdb-4a06-a673-dc5f597ea2f5,cabad01a-8cc7-48c0-b7e8-ffbe1e685b26,1
7a2ba3e6-6bdb-4a06-a673-dc5f597ea2f5,3ff63cf5-8d04-4be5-9449-96411ae9fc36,1
7a2ba3e6-6bdb-4a06-a673-dc5f597ea2f5,8d72f56e-c5ec-4160-bf66-ed8d5dc6b60a,1
7a2ba3e6-6bdb-4a06-a673-dc5f597ea2f5,2adc5a86-faa3-4b63-acff-a66128b811b7,1
7a2ba3e6-6bdb-4a06-a673-dc5f597ea2f5,64f0f230-58c8-4b74-9bcc-3e28716307ed,1
7a2ba3e6-6bdb-4a06-a673-dc5f597ea2f5,3bda5fb3-a829-437f-93c3-ba347067129d,1
7a2ba3e6-6bdb-4a06-a673-dc5f597ea2f5,7aea60cb-4c5b-4794-9bfc-29972c3a0842,1
7a2ba3e6-6bdb-4a06-a673-dc5f597ea2f5,6f412521-2e9b-44b1-a3e4-8f1358caef63,1
7a2ba3e6-6bdb-4a06-a673-dc5f597ea2f5,898afe8c-0297-45d6-b4b5-0cb9e632094b,1
7a2ba3e6-6bdb-4a06-a673-dc5f597ea2f5,7fcf7f09-12d7-4b06-a183-93c51f940670,1
7a2ba3e6-6bdb-4a06-a673-dc5f597ea2f5,53b70911-67ee-459b-a573-130272275a91,1
7a2ba3e6-6bdb-4a06-a673-dc5f597ea2f5,692e6b08-f8c3-4d1b-98b0-819a65549f07,1
7a2ba3e6-6bdb-4a06-a673-dc5f597ea2f5,716d89ce-b0da-4158-abb6-72f562206b37,1
7a2ba3e6-6bdb-4a06-a673-dc5f597ea2f5,298e6b5a-21a8-4d56-9484-1bac58c94a26,1
7a2ba3e6-6bdb-4a06-a673-dc5f597ea2f5,be2e0197-57b8-4fcf-a144-cb33f7466f3a,1
7a2ba3e6-6bdb-4a06-a673-dc5f597ea2f5,5d642d09-8e03-4200-a79b-2a397a6d5d51,1
7a2ba3e6-6bdb-4a06-a673-dc5f597ea2f5,973d2ade-0d91-4c6f-b2d6-e19e6211d4fe,1
7a2ba3e6-6bdb-4a06-a673-dc5f597ea2f5,f0335765-1ab0-4e94-ab38-f404de4c3b4d,1
7a2ba3e6-6bdb-4a06-a673-dc5f597ea2f5,3bb93411-5d34-4cf5-a1f0-664168c0db24,1
7a2ba3e6-6bdb-4a06-a673-dc5f597ea2f5,a16d2431-eeec-4e76-8280-b1ac7b4082ff,1
7a2ba3e6-6bdb-4a06-a673-dc5f597ea2f5,45d684ca-6ad7-4c5e-a721-64aa31795824,1
7a2ba3e6-6bdb-4a06-a673-dc5f597ea2f5,146384fc-3f64-4482-a78a-2f082411a27d,1
7a2ba3e6-6bdb-4a06-a673-dc5f597ea2f5,0eb9c379-1bc5-43e8-8d1d-72697f23f4a6,1
7a2ba3e6-6bdb-4a06-a673-dc5f597ea2f5,74358c31-1607-41ff-bf02-a4b171e3a40d,1
7a2ba3e6-6bdb-4a06-a673-dc5f597ea2f5,627a9226-a907-4018-89e3-878002a9d22b,1
7a2ba3e6-6bdb-4a06-a673-dc5f597ea2f5,87f121a7-eef0-4be9-9372-a5efe5b4d375,1
7a2ba3e6-6bdb-4a06-a673-dc5f597ea2f5,a9485d15-2f8d-4b06-b3f4-83ba7f8007a0,1
7a2ba3e6-6bdb-4a06-a673-dc5f597ea2f5,1ac8b693-987f-47bd-ac7b-f432b01a04a3,1
7a2ba3e6-6bdb-4a06-a673-dc5f597ea2f5,19987402-b592-41d5-89f7-fab3ab43fa54,1
7a2ba3e6-6bdb-4a06-a673-dc5f597ea2f5,0a644521-25b9-4930-a55e-debf76547a80,1
7a2ba3e6-6bdb-4a06-a673-dc5f597ea2f5,f35b2a10-4d8b-40f3-9eb7-15d84c2f7f58,1
7a2ba3e6-6bdb-4a06-a673-dc5f597ea2f5,71084c02-973d-4544-b804-7ed82bd53027,1
7a2ba3e6-6bdb-4a06-a673-dc5f597ea2f5,d6513aa8-ad7e-4127-8e9c-7ceff23847d8,1
7a2ba3e6-6bdb-4a06-a673-dc5f597ea2f5,4904b8e4-a002-4bcd-bda3-d496eab8fda4,1
95986c1a-8263-4cd3-b7aa-a38266b33a02,71084c02-973d-4544-b804-7ed82bd53027,1
d02f2647-5a8c-47a8-a8b8-af1ea5f9716b,b77d0b46-306c-46da-b26d-6e4dd718fde7,1
d02f2647-5a8c-47a8-a8b8-af1ea5f9716b,bd8b518b-d812-46f9-b367-4c1b660cfc99,1
5946eb79-b6c2-4cf8-b0d1-4695e5e88cdc,e3a62956-16ba-4368-bc06-852796c261cb,1
e28bc145-6da7-4402-a162-0f3b8521f9ad,826d798e-01d1-48d3-973c-e0e466a63ca8,1
e28bc145-6da7-4402-a162-0f3b8521f9ad,146384fc-3f64-4482-a78a-2f082411a27d,1
e28bc145-6da7-4402-a162-0f3b8521f9ad,455cf48c-cdee-4721-a0ed-cd38af7aff0f,1
e28bc145-6da7-4402-a162-0f3b8521f9ad,c7e84d16-449e-4154-a1bd-603b4fae329e,1
e28bc145-6da7-4402-a162-0f3b8521f9ad,c1ba372b-dba2-4bce-b72e-b5c832eaaf44,1
e28bc145-6da7-4402-a162-0f3b8521f9ad,f4e80988-c139-4953-8176-b3d6d03f6449,1
e28bc145-6da7-4402-a162-0f3b8521f9ad,87f121a7-eef0-4be9-9372-a5efe5b4d375,1
e28bc145-6da7-4402-a162-0f3b8521f9ad,c6fc4688-1aca-4363-bd1a-8d14ea08d2f8,1
e28bc145-6da7-4402-a162-0f3b8521f9ad,54fc7750-8540-4c22-8d46-9a6a2641c41a,1
e28bc145-6da7-4402-a162-0f3b8521f9ad,72fbf32e-c8c3-4914-92a1-66dc2439a114,1
e28bc145-6da7-4402-a162-0f3b8521f9ad,28a7419c-f432-4e1a-b0a6-aa9e71968a14,1
e28bc145-6da7-4402-a162-0f3b8521f9ad,4e8d237b-8bd4-4483-a85d-431784c543b9,1
e28bc145-6da7-4402-a162-0f3b8521f9ad,f7bd721a-1f72-4bef-a38c-792f59cc8fe3,1
e28bc145-6da7-4402-a162-0f3b8521f9ad,5d642d09-8e03-4200-a79b-2a397a6d5d51,1
e28bc145-6da7-4402-a162-0f3b8521f9ad,298e6b5a-21a8-4d56-9484-1bac58c94a26,1
e28bc145-6da7-4402-a162-0f3b8521f9ad,7035def0-a9df-430a-99ee-6e13de12676c,1
e28bc145-6da7-4402-a162-0f3b8521f9ad,354f9aa0-2f0a-4cdf-9b60-d023da93cc76,1
e28bc145-6da7-4402-a162-0f3b8521f9ad,3e62e13e-3955-494a-91b3-f00ab9e84b48,1
e28bc145-6da7-4402-a162-0f3b8521f9ad,bd8b518b-d812-46f9-b367-4c1b660cfc99,1
e28bc145-6da7-4402-a162-0f3b8521f9ad,383408d4-89b8-42df-af53-5c89f91e0cc7,1
e28bc145-6da7-4402-a162-0f3b8521f9ad,d2c6f6f5-2236-4217-8361-3297b6369979,1
e28bc145-6da7-4402-a162-0f3b8521f9ad,cda1b8eb-40ef-4229-9417-2ba29ea816dd,1
e28bc145-6da7-4402-a162-0f3b8521f9ad,fc725989-5c3e-4bf4-89b1-68caeec4d858,1
e28bc145-6da7-4402-a162-0f3b8521f9ad,21fca925-12ac-4215-ba1a-a9c73cb3b082,1
e28bc145-6da7-4402-a162-0f3b8521f9ad,97ef14eb-f280-48a7-96c0-df03859b06c2,1
e28bc145-6da7-4402-a162-0f3b8521f9ad,627a9226-a907-4018-89e3-878002a9d22b,1
e28bc145-6da7-4402-a162-0f3b8521f9ad,2ed52078-7e55-40ea-8036-0d89118a06f4,1
e28bc145-6da7-4402-a162-0f3b8521f9ad,47c7ffa9-65ba-41d1-9461-4e5458afd62e,1
e28bc145-6da7-4402-a162-0f3b8521f9ad,8e420764-a913-4eae-8514-9be858fdb9b3,1
e28bc145-6da7-4402-a162-0f3b8521f9ad,71084c02-973d-4544-b804-7ed82bd53027,1
e28bc145-6da7-4402-a162-0f3b8521f9ad,84f9e5e8-4baa-42a4-a491-fb92d0258f49,1
e28bc145-6da7-4402-a162-0f3b8521f9ad,7c6e9dbf-487b-4146-a379-19e46642c392,1
e28bc145-6da7-4402-a162-0f3b8521f9ad,7fcf7f09-12d7-4b06-a183-93c51f940670,1
e28bc145-6da7-4402-a162-0f3b8521f9ad,e7065317-1d57-434a-8428-efa263ecc526,1
e28bc145-6da7-4402-a162-0f3b8521f9ad,6f412521-2e9b-44b1-a3e4-8f1358caef63,1
e28bc145-6da7-4402-a162-0f3b8521f9ad,4315e096-f51e-4b56-8235-57be9789a62c,1
e28bc145-6da7-4402-a162-0f3b8521f9ad,22add642-d849-48ff-9913-8c7ba2d99b46,1
e28bc145-6da7-4402-a162-0f3b8521f9ad,de64ade8-5025-40f9-a2e0-15b72797e6a7,1
e28bc145-6da7-4402-a162-0f3b8521f9ad,898afe8c-0297-45d6-b4b5-0cb9e632094b,1
e28bc145-6da7-4402-a162-0f3b8521f9ad,8e454ce2-435e-4352-962b-1bf4e4303301,1
e28bc145-6da7-4402-a162-0f3b8521f9ad,8d482810-26da-4bbc-8599-6b1fd1ab8743,1
e28bc145-6da7-4402-a162-0f3b8521f9ad,f0335765-1ab0-4e94-ab38-f404de4c3b4d,1
e28bc145-6da7-4402-a162-0f3b8521f9ad,2adc5a86-faa3-4b63-acff-a66128b811b7,1
e28bc145-6da7-4402-a162-0f3b8521f9ad,96196887-5a20-4e93-a302-72f306f32c9d,1
e28bc145-6da7-4402-a162-0f3b8521f9ad,716d89ce-b0da-4158-abb6-72f562206b37,1
e28bc145-6da7-4402-a162-0f3b8521f9ad,aac2629e-495d-4468-9c8b-cd9649bd7b5d,1
e28bc145-6da7-4402-a162-0f3b8521f9ad,8a528b7f-98af-4893-af73-5d5f26d3aa7c,1
e28bc145-6da7-4402-a162-0f3b8521f9ad,aab0a0be-89e6-442e-8cf9-e762bd18f76b,1
e28bc145-6da7-4402-a162-0f3b8521f9ad,038920bb-8c40-4a30-8d0c-0a29bcd64751,1
e28bc145-6da7-4402-a162-0f3b8521f9ad,d9321ccf-d303-4cfb-a24b-32aba49cef81,1
e28bc145-6da7-4402-a162-0f3b8521f9ad,e8b9bb31-5ad1-4cc3-a0ae-177c93671d0b,1
e28bc145-6da7-4402-a162-0f3b8521f9ad,a42cbe4f-89f0-42ae-a34d-f2e5db6aa1d2,1
63bc4638-11fd-4afc-8743-5219e916a5ee,566c8d52-b6f8-48b9-921e-856ba5be392d,1
8f47d706-6610-4857-aae8-64889e0ce2b8,02eb8854-42a2-44cc-b8f1-abd5cfbd00c9,1
8f47d706-6610-4857-aae8-64889e0ce2b8,ff1480b5-61f2-4008-aada-387c2c490549,1
8f47d706-6610-4857-aae8-64889e0ce2b8,038920bb-8c40-4a30-8d0c-0a29bcd64751,1
ffa113f6-b3e5-4efe-9ac5-cbcbc8a763a3,298e6b5a-21a8-4d56-9484-1bac58c94a26,1
35e63cac-f4aa-40b2-bdb7-cf5252b2030d,4e5c9414-2886-462e-b19f-a598ad065522,1
fff68f2f-ba5b-4d21-8212-a9b4d2eb23f8,298e6b5a-21a8-4d56-9484-1bac58c94a26,1
42f2327e-5bf3-4b9c-bcac-9aee18638037,298e6b5a-21a8-4d56-9484-1bac58c94a26,1
25bfcf8a-9e8a-4744-ab08-4dc1ed5e4823,298e6b5a-21a8-4d56-9484-1bac58c94a26,1
e783dd89-996f-4e2d-9747-5b4f08f96c14,c91a4635-8b7d-43fe-9b27-d95dec8392a7,1
673ab238-d1e6-4f4e-844d-2f3d88af48c4,71edef44-9d6c-4042-ab71-7207dc930ba7,1
997fe719-6d22-45a2-9c9e-06ac43201e17,2c54f4d6-5712-4e5a-a025-b7f7a396c39b,1
4da00315-74a4-43dc-b9f0-9428051264b3,8e9cba91-c956-49fc-8567-99aa17caa02c,1
61446844-9d56-49bb-a194-bf3ae3131375,5fabbf7c-75b0-45c3-b85d-b7e3f37c4b31,1
ed9964b6-c9d8-47b9-8c68-b81c0f0d22e9,254757be-69ef-4a6c-a4c1-1432815d7522,1
ed9964b6-c9d8-47b9-8c68-b81c0f0d22e9,2c54f4d6-5712-4e5a-a025-b7f7a396c39b,1
5091884b-a000-44c2-8b51-bf488354663a,bb86970f-3cef-4f9a-a79b-ff277ea925c8,1
da464e01-7b63-4f70-a452-30c2473ab4fc,9c203fec-dc0d-412c-a7a3-7fd77d0346f1,1
a07f96f6-56f5-47d9-96d3-3c5dfb1cb311,146384fc-3f64-4482-a78a-2f082411a27d,1
a07f96f6-56f5-47d9-96d3-3c5dfb1cb311,2c54f4d6-5712-4e5a-a025-b7f7a396c39b,1
da014105-3ac4-4eb9-982d-b89af002a53a,fa96d249-2f58-48ce-bb3f-bb18b447ffc8,1
da014105-3ac4-4eb9-982d-b89af002a53a,a0535d6d-4c34-4524-9591-e9e51e3d28c4,1
da014105-3ac4-4eb9-982d-b89af002a53a,e640951d-4179-44ed-a9cb-9e42169e9b48,1
7266c75a-dcdc-4d95-9800-bd0faab020ec,2c54f4d6-5712-4e5a-a025-b7f7a396c39b,1
60dfd38a-5ea3-444e-8cdb-e5818f01596c,3fefc838-791d-4dde-975b-a4131a54e7c5,1
60dfd38a-5ea3-444e-8cdb-e5818f01596c,72fbf32e-c8c3-4914-92a1-66dc2439a114,1
60dfd38a-5ea3-444e-8cdb-e5818f01596c,1039ed7e-97fb-435f-b6cc-f6a105ba5e09,1
ef1e0220-d4dc-4654-8c12-a036805fdd47,2c54f4d6-5712-4e5a-a025-b7f7a396c39b,1
ef1e0220-d4dc-4654-8c12-a036805fdd47,254757be-69ef-4a6c-a4c1-1432815d7522,1
d4acf559-e513-4162-9160-88c7f53fb22d,5e6175cd-dc44-4b32-a64a-1ac4239a6e4a,1
4243273b-59d3-4b5c-abd3-887ca5580d16,5e6175cd-dc44-4b32-a64a-1ac4239a6e4a,1
4f3a3866-c358-49af-b777-306ebb108622,2c54f4d6-5712-4e5a-a025-b7f7a396c39b,1
4f3a3866-c358-49af-b777-306ebb108622,254757be-69ef-4a6c-a4c1-1432815d7522,1
9b8ceddd-7149-4341-a77f-039536538313,cfba4373-a654-3e0b-80f8-348738169f95,1
ce8fd77e-b6bf-472d-96d6-dd01b69a043b,cfba4373-a654-3e0b-80f8-348738169f95,1
37d3bcf1-0be5-4a16-b09c-a4183b18341e,87fc82a0-0042-49c8-b6f9-2602cd3dc17a,1
bc401312-599c-48da-9f49-5f4f6b45f4c3,2f5baa1f-208c-42c2-8d04-9ea74aa1b229,1
1b35e68f-df9d-448a-8077-ca58759da0a2,cfba4373-a654-3e0b-80f8-348738169f95,1
f8701008-0d61-4d38-89df-da2ec1127dcf,0fb9ae1a-92cb-4ab8-a589-470c16d4fe21,1
2950ed03-db2b-4532-8b19-b67748868064,0a05c52d-f896-4eaf-a475-b914ab29c33a,1
2950ed03-db2b-4532-8b19-b67748868064,0fb9ae1a-92cb-4ab8-a589-470c16d4fe21,1
56d7dc51-8ea7-402b-afd4-62e63e698d8e,0fb9ae1a-92cb-4ab8-a589-470c16d4fe21,1
c47a21ad-8b8d-4ac6-94d6-2757fc797111,2c54f4d6-5712-4e5a-a025-b7f7a396c39b,1
baee6416-544a-4bfd-9aa3-8b417b39c1b7,0fb9ae1a-92cb-4ab8-a589-470c16d4fe21,1
4a30667b-65ea-4272-9272-366da6b12cb9,0fb9ae1a-92cb-4ab8-a589-470c16d4fe21,1
3a815c50-1045-4200-87cc-a1b252569a54,0fb9ae1a-92cb-4ab8-a589-470c16d4fe21,1
ad4c0ab5-73cb-4203-b78c-519a6a90ce46,13a9f9d7-f013-4b12-a990-387714039247,1
ad4c0ab5-73cb-4203-b78c-519a6a90ce46,2c54f4d6-5712-4e5a-a025-b7f7a396c39b,1
6bda7663-12a4-48d1-adba-c94b2f2187b4,5c74388f-200b-3deb-9043-eeb1e7d7b53a,1
6bda7663-12a4-48d1-adba-c94b2f2187b4,566c99be-b436-365e-af4f-27be6c536358,1
6bda7663-12a4-48d1-adba-c94b2f2187b4,2c54f4d6-5712-4e5a-a025-b7f7a396c39b,1
6bda7663-12a4-48d1-adba-c94b2f2187b4,3fefc838-791d-4dde-975b-a4131a54e7c5,1
6bda7663-12a4-48d1-adba-c94b2f2187b4,13a9f9d7-f013-4b12-a990-387714039247,1
c9cf146a-0014-49e1-bbf2-84b6386fa687,36886c25-6961-4055-96b2-b3e8b138e588,1
c9cf146a-0014-49e1-bbf2-84b6386fa687,2c54f4d6-5712-4e5a-a025-b7f7a396c39b,1
89811612-ccc3-4ad3-aaf7-5558d1ebf17c,97ef14eb-f280-48a7-96c0-df03859b06c2,1
2b73ded2-1db1-4bbe-b555-ad451eba1870,c223b93a-2634-4f06-ac73-8709b9e16888,1
2b73ded2-1db1-4bbe-b555-ad451eba1870,2c54f4d6-5712-4e5a-a025-b7f7a396c39b,1
923839b2-4e69-40f9-ac7c-64f493188aab,050f108b-8299-4d30-8ab0-10a0f289d725,1
6a64f064-da1e-43aa-adce-767147d4c8d4,9b40a0af-a6fe-47ff-9624-2ea8f40c746f,1
4c39f816-dc04-43f7-b99a-9523e76ea7b0,52abfc2b-031c-4875-b838-653abbfccf4e,1
d9a87c0f-7f1b-4251-bdcb-b44f692f2614,898afe8c-0297-45d6-b4b5-0cb9e632094b,1
d97e67c1-438a-45b7-8875-c0b52ca2395e,898afe8c-0297-45d6-b4b5-0cb9e632094b,1
d97e67c1-438a-45b7-8875-c0b52ca2395e,4e8d237b-8bd4-4483-a85d-431784c543b9,1
d97e67c1-438a-45b7-8875-c0b52ca2395e,7c6e9dbf-487b-4146-a379-19e46642c392,1
3c681cf7-18aa-4789-b28f-cffff5db3304,898afe8c-0297-45d6-b4b5-0cb9e632094b,1
9c3653ec-e480-4628-b9c5-8e778e200bac,7effe370-ce79-4286-b299-c5d851f546ff,1
9c3653ec-e480-4628-b9c5-8e778e200bac,734a5746-bbda-4fc0-8eb3-52c6325ceb88,1
0390f8b6-6773-48db-abdc-4d4fe09ecd9d,cfba4373-a654-3e0b-80f8-348738169f95,1
90359ef4-d9bc-4421-a963-b2cfc23d5971,25b694ad-802b-4f64-bcbc-09897b0dcbf7,1
412e1c7c-e35b-4cbb-b1c7-0347a68ed6b8,96196887-5a20-4e93-a302-72f306f32c9d,1
f588b902-ebb5-4956-acdc-28a608622a64,35691b6c-9ed7-4517-b4b3-688b0569729a,1
434ceaa0-1ec7-46ab-9ce2-6009123474f4,2c54f4d6-5712-4e5a-a025-b7f7a396c39b,1
434ceaa0-1ec7-46ab-9ce2-6009123474f4,254757be-69ef-4a6c-a4c1-1432815d7522,1
d5de0488-3fee-40a4-b545-3215f606aeaa,c8218f47-8ef6-43c6-9f86-3125e317f60e,1
e01e8ee7-265f-4e22-85c0-f714056114ae,8b3b3cdf-2be6-4f0b-8c86-f6be67e5b002,1
96fa228b-2fe7-4aef-9f65-4d0b4c69b0c2,2c54f4d6-5712-4e5a-a025-b7f7a396c39b,1
1d6e8d13-4d34-4350-baf8-9102f080ff42,a73befc7-575f-48cb-8eb9-b05172a8c9e3,1
c6d918f0-deb2-4abc-91aa-c94af5d12af1,e527be89-5193-43b2-8388-1f7feee2f8fd,1
c6d918f0-deb2-4abc-91aa-c94af5d12af1,294de677-b02d-4a74-b189-cc04fa820d96,1
c6d918f0-deb2-4abc-91aa-c94af5d12af1,28c9e877-36e7-4ced-896e-6bead8f9e190,1
005e0aff-dbfb-4f9b-acbf-1e1bd2a718a5,e2e7100e-7094-48cf-9d6d-146a52c8dd8b,1
005e0aff-dbfb-4f9b-acbf-1e1bd2a718a5,46a7a06a-f69b-405e-aac2-77f775449ad3,1
005e0aff-dbfb-4f9b-acbf-1e1bd2a718a5,d585e816-1a36-4c76-b2dc-6db487d22ca3,1
005e0aff-dbfb-4f9b-acbf-1e1bd2a718a5,2c54f4d6-5712-4e5a-a025-b7f7a396c39b,1
3682b2e9-8613-44c6-b895-5ee68beb238a,9a78b016-2cb4-4be3-aecd-60ff99b4f356,1
3682b2e9-8613-44c6-b895-5ee68beb238a,e2e7100e-7094-48cf-9d6d-146a52c8dd8b,1
8a8e4cd7-60bc-45ef-b7fa-c1b922526c4c,4c1e5a1a-9847-4814-8018-0bcaf7f0aead,1
b53e6f6d-94dd-4101-a480-8d3bc012b18b,c7e84d16-449e-4154-a1bd-603b4fae329e,1
100c8af7-a46d-4f7d-ac08-d498c1ef8009,bd8b518b-d812-46f9-b367-4c1b660cfc99,1
41ba5234-ef75-4592-8bc4-5e2857a64fdf,bd8b518b-d812-46f9-b367-4c1b660cfc99,1
b45a6730-59c5-415b-ae9b-2d712bdc323f,4111e2d8-1729-4953-899a-c55bc382857e,1
b45a6730-59c5-415b-ae9b-2d712bdc323f,c223b93a-2634-4f06-ac73-8709b9e16888,1
7723f849-230b-4871-9657-2bda9919d91a,5d642d09-8e03-4200-a79b-2a397a6d5d51,1
872ed73b-9081-4095-9d09-6e3b22e2d90a,5ea10ba1-3577-407a-893b-175247a9bf4a,1
872ed73b-9081-4095-9d09-6e3b22e2d90a,4e5c9414-2886-462e-b19f-a598ad065522,1
872ed73b-9081-4095-9d09-6e3b22e2d90a,f1f6f15d-2faa-4b62-b78b-80599dd1c66e,1
872ed73b-9081-4095-9d09-6e3b22e2d90a,e7065317-1d57-434a-8428-efa263ecc526,1
872ed73b-9081-4095-9d09-6e3b22e2d90a,a000f9a9-e053-4b27-8836-239181d0a3a5,1
872ed73b-9081-4095-9d09-6e3b22e2d90a,4f677177-23bc-4f0a-8dbf-578762c8d976,1
872ed73b-9081-4095-9d09-6e3b22e2d90a,573060f0-80c8-4141-b355-80ebd94ef87a,1
872ed73b-9081-4095-9d09-6e3b22e2d90a,b0408646-3c6a-490e-aee4-b61a1824f9b8,1
c36ccb34-0056-465d-9c56-c70bd08b3be8,56f9f78e-a51a-4990-aebd-082aebfb0fe7,1
bc52a248-d015-4293-a4ac-e8decbcb1fc1,22add642-d849-48ff-9913-8c7ba2d99b46,1
bc52a248-d015-4293-a4ac-e8decbcb1fc1,aab0a0be-89e6-442e-8cf9-e762bd18f76b,1
bc52a248-d015-4293-a4ac-e8decbcb1fc1,f4e80988-c139-4953-8176-b3d6d03f6449,1
bc52a248-d015-4293-a4ac-e8decbcb1fc1,aa8876c7-9711-4969-b428-34400f2d0dbe,1
bc52a248-d015-4293-a4ac-e8decbcb1fc1,87f121a7-eef0-4be9-9372-a5efe5b4d375,1
bc52a248-d015-4293-a4ac-e8decbcb1fc1,98908792-f315-4834-9b5e-20fed66cbe5a,1
bc52a248-d015-4293-a4ac-e8decbcb1fc1,c5cf2502-7572-4fd1-a836-48b335a2d47d,1
bc52a248-d015-4293-a4ac-e8decbcb1fc1,716d89ce-b0da-4158-abb6-72f562206b37,1
bc52a248-d015-4293-a4ac-e8decbcb1fc1,6f412521-2e9b-44b1-a3e4-8f1358caef63,1
bc52a248-d015-4293-a4ac-e8decbcb1fc1,f1f6f15d-2faa-4b62-b78b-80599dd1c66e,1
bc52a248-d015-4293-a4ac-e8decbcb1fc1,826d798e-01d1-48d3-973c-e0e466a63ca8,1
bc52a248-d015-4293-a4ac-e8decbcb1fc1,54fc7750-8540-4c22-8d46-9a6a2641c41a,1
bc52a248-d015-4293-a4ac-e8decbcb1fc1,770f9237-9a7f-45e4-9647-aacf35ddee06,1
bc52a248-d015-4293-a4ac-e8decbcb1fc1,8e420764-a913-4eae-8514-9be858fdb9b3,1
bc52a248-d015-4293-a4ac-e8decbcb1fc1,2ed52078-7e55-40ea-8036-0d89118a06f4,1
bc52a248-d015-4293-a4ac-e8decbcb1fc1,7fcf7f09-12d7-4b06-a183-93c51f940670,1
bc52a248-d015-4293-a4ac-e8decbcb1fc1,3ff63cf5-8d04-4be5-9449-96411ae9fc36,1
bc52a248-d015-4293-a4ac-e8decbcb1fc1,ce6baef9-42a8-4c09-8d50-99be6ac4ca9e,1
bc52a248-d015-4293-a4ac-e8decbcb1fc1,9c203fec-dc0d-412c-a7a3-7fd77d0346f1,1
bc52a248-d015-4293-a4ac-e8decbcb1fc1,8d482810-26da-4bbc-8599-6b1fd1ab8743,1
bc52a248-d015-4293-a4ac-e8decbcb1fc1,c6fc4688-1aca-4363-bd1a-8d14ea08d2f8,1
bc52a248-d015-4293-a4ac-e8decbcb1fc1,d2c6f6f5-2236-4217-8361-3297b6369979,1
bc52a248-d015-4293-a4ac-e8decbcb1fc1,5d642d09-8e03-4200-a79b-2a397a6d5d51,1
bc52a248-d015-4293-a4ac-e8decbcb1fc1,aac2629e-495d-4468-9c8b-cd9649bd7b5d,1
bc52a248-d015-4293-a4ac-e8decbcb1fc1,7c6e9dbf-487b-4146-a379-19e46642c392,1
bc52a248-d015-4293-a4ac-e8decbcb1fc1,3e62e13e-3955-494a-91b3-f00ab9e84b48,1
bc52a248-d015-4293-a4ac-e8decbcb1fc1,36a8b9e9-909e-4605-a7ba-686ee3e1b8bf,1
bc52a248-d015-4293-a4ac-e8decbcb1fc1,898afe8c-0297-45d6-b4b5-0cb9e632094b,1
bc52a248-d015-4293-a4ac-e8decbcb1fc1,298e6b5a-21a8-4d56-9484-1bac58c94a26,1
bc52a248-d015-4293-a4ac-e8decbcb1fc1,f0335765-1ab0-4e94-ab38-f404de4c3b4d,1
bc52a248-d015-4293-a4ac-e8decbcb1fc1,455cf48c-cdee-4721-a0ed-cd38af7aff0f,1
bc52a248-d015-4293-a4ac-e8decbcb1fc1,fc725989-5c3e-4bf4-89b1-68caeec4d858,1
bc52a248-d015-4293-a4ac-e8decbcb1fc1,b01585af-110f-4f87-9bf1-06805605926c,1
bc52a248-d015-4293-a4ac-e8decbcb1fc1,2adc5a86-faa3-4b63-acff-a66128b811b7,1
bc52a248-d015-4293-a4ac-e8decbcb1fc1,72fbf32e-c8c3-4914-92a1-66dc2439a114,1
bc52a248-d015-4293-a4ac-e8decbcb1fc1,2c54f4d6-5712-4e5a-a025-b7f7a396c39b,1
bc52a248-d015-4293-a4ac-e8decbcb1fc1,54e495ec-e203-4c06-8707-36128dd22c50,1
bc52a248-d015-4293-a4ac-e8decbcb1fc1,4315e096-f51e-4b56-8235-57be9789a62c,1
bc52a248-d015-4293-a4ac-e8decbcb1fc1,146384fc-3f64-4482-a78a-2f082411a27d,1
bc52a248-d015-4293-a4ac-e8decbcb1fc1,96196887-5a20-4e93-a302-72f306f32c9d,1
bc52a248-d015-4293-a4ac-e8decbcb1fc1,4e8d237b-8bd4-4483-a85d-431784c543b9,1
bc52a248-d015-4293-a4ac-e8decbcb1fc1,2ee6b8bf-6292-413c-bb8b-bd22dbb2ad4b,1
bc52a248-d015-4293-a4ac-e8decbcb1fc1,c1ba372b-dba2-4bce-b72e-b5c832eaaf44,1
bc52a248-d015-4293-a4ac-e8decbcb1fc1,be2e0197-57b8-4fcf-a144-cb33f7466f3a,1
bc52a248-d015-4293-a4ac-e8decbcb1fc1,354f9aa0-2f0a-4cdf-9b60-d023da93cc76,1
bc52a248-d015-4293-a4ac-e8decbcb1fc1,bd8b518b-d812-46f9-b367-4c1b660cfc99,1
bc52a248-d015-4293-a4ac-e8decbcb1fc1,97ef14eb-f280-48a7-96c0-df03859b06c2,1
bc52a248-d015-4293-a4ac-e8decbcb1fc1,6858b208-62bc-424e-9d7b-c89b74d3d3e3,1
bc52a248-d015-4293-a4ac-e8decbcb1fc1,8a528b7f-98af-4893-af73-5d5f26d3aa7c,1
bc52a248-d015-4293-a4ac-e8decbcb1fc1,47c7ffa9-65ba-41d1-9461-4e5458afd62e,1
bc52a248-d015-4293-a4ac-e8decbcb1fc1,627a9226-a907-4018-89e3-878002a9d22b,1
bc52a248-d015-4293-a4ac-e8decbcb1fc1,5e6175cd-dc44-4b32-a64a-1ac4239a6e4a,1
bc52a248-d015-4293-a4ac-e8decbcb1fc1,699a5a9a-348c-4a46-b99e-a23b59f27721,1
bc52a248-d015-4293-a4ac-e8decbcb1fc1,c223b93a-2634-4f06-ac73-8709b9e16888,1
fe5528be-c1b5-41d4-8935-53a8172dc0da,9c203fec-dc0d-412c-a7a3-7fd77d0346f1,1
10439fe0-9da1-4671-b542-749efccfe06d,1d5c2411-9719-4c8f-b99d-57a5f4a4ae41,1
10439fe0-9da1-4671-b542-749efccfe06d,2c54f4d6-5712-4e5a-a025-b7f7a396c39b,1
2acdfaec-f710-4f52-a73f-afbedfa45893,711e4d67-8343-4bf1-90e8-de24738becf9,1
2acdfaec-f710-4f52-a73f-afbedfa45893,332be1f6-5791-43ae-9e37-90cc48e75d24,1
2acdfaec-f710-4f52-a73f-afbedfa45893,fc21780d-bbb0-4ec9-9cb2-8687fd28ebc2,1
7b7b75bf-36a8-4964-8054-d624ad3bbe80,214a3e63-31aa-47de-a49c-5ea5a80330ed,1
7b7b75bf-36a8-4964-8054-d624ad3bbe80,86d88cae-ad97-4476-bae5-73488a12776d,1
7b7b75bf-36a8-4964-8054-d624ad3bbe80,43839325-6125-4d5e-9fd7-d3e6ed6a2401,1
7b7b75bf-36a8-4964-8054-d624ad3bbe80,bb86970f-3cef-4f9a-a79b-ff277ea925c8,1
7b7b75bf-36a8-4964-8054-d624ad3bbe80,2aada6af-9aaa-42ae-98f2-8d974b278280,1
7b7b75bf-36a8-4964-8054-d624ad3bbe80,25b694ad-802b-4f64-bcbc-09897b0dcbf7,1
4b4c9376-addf-46c6-bf40-f2d6a026f6c5,2c54f4d6-5712-4e5a-a025-b7f7a396c39b,1
6f9950a7-7c0e-4c71-b01f-bc0b8687b65b,60dd8dfc-3858-4096-b2df-544db8120827,1
05f867d2-16ea-4268-bcdd-b8612bf3d920,298e6b5a-21a8-4d56-9484-1bac58c94a26,1
05f867d2-16ea-4268-bcdd-b8612bf3d920,5d642d09-8e03-4200-a79b-2a397a6d5d51,1
05f867d2-16ea-4268-bcdd-b8612bf3d920,87f121a7-eef0-4be9-9372-a5efe5b4d375,1
05f867d2-16ea-4268-bcdd-b8612bf3d920,029b31b2-c3b9-4a7b-8e03-c58a2b4da4b7,1
05f867d2-16ea-4268-bcdd-b8612bf3d920,aa8876c7-9711-4969-b428-34400f2d0dbe,1
05f867d2-16ea-4268-bcdd-b8612bf3d920,36a8b9e9-909e-4605-a7ba-686ee3e1b8bf,1
05f867d2-16ea-4268-bcdd-b8612bf3d920,72fbf32e-c8c3-4914-92a1-66dc2439a114,1
05f867d2-16ea-4268-bcdd-b8612bf3d920,28a7419c-f432-4e1a-b0a6-aa9e71968a14,1
05f867d2-16ea-4268-bcdd-b8612bf3d920,be2e0197-57b8-4fcf-a144-cb33f7466f3a,1
05f867d2-16ea-4268-bcdd-b8612bf3d920,6858b208-62bc-424e-9d7b-c89b74d3d3e3,1
05f867d2-16ea-4268-bcdd-b8612bf3d920,354f9aa0-2f0a-4cdf-9b60-d023da93cc76,1
db555b35-5dd2-4b34-8d7a-908afb93dfad,2c54f4d6-5712-4e5a-a025-b7f7a396c39b,1
db555b35-5dd2-4b34-8d7a-908afb93dfad,254757be-69ef-4a6c-a4c1-1432815d7522,1
8f2913c8-5856-4b30-a52d-c2928f8bd7aa,566c99be-b436-365e-af4f-27be6c536358,1
8f2913c8-5856-4b30-a52d-c2928f8bd7aa,81f390f9-9b42-3a72-ad9b-e11a4dbebab0,1
8f2913c8-5856-4b30-a52d-c2928f8bd7aa,2c54f4d6-5712-4e5a-a025-b7f7a396c39b,1
8f2913c8-5856-4b30-a52d-c2928f8bd7aa,ca996648-ed34-3dcd-a99f-68619f680241,1
601fc386-41dc-4ced-9345-ad6254aa5bd7,32ab3b13-c3a1-461c-b781-5740ac52b27a,1
601fc386-41dc-4ced-9345-ad6254aa5bd7,cb45bff3-65f5-46a2-b340-516f3994a41e,1
601fc386-41dc-4ced-9345-ad6254aa5bd7,aae06e72-4481-4ec6-b0f4-138b6c696f73,1
601fc386-41dc-4ced-9345-ad6254aa5bd7,a6cb8349-0327-400a-879b-df7167080e4a,1
601fc386-41dc-4ced-9345-ad6254aa5bd7,8d64dce7-2940-4bd5-b92e-e4b19ea110c6,1
601fc386-41dc-4ced-9345-ad6254aa5bd7,fde11447-12cf-4333-bed9-c37056551e0c,1
601fc386-41dc-4ced-9345-ad6254aa5bd7,d91833f6-da35-4b2e-b7bd-70c342f45cf3,1
601fc386-41dc-4ced-9345-ad6254aa5bd7,37b73723-af41-446e-8a06-adb7ebed48a1,1
601fc386-41dc-4ced-9345-ad6254aa5bd7,0770d1e6-8c28-4c82-ad3f-5c9e63a8888d,1
a711af5f-9b21-44f1-bfbc-5332358c49dd,2c54f4d6-5712-4e5a-a025-b7f7a396c39b,1
fdc42370-55f5-4743-8fd3-39700a797812,8e420764-a913-4eae-8514-9be858fdb9b3,1
fdc42370-55f5-4743-8fd3-39700a797812,146384fc-3f64-4482-a78a-2f082411a27d,1
fdc42370-55f5-4743-8fd3-39700a797812,f4e80988-c139-4953-8176-b3d6d03f6449,1
fdc42370-55f5-4743-8fd3-39700a797812,354f9aa0-2f0a-4cdf-9b60-d023da93cc76,1
fdc42370-55f5-4743-8fd3-39700a797812,2ed52078-7e55-40ea-8036-0d89118a06f4,1
095c2570-e586-4976-89a0-02a59aafcd6b,cfba4373-a654-3e0b-80f8-348738169f95,1
6401d0d8-fd03-4bfc-b09c-4028a658e4e1,214a3e63-31aa-47de-a49c-5ea5a80330ed,1
456b6f5d-3c8c-49f9-86cc-2c8657f13b5c,25b694ad-802b-4f64-bcbc-09897b0dcbf7,1
456b6f5d-3c8c-49f9-86cc-2c8657f13b5c,214a3e63-31aa-47de-a49c-5ea5a80330ed,1
456b6f5d-3c8c-49f9-86cc-2c8657f13b5c,bb86970f-3cef-4f9a-a79b-ff277ea925c8,1
5c510c10-a576-43e4-9ba2-e157696a1810,2a0cb127-ea73-4cbd-a73f-e7d69d6fba5d,1
71e95324-8923-4588-9788-290a7fe459a7,128e3b47-1e44-3791-bee2-3b06b2cd58f4,1
d8f6d694-bf2f-4edd-b947-11f058b18670,bd8b518b-d812-46f9-b367-4c1b660cfc99,1
d8f6d694-bf2f-4edd-b947-11f058b18670,8d482810-26da-4bbc-8599-6b1fd1ab8743,1
d8f6d694-bf2f-4edd-b947-11f058b18670,be2e0197-57b8-4fcf-a144-cb33f7466f3a,1
d8f6d694-bf2f-4edd-b947-11f058b18670,28a7419c-f432-4e1a-b0a6-aa9e71968a14,1
d8f6d694-bf2f-4edd-b947-11f058b18670,2ed52078-7e55-40ea-8036-0d89118a06f4,1
d8f6d694-bf2f-4edd-b947-11f058b18670,146384fc-3f64-4482-a78a-2f082411a27d,1
d8f6d694-bf2f-4edd-b947-11f058b18670,c6fc4688-1aca-4363-bd1a-8d14ea08d2f8,1
d8f6d694-bf2f-4edd-b947-11f058b18670,98908792-f315-4834-9b5e-20fed66cbe5a,1
168a40a7-8f27-4df2-93a3-becd88213376,4b71eb3d-7d55-4967-b80d-91a3f220b60c,1
261a01ec-acb0-49ed-ad28-a70a7ea560b0,13a9f9d7-f013-4b12-a990-387714039247,1
c58a9f0c-004c-45ad-944c-7157c3055310,2c54f4d6-5712-4e5a-a025-b7f7a396c39b,1
b80cbac9-d147-4909-b2b1-b05b7d980be9,0a05c52d-f896-4eaf-a475-b914ab29c33a,1
b80cbac9-d147-4909-b2b1-b05b7d980be9,0fb9ae1a-92cb-4ab8-a589-470c16d4fe21,1
f14e16bd-a7b8-47a9-ba21-5e8afd726216,be2e0197-57b8-4fcf-a144-cb33f7466f3a,1
860b9e0e-c55b-4ffc-b48e-e1bef231f5cc,be2e0197-57b8-4fcf-a144-cb33f7466f3a,1
2f7a66e8-7417-4366-bd0b-ac7fafcdfdb6,7fcf7f09-12d7-4b06-a183-93c51f940670,1
2f7a66e8-7417-4366-bd0b-ac7fafcdfdb6,f4e80988-c139-4953-8176-b3d6d03f6449,1
2f7a66e8-7417-4366-bd0b-ac7fafcdfdb6,146384fc-3f64-4482-a78a-2f082411a27d,1
2f7a66e8-7417-4366-bd0b-ac7fafcdfdb6,d9321ccf-d303-4cfb-a24b-32aba49cef81,1
2f7a66e8-7417-4366-bd0b-ac7fafcdfdb6,be2e0197-57b8-4fcf-a144-cb33f7466f3a,1
2f7a66e8-7417-4366-bd0b-ac7fafcdfdb6,298e6b5a-21a8-4d56-9484-1bac58c94a26,1
2f7a66e8-7417-4366-bd0b-ac7fafcdfdb6,f0335765-1ab0-4e94-ab38-f404de4c3b4d,1
2f7a66e8-7417-4366-bd0b-ac7fafcdfdb6,6f412521-2e9b-44b1-a3e4-8f1358caef63,1
2f7a66e8-7417-4366-bd0b-ac7fafcdfdb6,3e62e13e-3955-494a-91b3-f00ab9e84b48,1
2f7a66e8-7417-4366-bd0b-ac7fafcdfdb6,5d642d09-8e03-4200-a79b-2a397a6d5d51,1
89038042-a878-4b47-88b2-2fd3e32a4f05,f76ed887-00d6-450f-a158-9f8b1cbbeebf,1
89038042-a878-4b47-88b2-2fd3e32a4f05,2c54f4d6-5712-4e5a-a025-b7f7a396c39b,1
89038042-a878-4b47-88b2-2fd3e32a4f05,6c4f8a28-1909-4096-af71-94b6c08809fc,1
6bf1b609-00ef-4941-b90c-b8f9157b45b7,d9ae1245-158e-4d79-86a4-2d9b3defbedc,1
8d72a0fe-8a20-45f0-9ab0-b014826f4565,7c6e9dbf-487b-4146-a379-19e46642c392,1
8d72a0fe-8a20-45f0-9ab0-b014826f4565,354f9aa0-2f0a-4cdf-9b60-d023da93cc76,1
8d72a0fe-8a20-45f0-9ab0-b014826f4565,cabad01a-8cc7-48c0-b7e8-ffbe1e685b26,1
8d72a0fe-8a20-45f0-9ab0-b014826f4565,28a7419c-f432-4e1a-b0a6-aa9e71968a14,1
8d72a0fe-8a20-45f0-9ab0-b014826f4565,22add642-d849-48ff-9913-8c7ba2d99b46,1
8d72a0fe-8a20-45f0-9ab0-b014826f4565,be2e0197-57b8-4fcf-a144-cb33f7466f3a,1
8d72a0fe-8a20-45f0-9ab0-b014826f4565,898afe8c-0297-45d6-b4b5-0cb9e632094b,1
de87d70e-915c-40c8-8565-fa2f5aa42bc9,6bd1abfe-3dbf-4e04-b8cc-07114eb8810c,1
de87d70e-915c-40c8-8565-fa2f5aa42bc9,fde58043-87ff-44b0-b6b0-3d089adfba4c,1
de87d70e-915c-40c8-8565-fa2f5aa42bc9,ef47695d-7aa3-41cf-8c4e-d76aa4dae7d5,1
de87d70e-915c-40c8-8565-fa2f5aa42bc9,e5f51f9d-9ddb-4fc7-95a8-ef0d9eb2144d,1
de87d70e-915c-40c8-8565-fa2f5aa42bc9,7fffba00-9b87-4fb4-8c71-68399d2a4291,1
de87d70e-915c-40c8-8565-fa2f5aa42bc9,23602b0b-c7b0-4f10-9910-7ee5329433bc,1
de87d70e-915c-40c8-8565-fa2f5aa42bc9,505019f6-4c66-4ce4-9700-a5ed3cf664c3,1
de87d70e-915c-40c8-8565-fa2f5aa42bc9,3ad7b1eb-cac6-47b2-b957-ffba17606425,1
de87d70e-915c-40c8-8565-fa2f5aa42bc9,3a520b08-7351-479c-9232-628727066f55,1
de87d70e-915c-40c8-8565-fa2f5aa42bc9,39e2a593-d508-4f64-8a04-8d6dbf730f9d,1
de87d70e-915c-40c8-8565-fa2f5aa42bc9,fd56466b-ced8-47ab-8d1a-9ce798948bad,1
de87d70e-915c-40c8-8565-fa2f5aa42bc9,41a809d9-0b61-4991-86b8-74dc07973af3,1
de87d70e-915c-40c8-8565-fa2f5aa42bc9,9d58be92-32eb-43a7-9f38-dff44078864e,1
de87d70e-915c-40c8-8565-fa2f5aa42bc9,5e84d2ab-b5ca-48c3-b15f-3d71e4bca4ee,1
de87d70e-915c-40c8-8565-fa2f5aa42bc9,a2c49245-23b2-46e1-acc7-c5a78913a090,1
de87d70e-915c-40c8-8565-fa2f5aa42bc9,7e80bc4b-3537-42fd-881f-d9290b34782e,1
de87d70e-915c-40c8-8565-fa2f5aa42bc9,76efecc9-e509-4c6b-849b-f742ed3e258a,1
de87d70e-915c-40c8-8565-fa2f5aa42bc9,9543be56-7309-4788-8de2-fbdd5006282b,1
de87d70e-915c-40c8-8565-fa2f5aa42bc9,8df6b76b-a1c8-45a4-ab7b-3ff8676e4b04,1
de87d70e-915c-40c8-8565-fa2f5aa42bc9,009b7802-0b04-4fee-8dac-3922bd5098ae,1
de87d70e-915c-40c8-8565-fa2f5aa42bc9,86dd87bd-7426-40c5-946b-62b2af638aab,1
de87d70e-915c-40c8-8565-fa2f5aa42bc9,78b227dc-78f6-4085-b4fb-772e040a14e0,1
b2504c26-e7b1-40ff-8bd8-f8e55cf13112,d88a1246-9684-480b-a480-ff63286b35b7,1
43f7f419-9a70-4e61-bc1c-47d81e2afcde,336bbdae-a29d-47c5-8c0d-f51affffd44f,1
13cc3b30-f836-492b-bd18-43550dfa1edc,37c4a13b-0026-4876-9f96-d41d6c870b67,1
13cc3b30-f836-492b-bd18-43550dfa1edc,2c54f4d6-5712-4e5a-a025-b7f7a396c39b,1
1a76e4df-b7d2-41f7-bf7a-64e89c9081c8,dfa2ff35-d2c4-4196-9989-a1bdbeabbfed,1
00873259-7bf0-4909-bd26-17090d26a8bb,fccc37ac-e4cd-4265-8d4d-5b465e19b1a3,1
00873259-7bf0-4909-bd26-17090d26a8bb,405a0d29-0a62-45a7-a4d4-56c28e3255ab,1
b508c879-805b-4976-901b-4002cb406e00,9fd80fda-bc9d-4f9e-8349-96416468a69f,1
b1c1353d-4c8a-4a45-8cd2-c54b504d90f1,8dd8403c-87df-4dce-89c4-0208cfc58660,1
b880487d-6ad7-49b5-ab6c-65e09007f1d4,bd8b518b-d812-46f9-b367-4c1b660cfc99,1
b880487d-6ad7-49b5-ab6c-65e09007f1d4,71084c02-973d-4544-b804-7ed82bd53027,1
6faf9b88-9ce8-4cff-975b-ec3160773921,146384fc-3f64-4482-a78a-2f082411a27d,1
6faf9b88-9ce8-4cff-975b-ec3160773921,98908792-f315-4834-9b5e-20fed66cbe5a,1
4e72d9a5-5c4f-46df-81e4-26d7a86297d5,146384fc-3f64-4482-a78a-2f082411a27d,1
8a8b8025-380a-4914-9d8a-e210ab36b598,2c54f4d6-5712-4e5a-a025-b7f7a396c39b,1
8a8b8025-380a-4914-9d8a-e210ab36b598,36886c25-6961-4055-96b2-b3e8b138e588,1
b39dfc48-94a7-43a1-a0da-5edb342b478d,128e3b47-1e44-3791-bee2-3b06b2cd58f4,1
b616f40b-958e-49b9-937e-0fccf5f63064,ab4a73b6-1c2d-42e1-b4d9-049e04889cf0,1
603a2682-3c8f-4799-bc43-7f17572c3964,ab4a73b6-1c2d-42e1-b4d9-049e04889cf0,1
b94c2bad-4e71-463c-be9b-22fae246872b,ab4a73b6-1c2d-42e1-b4d9-049e04889cf0,1
cd518854-05f1-42b1-a413-77cb9530f523,2c54f4d6-5712-4e5a-a025-b7f7a396c39b,1
efd46de5-63a3-4a46-abff-c9b5fc00f5e3,a0535d6d-4c34-4524-9591-e9e51e3d28c4,1
efd46de5-63a3-4a46-abff-c9b5fc00f5e3,35691b6c-9ed7-4517-b4b3-688b0569729a,1
efd46de5-63a3-4a46-abff-c9b5fc00f5e3,0454f5f3-1d8c-464e-847d-541901eb021a,1
efd46de5-63a3-4a46-abff-c9b5fc00f5e3,2c54f4d6-5712-4e5a-a025-b7f7a396c39b,1
a75c772d-97b7-4e59-9e42-7727f3204322,f1f6f15d-2faa-4b62-b78b-80599dd1c66e,1
a75c772d-97b7-4e59-9e42-7727f3204322,36a8b9e9-909e-4605-a7ba-686ee3e1b8bf,1
b0ccff09-45e0-46a0-ac52-5f9fe49cd594,0adc90c9-ac6b-47ef-aa83-b7780594720c,1
7f8e5d50-1815-4393-a1cb-c360e5536672,cfba4373-a654-3e0b-80f8-348738169f95,1
ace85cf3-641e-4250-a361-0077249becbd,cfba4373-a654-3e0b-80f8-348738169f95,1
b8d34fe1-b7d2-4008-8129-06cc5faf4a40,8b3b3cdf-2be6-4f0b-8c86-f6be67e5b002,1
2df24c29-aa22-452e-93ae-c36069505bca,7cf0da04-1f77-4321-929e-78172c74aa0b,1
2df24c29-aa22-452e-93ae-c36069505bca,38aac30b-6b79-4fee-88f0-a37b2e6c0f92,1
e0bff65f-dbf2-4c85-be41-223af841c054,c91a4635-8b7d-43fe-9b27-d95dec8392a7,1
9b178017-425b-40f5-8809-389b4b821cf1,d61ed212-9915-4018-a350-caecfda3e0c6,1
9b178017-425b-40f5-8809-389b4b821cf1,b77d0b46-306c-46da-b26d-6e4dd718fde7,1
9b178017-425b-40f5-8809-389b4b821cf1,809eeaf2-c9a6-47cb-a00a-2433222eb132,1
9b178017-425b-40f5-8809-389b4b821cf1,d780bf4f-063e-4c21-bb28-62c8d1d79cdc,1
9b178017-425b-40f5-8809-389b4b821cf1,53b70911-67ee-459b-a573-130272275a91,1
9b178017-425b-40f5-8809-389b4b821cf1,b2068d46-de7f-4a22-a563-4dea59b1e6f2,1
81593ecd-9693-4cd4-8df9-bc7cb0d7cdf0,405a0d29-0a62-45a7-a4d4-56c28e3255ab,1
80541808-c818-4912-8cc4-38bac1936b8c,c91a4635-8b7d-43fe-9b27-d95dec8392a7,1
20aeaca8-4033-4ad7-983d-67657209916c,2c54f4d6-5712-4e5a-a025-b7f7a396c39b,1
e9162750-dcda-4224-9804-b9d2dda17e8a,20019419-56a5-42c2-b76c-0460e58e775f,1
5f40fa98-a979-45f8-9168-815be2e9d676,2c54f4d6-5712-4e5a-a025-b7f7a396c39b,1
7b193453-168d-4780-919f-a0f5abee5e40,2c54f4d6-5712-4e5a-a025-b7f7a396c39b,1
3b674b08-6ce7-47e4-baf6-0c5bbca18638,ef8e980b-9644-45d8-b0e9-c6aaf0eff0c0,1
ba4d8f5c-2de2-41fd-85cf-8fd77e425cf0,091a085f-2652-429f-8dde-c69199440ddf,1
ba4d8f5c-2de2-41fd-85cf-8fd77e425cf0,8f405794-d95b-4d12-922a-850045bb6870,1
ba4d8f5c-2de2-41fd-85cf-8fd77e425cf0,2ee6b8bf-6292-413c-bb8b-bd22dbb2ad4b,1
dd64355b-0ffe-4252-b8c9-b39b022f5d8b,b01585af-110f-4f87-9bf1-06805605926c,1
3a3d5799-48f4-48f4-9839-72a1a5bf24ce,c1ba372b-dba2-4bce-b72e-b5c832eaaf44,1
3a3d5799-48f4-48f4-9839-72a1a5bf24ce,71084c02-973d-4544-b804-7ed82bd53027,1
3a3d5799-48f4-48f4-9839-72a1a5bf24ce,bd8b518b-d812-46f9-b367-4c1b660cfc99,1
3a3d5799-48f4-48f4-9839-72a1a5bf24ce,298e6b5a-21a8-4d56-9484-1bac58c94a26,1
3a3d5799-48f4-48f4-9839-72a1a5bf24ce,455cf48c-cdee-4721-a0ed-cd38af7aff0f,1
3a3d5799-48f4-48f4-9839-72a1a5bf24ce,716d89ce-b0da-4158-abb6-72f562206b37,1
3a3d5799-48f4-48f4-9839-72a1a5bf24ce,fc725989-5c3e-4bf4-89b1-68caeec4d858,1
3a3d5799-48f4-48f4-9839-72a1a5bf24ce,de64ade8-5025-40f9-a2e0-15b72797e6a7,1
3a3d5799-48f4-48f4-9839-72a1a5bf24ce,3e62e13e-3955-494a-91b3-f00ab9e84b48,1
3a3d5799-48f4-48f4-9839-72a1a5bf24ce,2adc5a86-faa3-4b63-acff-a66128b811b7,1
3a3d5799-48f4-48f4-9839-72a1a5bf24ce,d2c6f6f5-2236-4217-8361-3297b6369979,1
3a3d5799-48f4-48f4-9839-72a1a5bf24ce,54fc7750-8540-4c22-8d46-9a6a2641c41a,1
3a3d5799-48f4-48f4-9839-72a1a5bf24ce,c7e84d16-449e-4154-a1bd-603b4fae329e,1
3a3d5799-48f4-48f4-9839-72a1a5bf24ce,6f412521-2e9b-44b1-a3e4-8f1358caef63,1
3a3d5799-48f4-48f4-9839-72a1a5bf24ce,97ef14eb-f280-48a7-96c0-df03859b06c2,1
3a3d5799-48f4-48f4-9839-72a1a5bf24ce,21fca925-12ac-4215-ba1a-a9c73cb3b082,1
3a3d5799-48f4-48f4-9839-72a1a5bf24ce,87f121a7-eef0-4be9-9372-a5efe5b4d375,1
3a3d5799-48f4-48f4-9839-72a1a5bf24ce,be2e0197-57b8-4fcf-a144-cb33f7466f3a,1
3a3d5799-48f4-48f4-9839-72a1a5bf24ce,5d642d09-8e03-4200-a79b-2a397a6d5d51,1
3a3d5799-48f4-48f4-9839-72a1a5bf24ce,898afe8c-0297-45d6-b4b5-0cb9e632094b,1
3a3d5799-48f4-48f4-9839-72a1a5bf24ce,7fcf7f09-12d7-4b06-a183-93c51f940670,1
3a3d5799-48f4-48f4-9839-72a1a5bf24ce,8d482810-26da-4bbc-8599-6b1fd1ab8743,1
3a3d5799-48f4-48f4-9839-72a1a5bf24ce,146384fc-3f64-4482-a78a-2f082411a27d,1
3a3d5799-48f4-48f4-9839-72a1a5bf24ce,7c6e9dbf-487b-4146-a379-19e46642c392,1
3a3d5799-48f4-48f4-9839-72a1a5bf24ce,2ed52078-7e55-40ea-8036-0d89118a06f4,1
3a3d5799-48f4-48f4-9839-72a1a5bf24ce,96196887-5a20-4e93-a302-72f306f32c9d,1
3a3d5799-48f4-48f4-9839-72a1a5bf24ce,4315e096-f51e-4b56-8235-57be9789a62c,1
48910881-1251-4f69-aa65-7d6acadfd2e1,87f121a7-eef0-4be9-9372-a5efe5b4d375,1
48910881-1251-4f69-aa65-7d6acadfd2e1,6f412521-2e9b-44b1-a3e4-8f1358caef63,1
48910881-1251-4f69-aa65-7d6acadfd2e1,d9321ccf-d303-4cfb-a24b-32aba49cef81,1
48910881-1251-4f69-aa65-7d6acadfd2e1,fc725989-5c3e-4bf4-89b1-68caeec4d858,1
48910881-1251-4f69-aa65-7d6acadfd2e1,c7e84d16-449e-4154-a1bd-603b4fae329e,1
48910881-1251-4f69-aa65-7d6acadfd2e1,716d89ce-b0da-4158-abb6-72f562206b37,1
48910881-1251-4f69-aa65-7d6acadfd2e1,97ef14eb-f280-48a7-96c0-df03859b06c2,1
48910881-1251-4f69-aa65-7d6acadfd2e1,2ed52078-7e55-40ea-8036-0d89118a06f4,1
48910881-1251-4f69-aa65-7d6acadfd2e1,7c6e9dbf-487b-4146-a379-19e46642c392,1
48910881-1251-4f69-aa65-7d6acadfd2e1,5d642d09-8e03-4200-a79b-2a397a6d5d51,1
48910881-1251-4f69-aa65-7d6acadfd2e1,54fc7750-8540-4c22-8d46-9a6a2641c41a,1
48910881-1251-4f69-aa65-7d6acadfd2e1,47c7ffa9-65ba-41d1-9461-4e5458afd62e,1
48910881-1251-4f69-aa65-7d6acadfd2e1,c1ba372b-dba2-4bce-b72e-b5c832eaaf44,1
48910881-1251-4f69-aa65-7d6acadfd2e1,898afe8c-0297-45d6-b4b5-0cb9e632094b,1
48910881-1251-4f69-aa65-7d6acadfd2e1,298e6b5a-21a8-4d56-9484-1bac58c94a26,1
48910881-1251-4f69-aa65-7d6acadfd2e1,146384fc-3f64-4482-a78a-2f082411a27d,1
48910881-1251-4f69-aa65-7d6acadfd2e1,826d798e-01d1-48d3-973c-e0e466a63ca8,1
48910881-1251-4f69-aa65-7d6acadfd2e1,3e62e13e-3955-494a-91b3-f00ab9e84b48,1
48910881-1251-4f69-aa65-7d6acadfd2e1,455cf48c-cdee-4721-a0ed-cd38af7aff0f,1
48910881-1251-4f69-aa65-7d6acadfd2e1,4315e096-f51e-4b56-8235-57be9789a62c,1
48910881-1251-4f69-aa65-7d6acadfd2e1,8d482810-26da-4bbc-8599-6b1fd1ab8743,1
48910881-1251-4f69-aa65-7d6acadfd2e1,2adc5a86-faa3-4b63-acff-a66128b811b7,1
48910881-1251-4f69-aa65-7d6acadfd2e1,de64ade8-5025-40f9-a2e0-15b72797e6a7,1
65bb123b-1373-4d63-b582-c7b79f0f39fa,9c203fec-dc0d-412c-a7a3-7fd77d0346f1,1
42897ff1-c245-442b-a792-377d48f1d0c1,cfba4373-a654-3e0b-80f8-348738169f95,1
a4c4c8a8-bbfd-4768-b1d4-a3a7ee6a57e3,87fc82a0-0042-49c8-b6f9-2602cd3dc17a,1
3b30087e-8454-4706-b649-a924660d64ff,cfba4373-a654-3e0b-80f8-348738169f95,1
34b5e20d-615a-4c4f-91f4-c36db206fd80,52abfc2b-031c-4875-b838-653abbfccf4e,1
34b5e20d-615a-4c4f-91f4-c36db206fd80,4bd85183-cba6-3079-881d-45981f1f9f78,1
f163ee64-6e67-44df-9ff0-542972805c0c,5160611a-b665-461b-ae93-e5e6ec342166,1
f163ee64-6e67-44df-9ff0-542972805c0c,48b40fff-ccaa-4708-8db3-bdc3a791bfca,1
101c1f33-344e-4458-82c9-f8a00a83ae0a,4d519b42-72fe-4059-837a-560c6083542e,1
101c1f33-344e-4458-82c9-f8a00a83ae0a,4f18ca71-38e9-4d55-9064-bc5085a50608,1
97ac80fb-9eab-4263-b4a6-7c78d44d43d7,f9426236-6f1a-4b31-99ab-3dfd71e4c3e9,1
97ac80fb-9eab-4263-b4a6-7c78d44d43d7,98d14207-6c69-492b-8627-6c329f4a0525,1
94bf981c-fd53-43e6-9a80-45ae034d7773,8becadda-124e-43f3-900e-f1ab685574e5,1
0d469e6e-b960-4dc7-906c-15e258d1beee,de139cf2-a8d7-40fc-8a7c-da12e9944d48,1
4afc7184-1a64-435b-a444-d77e7f4068e1,3dc5cf5a-313e-4cd1-af1e-3c4710acae94,1
6b404f37-227d-4498-8712-7c7681f0d534,526e6fdf-9159-4f68-9450-32d4162381ff,1
6b404f37-227d-4498-8712-7c7681f0d534,8b9c7679-fa9c-4d29-85fe-c85a934d79b4,1
7d2f1886-0059-4204-be29-6dc774799f23,cdb89665-1fa8-4af3-9c76-27afbccc6628,1
7d2f1886-0059-4204-be29-6dc774799f23,808ef482-f28e-4bb9-8895-30f2e81010f0,1
23405b07-6f25-4367-aca5-e8e12d4cd49d,a73befc7-575f-48cb-8eb9-b05172a8c9e3,1
56498c85-d348-4aea-afbe-e7d66348e09d,b694010f-992a-4d8e-b4ab-b20d0f037ff0,1
13d674e9-09af-46e2-94cf-7112783baba1,2b10a91b-51d5-4e34-b992-8fd3a3121f0d,1
13d674e9-09af-46e2-94cf-7112783baba1,09716341-2bea-4298-9525-e936d8247d19,1
13d674e9-09af-46e2-94cf-7112783baba1,26f4d3e5-9ad6-456a-9045-34badb1f33cf,1
129be567-25c5-423f-8d31-c2166d38ad56,8e3d16a2fe1c26ea4dc1d283aa35dc164112b131,1
129be567-25c5-423f-8d31-c2166d38ad56,fff27cd6-426c-479f-ae66-077ae6f1437d,1
129be567-25c5-423f-8d31-c2166d38ad56,1dfe8290-3972-11e2-81c1-0800200c9a66,1
129be567-25c5-423f-8d31-c2166d38ad56,26f4d3e5-9ad6-456a-9045-34badb1f33cf,1
129be567-25c5-423f-8d31-c2166d38ad56,2b10a91b-51d5-4e34-b992-8fd3a3121f0d,1
129be567-25c5-423f-8d31-c2166d38ad56,09716341-2bea-4298-9525-e936d8247d19,1
129be567-25c5-423f-8d31-c2166d38ad56,0eb6493d-4caa-424d-846d-9445f19d99cf,1
8562bfb0-009c-4617-8f3f-b988039e97dd,36a8b9e9-909e-4605-a7ba-686ee3e1b8bf,1
8562bfb0-009c-4617-8f3f-b988039e97dd,79c1030d-5cf6-4d58-ade6-02f66fb4dffb,1
f0aae978-016e-4ccd-9087-5dfa85947f5a,79c1030d-5cf6-4d58-ade6-02f66fb4dffb,1
a0b099d7-2262-4506-9dae-3d91b16ee7b4,79c1030d-5cf6-4d58-ade6-02f66fb4dffb,1
e5966ffb-b329-436e-bae3-12e74a6dc1cf,54171a40-1cfd-11e2-892e-0800200c9a66,1
e5966ffb-b329-436e-bae3-12e74a6dc1cf,fff27cd6-426c-479f-ae66-077ae6f1437d,1
e5966ffb-b329-436e-bae3-12e74a6dc1cf,79c1030d-5cf6-4d58-ade6-02f66fb4dffb,1
e5966ffb-b329-436e-bae3-12e74a6dc1cf,0cae36bb-6424-406f-8ed9-27b1d5bced57,1
e5966ffb-b329-436e-bae3-12e74a6dc1cf,5777dc31-1f38-4f9b-9c97-7398c12a55bf,1
e5966ffb-b329-436e-bae3-12e74a6dc1cf,afceffe9-6f2e-48a4-8d8d-a9b83c5a69f3,1
4a215742-621d-4b2b-8733-c68e1369d793,79c1030d-5cf6-4d58-ade6-02f66fb4dffb,1
4906cb00-f854-44e6-bd90-744cc2111887,3b1a5a2b-72fb-430d-bd82-14bcfc3338a1,1
e1384d14-b8f5-4bf3-a0f3-e534f054652d,36886c25-6961-4055-96b2-b3e8b138e588,1
cdb50c3b-1b3c-435c-a487-6d31944c5f0c,36886c25-6961-4055-96b2-b3e8b138e588,1
39c588a1-7cbc-41fa-a5a7-8780e35f28cf,36886c25-6961-4055-96b2-b3e8b138e588,1
7b3f2f27-6888-4cef-8d7d-655546f61a0e,36886c25-6961-4055-96b2-b3e8b138e588,1
d4bca75d-1fa9-4f12-9538-9e4138aa400a,e38cdef5-f993-4e6f-919e-ac68d26d727d,1
18347157-d60d-46e2-9b59-2b31fa26d321,d3c0a223-516b-4049-9370-22881a0428d8,1
18347157-d60d-46e2-9b59-2b31fa26d321,7562f659-398d-46d7-9167-7f9ccaa00263,1
b8f8b52f-3216-4ba4-b07f-21edd85760a8,7562f659-398d-46d7-9167-7f9ccaa00263,1
b8f8b52f-3216-4ba4-b07f-21edd85760a8,d3c0a223-516b-4049-9370-22881a0428d8,1
b8f8b52f-3216-4ba4-b07f-21edd85760a8,21fca925-12ac-4215-ba1a-a9c73cb3b082,1
b8f8b52f-3216-4ba4-b07f-21edd85760a8,884c0d9f-f790-41c2-a2a5-351b7c434896,1
25072a60-9126-428f-8b09-e0d604f42707,4312623f-2cdc-4a59-bea5-877310e6e48d,1
ab00c59a-e789-48f8-95d4-87432aac83e9,d15f4af6-1925-4281-9b28-79b069833a8c,1
336bb3f2-0d79-4653-9526-7dfee5ed6d0b,a5841caf-afe2-4f98-bb68-bd4899e8c9cb,1
336bb3f2-0d79-4653-9526-7dfee5ed6d0b,6760a15b-f437-4e17-b8bc-39aacf3574d4,1
336bb3f2-0d79-4653-9526-7dfee5ed6d0b,050f108b-8299-4d30-8ab0-10a0f289d725,1
336bb3f2-0d79-4653-9526-7dfee5ed6d0b,7b5df951-b8b0-4153-b599-490b4fe39d8b,1
336bb3f2-0d79-4653-9526-7dfee5ed6d0b,359c515c-4320-42ef-b4e5-88ba1bb03c2e,1
58d0080e-68ce-4cf4-9db3-f4397500f3a8,fb3929f6-ea85-4128-83bc-b3174cd6c2ce,1
93f9b289-5f76-4cae-9586-31c0ebca7a98,8abc73bb-63b7-44c0-a25d-424ce38e5626,1
93f9b289-5f76-4cae-9586-31c0ebca7a98,8bdf0efa-7f2c-4bd3-b762-5983f02153ea,1
93f9b289-5f76-4cae-9586-31c0ebca7a98,df297246-6434-47e8-bfad-f30699f7005f,1
93f9b289-5f76-4cae-9586-31c0ebca7a98,58e0db32-8633-48d2-8d6c-0272ba2242ff,1
93f9b289-5f76-4cae-9586-31c0ebca7a98,76ce7087-90bc-4bc9-955e-0647a8e3857a,1
724e3359-8fb5-408e-9b5d-321b1f2d1d0a,016c5433-7c6e-41d1-958a-8966528c9322,1
724e3359-8fb5-408e-9b5d-321b1f2d1d0a,c7c2dfe1-e638-4f87-8afe-b4a9f1313ba0,1
724e3359-8fb5-408e-9b5d-321b1f2d1d0a,8b8c69f9-8009-4090-b385-da6f8bdf6b82,1
724e3359-8fb5-408e-9b5d-321b1f2d1d0a,bc8d078c-77ce-4bd3-b708-bd64f56e2b2e,1
724e3359-8fb5-408e-9b5d-321b1f2d1d0a,67ce4b9d-957f-49e9-8ac6-7db8ed49eb0a,1
724e3359-8fb5-408e-9b5d-321b1f2d1d0a,eb679c37-b58a-4447-8b1a-fab4a3f7f1af,1
724e3359-8fb5-408e-9b5d-321b1f2d1d0a,09660c57-9e8c-4ac5-bd2f-32f3c6961f72,1
724e3359-8fb5-408e-9b5d-321b1f2d1d0a,gemeinderatsprotokolle-2026,1
3dde0eed-7e35-4c56-b5e1-32b307ece5b9,6cb3abed-6c76-47f2-bf40-2ddbea78cb35,1
c6c241e9-48fa-4fd2-808b-827d8fb88f3a,3d66f423-def8-467e-af82-2fa98146b967,1
c6c241e9-48fa-4fd2-808b-827d8fb88f3a,4707e82a-154f-48b2-864c-89fffc6334e1,1
339e1764-ca58-46de-9810-f4d36fce9a0f,d3c0a223-516b-4049-9370-22881a0428d8,1
ce34e303-e856-4606-8f23-a6562ee488bc,0fb9ae1a-92cb-4ab8-a589-470c16d4fe21,1
1c6f3b24-5201-4eda-bd43-cf5be71f8ee7,17498d52-ddbc-4362-af5a-8f9fbfb44515,1
1c6f3b24-5201-4eda-bd43-cf5be71f8ee7,1ea3d3e8-fa07-4c37-af68-eb588d439de2,1
dff45f2f-f1ec-4be7-8e6a-cc0501a673ec,76ce7087-90bc-4bc9-955e-0647a8e3857a,1
37e361e7-fe43-42ac-8ff0-1b1629282c44,1ea3d3e8-fa07-4c37-af68-eb588d439de2,1
7ad20143-d96b-4176-8baf-ecbc60197e0a,146384fc-3f64-4482-a78a-2f082411a27d,1
7ad20143-d96b-4176-8baf-ecbc60197e0a,2c54f4d6-5712-4e5a-a025-b7f7a396c39b,1
7ad20143-d96b-4176-8baf-ecbc60197e0a,898afe8c-0297-45d6-b4b5-0cb9e632094b,1
7ad20143-d96b-4176-8baf-ecbc60197e0a,2ed52078-7e55-40ea-8036-0d89118a06f4,1
7ad20143-d96b-4176-8baf-ecbc60197e0a,7c6e9dbf-487b-4146-a379-19e46642c392,1
3ae637c4-4286-411d-a1c6-cf12f926455a,2c54f4d6-5712-4e5a-a025-b7f7a396c39b,1
3ae637c4-4286-411d-a1c6-cf12f926455a,6b927530-d5c9-11e3-9c1a-0800200c9a66,1
b3c46ae3-d100-4cd5-b8fa-a3e0fc21e3c0,586e08a5-1ca6-400b-b2e2-dfd8fd3f429d,1
466cc59f-3e5f-4905-b1cb-d03c2d4b0d04,d0145df8-7f6d-46e1-9bc6-ee7897054104,1
466cc59f-3e5f-4905-b1cb-d03c2d4b0d04,c91a4635-8b7d-43fe-9b27-d95dec8392a7,1
466cc59f-3e5f-4905-b1cb-d03c2d4b0d04,9c203fec-dc0d-412c-a7a3-7fd77d0346f1,1
370acbec-18ac-467d-ad00-fcbeffc870a8,9b40a0af-a6fe-47ff-9624-2ea8f40c746f,1
eb0683a1-68d0-420b-8533-16f008da1a2c,3fefc838-791d-4dde-975b-a4131a54e7c5,1
53a67085-0330-48e7-95bf-f65ac221633d,d75798ec-b601-4961-9b06-1c24faaab294,1
41aaa755-ae0a-41c7-85f4-6a6a8db85bcd,2c54f4d6-5712-4e5a-a025-b7f7a396c39b,1
79410523-0481-450f-9713-5454c4a91bd0,9586a616-48e4-46c8-b418-1432f2515407,1
79410523-0481-450f-9713-5454c4a91bd0,2c54f4d6-5712-4e5a-a025-b7f7a396c39b,1
6692c60f-b5cc-4b09-967e-4a4a1bc0174d,fc21780d-bbb0-4ec9-9cb2-8687fd28ebc2,1
6692c60f-b5cc-4b09-967e-4a4a1bc0174d,254757be-69ef-4a6c-a4c1-1432815d7522,1
6692c60f-b5cc-4b09-967e-4a4a1bc0174d,2c54f4d6-5712-4e5a-a025-b7f7a396c39b,1
7b10fc94-bf31-49fa-80cf-f04fecf630ea,52abfc2b-031c-4875-b838-653abbfccf4e,1
11a86699-2f7f-49dd-8a85-8ac485cd2852,31416a3d-5a44-4f78-8b2c-765a2738aacc,1
64695d02-b682-4c74-90d6-549baddba18b,ba564a55-f352-4c80-8329-c1856622383f,1
64695d02-b682-4c74-90d6-549baddba18b,9ca7f012-45c3-47f8-8648-e35e518583dd,1
64695d02-b682-4c74-90d6-549baddba18b,58e0db32-8633-48d2-8d6c-0272ba2242ff,1
64695d02-b682-4c74-90d6-549baddba18b,8abc73bb-63b7-44c0-a25d-424ce38e5626,1
64695d02-b682-4c74-90d6-549baddba18b,3cfeefdc-d290-4d84-8abe-c7f1b042f418,1
64695d02-b682-4c74-90d6-549baddba18b,a6de427c-9d40-4e02-bfd1-9e372feb1de9,1
391ee3be-679d-4565-aae4-3510a7b4ec01,8bdf0efa-7f2c-4bd3-b762-5983f02153ea,1
ed0a3982-5252-46ed-b074-c430526a55b7,45d684ca-6ad7-4c5e-a721-64aa31795824,1
e469f23c-49f5-4fb7-ab6c-74b39c728a35,5d5214cc-9667-4132-8f23-9b0cf842cee6,1
b9992669-4a51-44fc-bfb6-4f9b4e6399d1,2c54f4d6-5712-4e5a-a025-b7f7a396c39b,1
b9992669-4a51-44fc-bfb6-4f9b4e6399d1,919d40b2-031f-430e-bf6c-4183f6dc8b64,1
b9992669-4a51-44fc-bfb6-4f9b4e6399d1,ab4a73b6-1c2d-42e1-b4d9-049e04889cf0,1
6b28419c-7348-4697-9118-29e88c15add8,ab4a73b6-1c2d-42e1-b4d9-049e04889cf0,1
170c2018-83e7-4809-9d0f-f25cca28cb93,455cf48c-cdee-4721-a0ed-cd38af7aff0f,1
170c2018-83e7-4809-9d0f-f25cca28cb93,4315e096-f51e-4b56-8235-57be9789a62c,1
170c2018-83e7-4809-9d0f-f25cca28cb93,ff1480b5-61f2-4008-aada-387c2c490549,1
170c2018-83e7-4809-9d0f-f25cca28cb93,716d89ce-b0da-4158-abb6-72f562206b37,1
170c2018-83e7-4809-9d0f-f25cca28cb93,6f412521-2e9b-44b1-a3e4-8f1358caef63,1
170c2018-83e7-4809-9d0f-f25cca28cb93,3e62e13e-3955-494a-91b3-f00ab9e84b48,1
170c2018-83e7-4809-9d0f-f25cca28cb93,21fca925-12ac-4215-ba1a-a9c73cb3b082,1
170c2018-83e7-4809-9d0f-f25cca28cb93,8d482810-26da-4bbc-8599-6b1fd1ab8743,1
170c2018-83e7-4809-9d0f-f25cca28cb93,2ed52078-7e55-40ea-8036-0d89118a06f4,1
170c2018-83e7-4809-9d0f-f25cca28cb93,d9321ccf-d303-4cfb-a24b-32aba49cef81,1
170c2018-83e7-4809-9d0f-f25cca28cb93,de64ade8-5025-40f9-a2e0-15b72797e6a7,1
170c2018-83e7-4809-9d0f-f25cca28cb93,298e6b5a-21a8-4d56-9484-1bac58c94a26,1
170c2018-83e7-4809-9d0f-f25cca28cb93,54fc7750-8540-4c22-8d46-9a6a2641c41a,1
170c2018-83e7-4809-9d0f-f25cca28cb93,97ef14eb-f280-48a7-96c0-df03859b06c2,1
170c2018-83e7-4809-9d0f-f25cca28cb93,7035def0-a9df-430a-99ee-6e13de12676c,1
170c2018-83e7-4809-9d0f-f25cca28cb93,bd8b518b-d812-46f9-b367-4c1b660cfc99,1
170c2018-83e7-4809-9d0f-f25cca28cb93,c1ba372b-dba2-4bce-b72e-b5c832eaaf44,1
170c2018-83e7-4809-9d0f-f25cca28cb93,5d642d09-8e03-4200-a79b-2a397a6d5d51,1
170c2018-83e7-4809-9d0f-f25cca28cb93,2adc5a86-faa3-4b63-acff-a66128b811b7,1
170c2018-83e7-4809-9d0f-f25cca28cb93,47c7ffa9-65ba-41d1-9461-4e5458afd62e,1
170c2018-83e7-4809-9d0f-f25cca28cb93,770f9237-9a7f-45e4-9647-aacf35ddee06,1
170c2018-83e7-4809-9d0f-f25cca28cb93,98908792-f315-4834-9b5e-20fed66cbe5a,1
170c2018-83e7-4809-9d0f-f25cca28cb93,96196887-5a20-4e93-a302-72f306f32c9d,1
170c2018-83e7-4809-9d0f-f25cca28cb93,826d798e-01d1-48d3-973c-e0e466a63ca8,1
170c2018-83e7-4809-9d0f-f25cca28cb93,c7e84d16-449e-4154-a1bd-603b4fae329e,1
170c2018-83e7-4809-9d0f-f25cca28cb93,a42cbe4f-89f0-42ae-a34d-f2e5db6aa1d2,1
170c2018-83e7-4809-9d0f-f25cca28cb93,87f121a7-eef0-4be9-9372-a5efe5b4d375,1
170c2018-83e7-4809-9d0f-f25cca28cb93,aac2629e-495d-4468-9c8b-cd9649bd7b5d,1
170c2018-83e7-4809-9d0f-f25cca28cb93,7fcf7f09-12d7-4b06-a183-93c51f940670,1
170c2018-83e7-4809-9d0f-f25cca28cb93,898afe8c-0297-45d6-b4b5-0cb9e632094b,1
170c2018-83e7-4809-9d0f-f25cca28cb93,fc725989-5c3e-4bf4-89b1-68caeec4d858,1
170c2018-83e7-4809-9d0f-f25cca28cb93,d2c6f6f5-2236-4217-8361-3297b6369979,1
170c2018-83e7-4809-9d0f-f25cca28cb93,e7065317-1d57-434a-8428-efa263ecc526,1
170c2018-83e7-4809-9d0f-f25cca28cb93,146384fc-3f64-4482-a78a-2f082411a27d,1
170c2018-83e7-4809-9d0f-f25cca28cb93,7c6e9dbf-487b-4146-a379-19e46642c392,1
752d0730-cee5-4e37-a22f-2bca939aa427,a14e57c4-ea1c-4a7a-863a-b874ccf23790,1
752d0730-cee5-4e37-a22f-2bca939aa427,0adc90c9-ac6b-47ef-aa83-b7780594720c,1
752d0730-cee5-4e37-a22f-2bca939aa427,10c7b88b-a708-4e17-a7ef-2c1ce0590377,1
752d0730-cee5-4e37-a22f-2bca939aa427,ac478f32-3e3b-4c04-bc7d-aa75069b6367,1
752d0730-cee5-4e37-a22f-2bca939aa427,c91a4635-8b7d-43fe-9b27-d95dec8392a7,1
752d0730-cee5-4e37-a22f-2bca939aa427,6858b208-62bc-424e-9d7b-c89b74d3d3e3,1
752d0730-cee5-4e37-a22f-2bca939aa427,6e7bcb81-1b6c-46ca-817a-937d5664735d,1
752d0730-cee5-4e37-a22f-2bca939aa427,ac4c2ac5-6be4-4471-bbf4-f09228f5db04,1
752d0730-cee5-4e37-a22f-2bca939aa427,e4079286-310c-435a-af2d-64604ba9ade5,1
752d0730-cee5-4e37-a22f-2bca939aa427,711e4d67-8343-4bf1-90e8-de24738becf9,1
752d0730-cee5-4e37-a22f-2bca939aa427,2a747392-a08e-4f3d-aa58-c22b2c9d3a0d,1
752d0730-cee5-4e37-a22f-2bca939aa427,2d0e9a21-fa5f-441d-948a-fe97a453a827,1
752d0730-cee5-4e37-a22f-2bca939aa427,5982a27f-28a4-4f40-a1cc-5cb650400c50,1
752d0730-cee5-4e37-a22f-2bca939aa427,332be1f6-5791-43ae-9e37-90cc48e75d24,1
752d0730-cee5-4e37-a22f-2bca939aa427,2f5baa1f-208c-42c2-8d04-9ea74aa1b229,1
752d0730-cee5-4e37-a22f-2bca939aa427,21fca925-12ac-4215-ba1a-a9c73cb3b082,1
752d0730-cee5-4e37-a22f-2bca939aa427,627a9226-a907-4018-89e3-878002a9d22b,1
752d0730-cee5-4e37-a22f-2bca939aa427,5ceed47b-7db0-4958-a893-6d217eb25517,1
e11974b3-6c87-4f5c-b7c5-a5a97048f959,cfba4373-a654-3e0b-80f8-348738169f95,1
cb3cc1fa-61ec-4cb8-aa5c-b101c57ad297,4315e096-f51e-4b56-8235-57be9789a62c,1
cb3cc1fa-61ec-4cb8-aa5c-b101c57ad297,21fca925-12ac-4215-ba1a-a9c73cb3b082,1
cb3cc1fa-61ec-4cb8-aa5c-b101c57ad297,be2e0197-57b8-4fcf-a144-cb33f7466f3a,1
cb3cc1fa-61ec-4cb8-aa5c-b101c57ad297,898afe8c-0297-45d6-b4b5-0cb9e632094b,1
b6ff0aaa-adcf-4cef-898f-9403dac49713,2adc5a86-faa3-4b63-acff-a66128b811b7,1
b6ff0aaa-adcf-4cef-898f-9403dac49713,fc725989-5c3e-4bf4-89b1-68caeec4d858,1
b6ff0aaa-adcf-4cef-898f-9403dac49713,2ed52078-7e55-40ea-8036-0d89118a06f4,1
b6ff0aaa-adcf-4cef-898f-9403dac49713,c6fc4688-1aca-4363-bd1a-8d14ea08d2f8,1
b6ff0aaa-adcf-4cef-898f-9403dac49713,54e495ec-e203-4c06-8707-36128dd22c50,1
b6ff0aaa-adcf-4cef-898f-9403dac49713,f4e80988-c139-4953-8176-b3d6d03f6449,1
b6ff0aaa-adcf-4cef-898f-9403dac49713,7c6e9dbf-487b-4146-a379-19e46642c392,1
b6ff0aaa-adcf-4cef-898f-9403dac49713,8a528b7f-98af-4893-af73-5d5f26d3aa7c,1
b6ff0aaa-adcf-4cef-898f-9403dac49713,f0335765-1ab0-4e94-ab38-f404de4c3b4d,1
b6ff0aaa-adcf-4cef-898f-9403dac49713,aa8876c7-9711-4969-b428-34400f2d0dbe,1
b6ff0aaa-adcf-4cef-898f-9403dac49713,8e420764-a913-4eae-8514-9be858fdb9b3,1
b6ff0aaa-adcf-4cef-898f-9403dac49713,716d89ce-b0da-4158-abb6-72f562206b37,1
b6ff0aaa-adcf-4cef-898f-9403dac49713,3e62e13e-3955-494a-91b3-f00ab9e84b48,1
b6ff0aaa-adcf-4cef-898f-9403dac49713,699a5a9a-348c-4a46-b99e-a23b59f27721,1
b6ff0aaa-adcf-4cef-898f-9403dac49713,298e6b5a-21a8-4d56-9484-1bac58c94a26,1
b6ff0aaa-adcf-4cef-898f-9403dac49713,5d642d09-8e03-4200-a79b-2a397a6d5d51,1
b6ff0aaa-adcf-4cef-898f-9403dac49713,354f9aa0-2f0a-4cdf-9b60-d023da93cc76,1
b6ff0aaa-adcf-4cef-898f-9403dac49713,455cf48c-cdee-4721-a0ed-cd38af7aff0f,1
b6ff0aaa-adcf-4cef-898f-9403dac49713,bd8b518b-d812-46f9-b367-4c1b660cfc99,1
b6ff0aaa-adcf-4cef-898f-9403dac49713,72fbf32e-c8c3-4914-92a1-66dc2439a114,1
b6ff0aaa-adcf-4cef-898f-9403dac49713,146384fc-3f64-4482-a78a-2f082411a27d,1
b6ff0aaa-adcf-4cef-898f-9403dac49713,f1f6f15d-2faa-4b62-b78b-80599dd1c66e,1
b6ff0aaa-adcf-4cef-898f-9403dac49713,36a8b9e9-909e-4605-a7ba-686ee3e1b8bf,1
b6ff0aaa-adcf-4cef-898f-9403dac49713,627a9226-a907-4018-89e3-878002a9d22b,1
b6ff0aaa-adcf-4cef-898f-9403dac49713,9c203fec-dc0d-412c-a7a3-7fd77d0346f1,1
b6ff0aaa-adcf-4cef-898f-9403dac49713,3ff63cf5-8d04-4be5-9449-96411ae9fc36,1
b6ff0aaa-adcf-4cef-898f-9403dac49713,826d798e-01d1-48d3-973c-e0e466a63ca8,1
b6ff0aaa-adcf-4cef-898f-9403dac49713,c5cf2502-7572-4fd1-a836-48b335a2d47d,1
b6ff0aaa-adcf-4cef-898f-9403dac49713,87f121a7-eef0-4be9-9372-a5efe5b4d375,1
b6ff0aaa-adcf-4cef-898f-9403dac49713,54fc7750-8540-4c22-8d46-9a6a2641c41a,1
b6ff0aaa-adcf-4cef-898f-9403dac49713,2ee6b8bf-6292-413c-bb8b-bd22dbb2ad4b,1
b6ff0aaa-adcf-4cef-898f-9403dac49713,d2c6f6f5-2236-4217-8361-3297b6369979,1
b6ff0aaa-adcf-4cef-898f-9403dac49713,b01585af-110f-4f87-9bf1-06805605926c,1
b6ff0aaa-adcf-4cef-898f-9403dac49713,8d482810-26da-4bbc-8599-6b1fd1ab8743,1
b6ff0aaa-adcf-4cef-898f-9403dac49713,97ef14eb-f280-48a7-96c0-df03859b06c2,1
b6ff0aaa-adcf-4cef-898f-9403dac49713,770f9237-9a7f-45e4-9647-aacf35ddee06,1
b6ff0aaa-adcf-4cef-898f-9403dac49713,6858b208-62bc-424e-9d7b-c89b74d3d3e3,1
b6ff0aaa-adcf-4cef-898f-9403dac49713,5e6175cd-dc44-4b32-a64a-1ac4239a6e4a,1
b6ff0aaa-adcf-4cef-898f-9403dac49713,aac2629e-495d-4468-9c8b-cd9649bd7b5d,1
b6ff0aaa-adcf-4cef-898f-9403dac49713,7fcf7f09-12d7-4b06-a183-93c51f940670,1
b6ff0aaa-adcf-4cef-898f-9403dac49713,c1ba372b-dba2-4bce-b72e-b5c832eaaf44,1
b6ff0aaa-adcf-4cef-898f-9403dac49713,2c54f4d6-5712-4e5a-a025-b7f7a396c39b,1
b6ff0aaa-adcf-4cef-898f-9403dac49713,6f412521-2e9b-44b1-a3e4-8f1358caef63,1
b6ff0aaa-adcf-4cef-898f-9403dac49713,898afe8c-0297-45d6-b4b5-0cb9e632094b,1
b6ff0aaa-adcf-4cef-898f-9403dac49713,4315e096-f51e-4b56-8235-57be9789a62c,1
b6ff0aaa-adcf-4cef-898f-9403dac49713,be2e0197-57b8-4fcf-a144-cb33f7466f3a,1
b6ff0aaa-adcf-4cef-898f-9403dac49713,22add642-d849-48ff-9913-8c7ba2d99b46,1
b6ff0aaa-adcf-4cef-898f-9403dac49713,96196887-5a20-4e93-a302-72f306f32c9d,1
b6ff0aaa-adcf-4cef-898f-9403dac49713,98908792-f315-4834-9b5e-20fed66cbe5a,1
b6ff0aaa-adcf-4cef-898f-9403dac49713,4e8d237b-8bd4-4483-a85d-431784c543b9,1
b6ff0aaa-adcf-4cef-898f-9403dac49713,47c7ffa9-65ba-41d1-9461-4e5458afd62e,1
b6ff0aaa-adcf-4cef-898f-9403dac49713,aab0a0be-89e6-442e-8cf9-e762bd18f76b,1
b6ff0aaa-adcf-4cef-898f-9403dac49713,71084c02-973d-4544-b804-7ed82bd53027,1
2ec087a6-02b1-4125-b518-06360b7f0e34,898afe8c-0297-45d6-b4b5-0cb9e632094b,1
84904d5e-0171-4084-b5cd-33dc6899c596,c91a4635-8b7d-43fe-9b27-d95dec8392a7,1
386ae50b-416a-46ce-ada9-3fbc6cf46dbd,c91a4635-8b7d-43fe-9b27-d95dec8392a7,1
733859cc-b771-4f04-9d83-a7bce4e78262,86d88cae-ad97-4476-bae5-73488a12776d,1
841c434e-fb42-4846-bf2e-5ba147c21ad4,cfba4373-a654-3e0b-80f8-348738169f95,1
a7d8dd6a-f42b-478c-b296-effabefccec6,cfba4373-a654-3e0b-80f8-348738169f95,1
e429d1b0-1cd9-4cb6-86d3-0747eb6c5b30,cfba4373-a654-3e0b-80f8-348738169f95,1
47d83ad5-d506-4bb6-a6e9-e527024889bf,c223b93a-2634-4f06-ac73-8709b9e16888,1
663d442e-d2b8-4808-810b-ae7bb3a92538,a5987f3c-3131-4e6e-b91c-fe0756e69926,1
663d442e-d2b8-4808-810b-ae7bb3a92538,1d5c2411-9719-4c8f-b99d-57a5f4a4ae41,1
663d442e-d2b8-4808-810b-ae7bb3a92538,845a19d8-b6d7-430d-8ff3-a1e499c9ac5e,1
663d442e-d2b8-4808-810b-ae7bb3a92538,7a8aae59-71a4-4500-b38b-bdf15c7f627f,1
663d442e-d2b8-4808-810b-ae7bb3a92538,214a3e63-31aa-47de-a49c-5ea5a80330ed,1
663d442e-d2b8-4808-810b-ae7bb3a92538,cef007c8-5836-47a4-b45a-60eb587db17e,1
663d442e-d2b8-4808-810b-ae7bb3a92538,7cf0da04-1f77-4321-929e-78172c74aa0b,1
663d442e-d2b8-4808-810b-ae7bb3a92538,35102370-ad3b-41e5-a5c3-567750be2711,1
663d442e-d2b8-4808-810b-ae7bb3a92538,02ad6e25-2698-405f-a37b-99745b1ac69c,1
663d442e-d2b8-4808-810b-ae7bb3a92538,87282445-a02d-4f7f-9bf6-196d73d9b3a9,1
663d442e-d2b8-4808-810b-ae7bb3a92538,38aac30b-6b79-4fee-88f0-a37b2e6c0f92,1
663d442e-d2b8-4808-810b-ae7bb3a92538,2f5baa1f-208c-42c2-8d04-9ea74aa1b229,1
663d442e-d2b8-4808-810b-ae7bb3a92538,eab5ce18-827f-44a8-a206-e56f772dfa8b,1
af59bcfd-b020-49d1-9632-35aba28b8e5e,feaddbdf-ed07-4c37-818a-db63447d5567,1
f6fb1896-f1cc-4ec8-9131-b127d7022b44,21fca925-12ac-4215-ba1a-a9c73cb3b082,1
e37a396e-04fc-42a5-acf0-e3d4260cdfd0,7cf0da04-1f77-4321-929e-78172c74aa0b,1
3f2c4c4d-9b46-449e-81ff-d82f28658458,cfba4373-a654-3e0b-80f8-348738169f95,1
3f0a34c4-1ccf-418b-afaf-5b943e0fbd0a,c91a4635-8b7d-43fe-9b27-d95dec8392a7,1
3f0a34c4-1ccf-418b-afaf-5b943e0fbd0a,1039ed7e-97fb-435f-b6cc-f6a105ba5e09,1
8ecb9533-5f83-47a3-8cab-ed5005cd5b7b,be2e0197-57b8-4fcf-a144-cb33f7466f3a,1
8ecb9533-5f83-47a3-8cab-ed5005cd5b7b,16c7fa5b-e2ac-4558-b76c-506766d3949d,1
293ba310-b55c-47dd-b8b2-992ef7593a37,cfba4373-a654-3e0b-80f8-348738169f95,1
bd1022f2-5fdc-4f8b-8594-1714492ba379,298e6b5a-21a8-4d56-9484-1bac58c94a26,1
bd1022f2-5fdc-4f8b-8594-1714492ba379,96196887-5a20-4e93-a302-72f306f32c9d,1
bd1022f2-5fdc-4f8b-8594-1714492ba379,72fbf32e-c8c3-4914-92a1-66dc2439a114,1
bd1022f2-5fdc-4f8b-8594-1714492ba379,146384fc-3f64-4482-a78a-2f082411a27d,1
bd1022f2-5fdc-4f8b-8594-1714492ba379,aab0a0be-89e6-442e-8cf9-e762bd18f76b,1
bd1022f2-5fdc-4f8b-8594-1714492ba379,be2e0197-57b8-4fcf-a144-cb33f7466f3a,1
bd1022f2-5fdc-4f8b-8594-1714492ba379,5d642d09-8e03-4200-a79b-2a397a6d5d51,1
bd1022f2-5fdc-4f8b-8594-1714492ba379,f4e80988-c139-4953-8176-b3d6d03f6449,1
bd1022f2-5fdc-4f8b-8594-1714492ba379,c6fc4688-1aca-4363-bd1a-8d14ea08d2f8,1
bd1022f2-5fdc-4f8b-8594-1714492ba379,898afe8c-0297-45d6-b4b5-0cb9e632094b,1
bd1022f2-5fdc-4f8b-8594-1714492ba379,54fc7750-8540-4c22-8d46-9a6a2641c41a,1
bd1022f2-5fdc-4f8b-8594-1714492ba379,6f412521-2e9b-44b1-a3e4-8f1358caef63,1
bd1022f2-5fdc-4f8b-8594-1714492ba379,2adc5a86-faa3-4b63-acff-a66128b811b7,1
3a4e5c88-c77b-4297-ad55-0e515e8ef981,15d6ede8-f128-4fcd-aa3a-4479e828f477,1
d9d44bd5-c1c9-4d70-b180-efee2255fcc5,be2e0197-57b8-4fcf-a144-cb33f7466f3a,1
941c3eba-bf08-4f32-afd8-5f26d04de6cb,df8824f0-3555-11e2-81c1-0800200c9a66,1
941c3eba-bf08-4f32-afd8-5f26d04de6cb,8ab79cf0-3549-11e2-81c1-0800200c9a66,1
56b7b254-a0aa-47ea-b6e4-d1509c5accae,cfba4373-a654-3e0b-80f8-348738169f95,1
7d98c0c4-ae53-4da8-b5cf-711e04c3079d,cfba4373-a654-3e0b-80f8-348738169f95,1
e8058b79-fd9a-4277-a4cf-0ff42b60f468,21fca925-12ac-4215-ba1a-a9c73cb3b082,1
5ed3c889-1bcb-44b4-ad48-a752a9a95226,7810e5a6-88c3-4a69-b7bd-5e69de753b88,1
5ed3c889-1bcb-44b4-ad48-a752a9a95226,46e591f0-563b-4bdd-bbbd-13b92250edf9,1
bf4e12ec-37e0-4dfa-872d-95a37fc6fe34,285022f8-59c5-4462-9417-c35f350a52d4,1
bf4e12ec-37e0-4dfa-872d-95a37fc6fe34,5d5214cc-9667-4132-8f23-9b0cf842cee6,1
0a147516-6d13-442f-8d70-dd73dfc09c83,cfba4373-a654-3e0b-80f8-348738169f95,1
2d4d4882-388d-473b-a53d-9879edfd3642,cfba4373-a654-3e0b-80f8-348738169f95,1
4500eee6-bb4b-47b4-a622-cca2f3803e88,cfba4373-a654-3e0b-80f8-348738169f95,1
0378ddff-be95-4e34-a74f-1963ba6e85a1,cfba4373-a654-3e0b-80f8-348738169f95,1
72cf1e12-9102-45f9-9de9-9f2e1c64957b,d88a1246-9684-480b-a480-ff63286b35b7,1
23f09f86-70db-4435-9455-64463364877c,16c7fa5b-e2ac-4558-b76c-506766d3949d,1
23f09f86-70db-4435-9455-64463364877c,9c203fec-dc0d-412c-a7a3-7fd77d0346f1,1
23f09f86-70db-4435-9455-64463364877c,c223b93a-2634-4f06-ac73-8709b9e16888,1
93a35853-a12e-4b7a-b65c-c0369d005f8d,fa96d249-2f58-48ce-bb3f-bb18b447ffc8,1
93a35853-a12e-4b7a-b65c-c0369d005f8d,b01585af-110f-4f87-9bf1-06805605926c,1
f98392ef-05fd-4d48-b5a9-7cdfc54f06b6,603066f6-0f0a-3806-b394-f14b7d2cb437,1
191ccc29-fdf2-4837-af85-08b59c74d1da,cfba4373-a654-3e0b-80f8-348738169f95,1
7bd03b2e-8891-4430-a371-1403a5b4a5eb,f7bd721a-1f72-4bef-a38c-792f59cc8fe3,1
7bd03b2e-8891-4430-a371-1403a5b4a5eb,f4e80988-c139-4953-8176-b3d6d03f6449,1
7bd03b2e-8891-4430-a371-1403a5b4a5eb,6f412521-2e9b-44b1-a3e4-8f1358caef63,1
7bd03b2e-8891-4430-a371-1403a5b4a5eb,f365dfc2-6d70-4725-a6e0-a5e478c1f79f,1
207c4e0b-29cc-4b75-907d-6cd9ab59cd06,c91a4635-8b7d-43fe-9b27-d95dec8392a7,1
a3256c2b-0010-45f3-b8f4-0130bdb75db2,71a6ca86-228a-4b57-b1bc-c3b887dd009e,1
a3256c2b-0010-45f3-b8f4-0130bdb75db2,6858b208-62bc-424e-9d7b-c89b74d3d3e3,1
a3256c2b-0010-45f3-b8f4-0130bdb75db2,2c54f4d6-5712-4e5a-a025-b7f7a396c39b,1
75d3e73e-8050-4243-9657-c9da471a6a3c,2c54f4d6-5712-4e5a-a025-b7f7a396c39b,1
8e08a3c9-4d8c-4a3c-ad92-0ad568330905,aac2629e-495d-4468-9c8b-cd9649bd7b5d,1
8e08a3c9-4d8c-4a3c-ad92-0ad568330905,332be1f6-5791-43ae-9e37-90cc48e75d24,1
8e08a3c9-4d8c-4a3c-ad92-0ad568330905,2c54f4d6-5712-4e5a-a025-b7f7a396c39b,1
8e08a3c9-4d8c-4a3c-ad92-0ad568330905,146384fc-3f64-4482-a78a-2f082411a27d,1
dc314c08-2cab-485a-8624-0d499d04d2cd,2c54f4d6-5712-4e5a-a025-b7f7a396c39b,1
91720c02-f0c2-4a88-a3a0-69bc2f7220cf,d7b2b2a9-89e1-4612-b588-5c0134c6069f,1
a353e5f9-a91b-4871-9563-4ff4480ad6de,588b9fdc-d2dd-4628-b186-f7b974065d40,1
33991140-4b8a-4ac9-801b-b37a76bb851e,cfba4373-a654-3e0b-80f8-348738169f95,1
983466ae-6b42-4808-87c1-e39cc7bfd11d,2c54f4d6-5712-4e5a-a025-b7f7a396c39b,1
51203662-719a-4120-9b64-c589efb38cb9,2d0e9a21-fa5f-441d-948a-fe97a453a827,1
51203662-719a-4120-9b64-c589efb38cb9,36a8b9e9-909e-4605-a7ba-686ee3e1b8bf,1
51203662-719a-4120-9b64-c589efb38cb9,1039ed7e-97fb-435f-b6cc-f6a105ba5e09,1
fb7b90f7-6908-48f3-aec2-e6fa430e28a5,74358c31-1607-41ff-bf02-a4b171e3a40d,1
fb7b90f7-6908-48f3-aec2-e6fa430e28a5,92183c55-442b-405d-9046-d19b07ffc83a,1
5be44c82-c093-40c7-abbd-3de616a8c48f,627a9226-a907-4018-89e3-878002a9d22b,1
5be44c82-c093-40c7-abbd-3de616a8c48f,298e6b5a-21a8-4d56-9484-1bac58c94a26,1
5be44c82-c093-40c7-abbd-3de616a8c48f,2adc5a86-faa3-4b63-acff-a66128b811b7,1
5be44c82-c093-40c7-abbd-3de616a8c48f,22add642-d849-48ff-9913-8c7ba2d99b46,1
5be44c82-c093-40c7-abbd-3de616a8c48f,898afe8c-0297-45d6-b4b5-0cb9e632094b,1
5be44c82-c093-40c7-abbd-3de616a8c48f,7fcf7f09-12d7-4b06-a183-93c51f940670,1
5be44c82-c093-40c7-abbd-3de616a8c48f,c1ba372b-dba2-4bce-b72e-b5c832eaaf44,1
5be44c82-c093-40c7-abbd-3de616a8c48f,bd8b518b-d812-46f9-b367-4c1b660cfc99,1
5be44c82-c093-40c7-abbd-3de616a8c48f,72fbf32e-c8c3-4914-92a1-66dc2439a114,1
5be44c82-c093-40c7-abbd-3de616a8c48f,28a7419c-f432-4e1a-b0a6-aa9e71968a14,1
5be44c82-c093-40c7-abbd-3de616a8c48f,87f121a7-eef0-4be9-9372-a5efe5b4d375,1
5be44c82-c093-40c7-abbd-3de616a8c48f,71084c02-973d-4544-b804-7ed82bd53027,1
d14eace4-6dce-46b9-8f32-78355b9b9e6a,ebc58372-cde4-45b6-952f-651fd075ddca,1
eac2a8f0-846d-46f6-9135-919887b8f1c3,cfe2ff7e9ad43c1ee053c630070ab103,1
eac2a8f0-846d-46f6-9135-919887b8f1c3,cfe25c2336d833e7e053c630070a709e,1
eac2a8f0-846d-46f6-9135-919887b8f1c3,cfe2ff7e9ad53c1ee053c630070ab123,1
eac2a8f0-846d-46f6-9135-919887b8f1c3,cfe2ff7e9ad53c1ee053c630070ab107,1
eac2a8f0-846d-46f6-9135-919887b8f1c3,cfe2ff7e9ad53c1ee053c630070ab127,1
eac2a8f0-846d-46f6-9135-919887b8f1c3,cfe2ff7e9ad53c1ee053c630070ab117,1
eac2a8f0-846d-46f6-9135-919887b8f1c3,cfe2ff7e9ad53c1ee053c630070ab105,1
eac2a8f0-846d-46f6-9135-919887b8f1c3,49ca9c40-10d2-41fa-a55e-7b516360ad94,1
eac2a8f0-846d-46f6-9135-919887b8f1c3,cfe2ff7e9ad53c1ee053c630070ab133,1
eac2a8f0-846d-46f6-9135-919887b8f1c3,cfe2ff7e9ad53c1ee053c630070ab125,1
4fc537bc-25a3-4db6-b999-3967b38bc77b,67a21de7-e426-4cea-ab9c-7d0fb9ca8a92,1
4fc537bc-25a3-4db6-b999-3967b38bc77b,db5df31a-ae36-43ad-8e71-9691eb45411b,1
4fc537bc-25a3-4db6-b999-3967b38bc77b,a6de427c-9d40-4e02-bfd1-9e372feb1de9,1
4fc537bc-25a3-4db6-b999-3967b38bc77b,8abc73bb-63b7-44c0-a25d-424ce38e5626,1
4fc537bc-25a3-4db6-b999-3967b38bc77b,7ff5a640-634d-4206-9548-a318cb5b4f67,1
4fc537bc-25a3-4db6-b999-3967b38bc77b,ba564a55-f352-4c80-8329-c1856622383f,1
4fc537bc-25a3-4db6-b999-3967b38bc77b,83a47742-191f-4c3c-ad9e-d571d6b03158,1
4fc537bc-25a3-4db6-b999-3967b38bc77b,774ce2bd-90e2-487c-affd-3989967b239d,1
4fc537bc-25a3-4db6-b999-3967b38bc77b,285022f8-59c5-4462-9417-c35f350a52d4,1
4fc537bc-25a3-4db6-b999-3967b38bc77b,5d5214cc-9667-4132-8f23-9b0cf842cee6,1
4fc537bc-25a3-4db6-b999-3967b38bc77b,58e0db32-8633-48d2-8d6c-0272ba2242ff,1
25bed935-392d-4a90-9a2b-95ffd75d6790,1ea3d3e8-fa07-4c37-af68-eb588d439de2,1
4007abbc-1fa8-4908-9d25-5b76084d1cc5,e91bd464-be86-453c-b693-2ab818e11df2,1
37f4acac-964b-4ef1-9ec6-a7ae8a302511,28a7419c-f432-4e1a-b0a6-aa9e71968a14,1
3326b0e1-b037-417a-8a84-568bd0b5eb01,ebc58372-cde4-45b6-952f-651fd075ddca,1
67b5f5a5-ec53-442e-be0f-79f6200c91a3,c91a4635-8b7d-43fe-9b27-d95dec8392a7,1
25d96fad-8f12-4500-a889-9b964cc8edbb,cfe2ff7e9ad53c1ee053c630070ab139,1
25d96fad-8f12-4500-a889-9b964cc8edbb,cfe2ff7e9ad53c1ee053c630070ab119,1
25d96fad-8f12-4500-a889-9b964cc8edbb,cfe2ff7e9ad53c1ee053c630070ab143,1
25d96fad-8f12-4500-a889-9b964cc8edbb,cfe2ff7e9ad53c1ee053c630070ab135,1
25d96fad-8f12-4500-a889-9b964cc8edbb,cfe2ff7e9ad53c1ee053c630070ab115,1
25d96fad-8f12-4500-a889-9b964cc8edbb,cfe2ff7e9ad53c1ee053c630070ab121,1
25d96fad-8f12-4500-a889-9b964cc8edbb,cfe2ff7e9ad53c1ee053c630070ab127,1
25d96fad-8f12-4500-a889-9b964cc8edbb,cfe25c2336d833e7e053c630070a709e,1
25d96fad-8f12-4500-a889-9b964cc8edbb,cfe2ff7e9ad53c1ee053c630070ab107,1
25d96fad-8f12-4500-a889-9b964cc8edbb,cfe2ff7e9ad53c1ee053c630070ab131,1
25d96fad-8f12-4500-a889-9b964cc8edbb,cfe2ff7e9ad53c1ee053c630070ab111,1
25d96fad-8f12-4500-a889-9b964cc8edbb,cfe2ff7e9ad33c1ee053c630070ab101,1
25d96fad-8f12-4500-a889-9b964cc8edbb,cfe2ff7e9ad53c1ee053c630070ab137,1
25d96fad-8f12-4500-a889-9b964cc8edbb,cfe2ff7e9ad53c1ee053c630070ab123,1
25d96fad-8f12-4500-a889-9b964cc8edbb,cfe2ff7e9ad53c1ee053c630070ab141,1
25d96fad-8f12-4500-a889-9b964cc8edbb,cfe2ff7e9ad53c1ee053c630070ab117,1
25d96fad-8f12-4500-a889-9b964cc8edbb,cfe2ff7e9ad53c1ee053c630070ab129,1
25d96fad-8f12-4500-a889-9b964cc8edbb,cfe2ff7e9ad53c1ee053c630070ab109,1
25d96fad-8f12-4500-a889-9b964cc8edbb,cfe2ff7e9ad53c1ee053c630070ab133,1
25d96fad-8f12-4500-a889-9b964cc8edbb,cfe2ff7e9ad53c1ee053c630070ab113,1
25d96fad-8f12-4500-a889-9b964cc8edbb,cfe2ff7e9ad53c1ee053c630070ab125,1
90f495bd-5dc2-4faf-8a78-678d8eddba03,2eb011e4-e899-4eee-885d-4b9da665033c,1
982779b9-8558-4aec-a2cd-59a2cda446ea,c91a4635-8b7d-43fe-9b27-d95dec8392a7,1
4b5a61af-4988-4c27-9c33-982b17863d21,e91bd464-be86-453c-b693-2ab818e11df2,1
6f6848a4-870d-4421-a3e2-2b3da31a197d,d6f352fb-d367-3b95-9710-83c64a11faab,1
734c3acb-f8b4-4d0c-b041-b5e6ff9a91e4,c3a80419-f1e7-3175-875d-88c6f676e6ef,1
734c3acb-f8b4-4d0c-b041-b5e6ff9a91e4,ed08cebf-9822-388c-a09d-ac5a5004dacc,1
734c3acb-f8b4-4d0c-b041-b5e6ff9a91e4,66fbfa85-73a2-30a9-be14-b8bb7a5fd185,1
9cbf5f8e-403a-475e-ad68-b99ea4b96d57,e91bd464-be86-453c-b693-2ab818e11df2,1
3fe269a8-7700-487c-b5a9-35c94d5569de,e91bd464-be86-453c-b693-2ab818e11df2,1
ff904e4d-cc5e-47fd-b869-04632af6e298,cfba4373-a654-3e0b-80f8-348738169f95,1
cd0e2825-0cf8-4e17-bc5a-bc388acc30c0,cff7ec12-5cb3-4907-9a29-9aee77cf40ab,1
cd0e2825-0cf8-4e17-bc5a-bc388acc30c0,5a56bef7-7b60-4822-9da7-1d118f312a4d,1
cd0e2825-0cf8-4e17-bc5a-bc388acc30c0,2c54f4d6-5712-4e5a-a025-b7f7a396c39b,1
d76e8d69-fba2-4e1b-8fe4-fe9e2cfdb8d8,050f108b-8299-4d30-8ab0-10a0f289d725,1
d76e8d69-fba2-4e1b-8fe4-fe9e2cfdb8d8,7b5df951-b8b0-4153-b599-490b4fe39d8b,1
d76e8d69-fba2-4e1b-8fe4-fe9e2cfdb8d8,6760a15b-f437-4e17-b8bc-39aacf3574d4,1
d76e8d69-fba2-4e1b-8fe4-fe9e2cfdb8d8,359c515c-4320-42ef-b4e5-88ba1bb03c2e,1
d76e8d69-fba2-4e1b-8fe4-fe9e2cfdb8d8,a5841caf-afe2-4f98-bb68-bd4899e8c9cb,1
4f9dee83-e151-4940-9a51-629e53b9663d,0fb9ae1a-92cb-4ab8-a589-470c16d4fe21,1
c6fb61f1-6639-4e8c-b400-b8521f7a039d,9c203fec-dc0d-412c-a7a3-7fd77d0346f1,1
c6fb61f1-6639-4e8c-b400-b8521f7a039d,f1f6f15d-2faa-4b62-b78b-80599dd1c66e,1
c6fb61f1-6639-4e8c-b400-b8521f7a039d,36a8b9e9-909e-4605-a7ba-686ee3e1b8bf,1
aa5de648-34bc-4382-911d-9db547f55939,musikschulen-statistik,1
6a981ac9-ac2b-43d1-abf9-8b2d4c23ff60,cfba4373-a654-3e0b-80f8-348738169f95,1
c3e88249-0860-406a-9b17-17a5c23a5569,2ed52078-7e55-40ea-8036-0d89118a06f4,1
c3e88249-0860-406a-9b17-17a5c23a5569,ee7668cf-46bc-4246-a6fa-4adfdb52a513,1
c3e88249-0860-406a-9b17-17a5c23a5569,a1e1bcc1-55ef-40c0-b4a8-0e431e8a141c,1
45dae581-c555-4da5-9dab-2609e138e5f2,2c54f4d6-5712-4e5a-a025-b7f7a396c39b,1
cc048bc1-cd14-4b34-9d17-de22c8547e6b,3fefc838-791d-4dde-975b-a4131a54e7c5,1
cc048bc1-cd14-4b34-9d17-de22c8547e6b,7cf0da04-1f77-4321-929e-78172c74aa0b,1
29c69352-4125-4c0e-9401-23c65161e6fd,e91bd464-be86-453c-b693-2ab818e11df2,1
29c69352-4125-4c0e-9401-23c65161e6fd,d36d01fb-a929-44f8-804a-137f406582a7,1
29c69352-4125-4c0e-9401-23c65161e6fd,e49a1510-9d93-4277-8467-48a1efc9f046,1
b3b8dc67-0e2a-4d3e-84cb-5c69c4ac1643,2a7a3701-3aae-47c2-b2a8-2554ecff7d9f,1
ec6f5687-3634-4697-ba57-dfa2bf0daaa2,musikschulen-statistik,1
