id,group,title,connections
f2702f48-ae84-40cb-8e97-3de0767b8726,Application,Application: 2019 Austrian General Election Results,2
4bbb1ed7-df30-4034-9a15-eb8305dac179,Application,Application: 3D-Sonnenstand App,3
c56e3eaf-6429-41c5-aa89-ae6be848743e,Application,Application: 48er-App,6
6f812da1-eb65-4c04-b0d7-dd89ce86aae5,Application,Application: 4beiner,3
615b86a3-0011-4530-b31e-26361cc43c52,Application,Application: A story about Vienna,11
9fa12d47-980a-4d05-a6e4-9c41ce7a33c0,Application,Application: Abfahrt,1
96be2a46-70c7-4721-8b7e-4a07003495d6,Application,Application: Abfahrt,2
21092a31-8880-4a99-9710-2c5d246106c1,Application,Application: Abfragehilfe Höhenpauschale nach RGV,2
0dd50d81-c7fb-4b3e-8228-98c7cff26578,Application,Application: Accessible Vienna,2
52b512bf-187c-4847-b561-2268db9562bf,Application,Application: Adlerweg Tirol - Der Wanderweg für deine Hosentasche,1
54b95af9-e99e-4aa9-9aa3-0f991c351ec8,Application,Application: Adressservice-Unterstützung für geocoder-php Bibliothek,1
6241cad8-eafa-46ed-b72a-139d293c4cb5,Application,Application: Advolist,1
f58c105d-991e-4ab6-9d96-61d0e8a7db4f,Application,"Application: Aktuell im Nationalrat: ""Aktuelle Beschlüsse"" und ""Regierungsvorlagen und Gesetzesinitiativen“",0
6e13e737-a40d-49c2-977f-27fcc60f7908,Application,Application: Alarms,0
098dbc00-6353-49d5-8a45-346cc4f04b4c,Application,Application: All-in-One Reisesuchmaschine von EnterAnGo,2
f913c08d-c073-4163-8fe1-e3141380c3fe,Application,Application: ALLiSEARCH.com,7
4068e7ab-00c7-4b3f-9356-6c270ed4eedd,Application,Application: Allryder,1
186e399b-a0b6-4cc8-a4bf-c846651b5aa0,Application,Application: AMA Flächenauswertung,1
153865b8-867c-4c2d-b7b9-2a24e4d144dd,Application,Application: Ambulanzen in Wien,1
cddc4437-c250-41a2-9d6d-07dbc292a54c,Application,Application: Amtliches COVID-19 Dashboard des BMSGPK/AGES,5
e6a02c67-f1bb-40f0-8803-a8939e286564,Application,Application: Analyse der Toten und das Verhältnis zu Covid,2
ede03db1-b4bf-412b-8a97-a24911cea24e,Application,Application: Animierte Landkarte der Wahlergebnisse der NRW 17/19,2
03c22ef2-e151-489d-b18b-ba10e285ae02,Application,Application: app.SharedMobility.ai,1
dc514bf5-6ec9-4950-a079-d73bf3b4aa84,Application,Application: AppFahrt,1
a57afd59-1c38-4208-b100-0eff9ccf7e91,Application,Application: Apple Maps Integration der Wiener Linien GTFS Verkehrsdaten,1
16ddb2dc-45eb-48ab-a7ea-2b8708571596,Application,Application: AQC - Air-Quality-Chain,1
7a34ef9d-6576-452d-b56e-ded9d81ea6f2,Application,Application: AQUArinthia,2
665de072-9b9e-428d-aa71-00107b6296fd,Application,Application: Aquarinthia -Alexa Skill,1
62380dd0-1d2b-4bf4-9bf7-47ba0125d84f,Application,Application: Arbeitsmarktdaten Österreich,6
cc6e6c2e-a21a-445a-82c0-d30c80e81f94,Application,Application: arriva vienna,1
e7fe3d05-bcfe-42e4-b524-de50420671b4,Application,Application: ASFINAG Immobilien,1
5eec5f0c-eabd-42c1-9060-01267ab80cd8,Application,Application: Asyl Recht Navigator,1
1dc705f0-a497-4cfb-b389-30de581a242f,Application,Application: AT-WETTER,1
1bad31d8-1a0e-4d57-a9fc-389add1a8e99,Application,Application: Atenas,1
24e76a52-2856-4c06-884b-e4290b523efe,Application,Application: Atlas Art by CraftYourMap,1
023777c3-ef68-4b97-bdec-e6d62e013def,Application,Application: Atlas der Sterbefälle,3
7dfbe42e-363b-46f8-83a3-993d778add73,Application,Application: Auskunftsbegehren Adressdatenbank,1
1e1a83f6-0b9d-4a02-9dc0-c0b97f2f393e,Application,Application: Ausreisetests.at,2
1bdaef0e-ffdd-4d1c-af54-ca0d7f9fd727,Application,Application: Austrian Elevation Service,2
ccdea93a-1c28-4e3c-8556-bf556f9eee3c,Application,Application: AustrianElevation1m,1
443ca540-5cb3-47f9-821f-6a7e25ae01af,Application,Application: Austro Control – Spatial Data Infrastructure (SDI),1
3d76af33-8ee6-41b2-9003-7d4a051ff36f,Application,Application: Auswertungen der Open Data Datensätze zum Bundesbudget 2024,1
229ccf17-d391-4f1f-ab46-ea12993f20cd,Application,Application: /av/alanche /da/ta /vis/ualization,1
c2e2bfce-162b-466f-b33d-28d8241e13ce,Application,Application: AVACT (Austrian Vaccination Age Case Trends),1
4d1f94d7-863a-445e-8eb5-8a1d31ded0ca,Application,Application: Baby benamsen,12
a8332615-ad0a-45bf-8475-4465d5a213fd,Application,Application: babyvornamen.at,1
60311ad4-7583-4fa7-bc1c-4733d720a8de,Application,Application: Badegewässer App,1
75d94d26-a5a1-4761-8a6a-e71e6dd297ad,Application,Application: Badewaschel,2
bf4875ce-93db-4563-a214-dd24db5b12a1,Application,Application: Bäderampel Wien,2
6d5d2077-0110-47a9-a8b8-d7b0667f6c32,Application,Application: BAM Ticketing,1
5d258ca4-0965-4f2c-ab8e-690fb7913660,Application,Application: Barrierefrei Parken Salzburg,1
07fe8434-ccfa-453f-969a-d67a22e0d4e3,Application,Application: basemap.at Vektor mit Mapbox GL JS,1
f57fe972-6c62-4fbb-9659-0b9e4578b978,Application,Application: basemap-google-maps,2
72c33b56-45c7-406b-8ae8-6d56e37a8088,Application,Application: BaseMapPlus OÖ,1
75eb3df9-2bee-4f86-9383-e15cfc182cef,Application,Application: Baukörpermodell Wien Visualisierung,1
ae0f2558-2b79-4e18-8f74-4d9ce3871bda,Application,Application: Baumkataster Linz,1
abb4b97f-7423-44d1-8a74-7510af58437e,Application,Application: Baumkataster Wien Query,1
54a4a2e0-4382-478f-b424-0d07ff18e62e,Application,Application: Baustellen OÖ - Der Baustellenführer für Oberösterreich,0
88597846-b410-423d-aa34-e74c6a9e9a9a,Application,Application: Behindertenparkplätze,3
a80522c7-fbe5-482b-a010-429b004b78cd,Application,Application: Behindertenparkplätze in Graz,1
38a2c8ec-b087-4d49-be33-e940387894a1,Application,Application: Benvenuti a Vienna,2
8c61ac3f-b84f-4d63-8d3a-8e5af14ca17b,Application,Application: Beratungsstellen OÖ,0
f17381d5-f76a-4007-a98c-2b699cfe7d76,Application,Application: bergfex.at,1
e1f4bcc0-c646-40ce-9b3f-482b8288d301,Application,Application: Berufsinformationssystem des AMS Österreich (BIS),2
dda47439-e442-4a74-8f00-dfcfb65345fb,Application,Application: Bevölkerungsprognose in der Steiermark,1
00450802-2136-4b9e-aad1-b29cdef8f58e,Application,Application: BevölkerungOOE,0
7ed5a498-4f14-4eee-af05-b91d458bf3b4,Application,Application: Bevölkerungsentwicklung Graz,1
a2fb6352-cdfc-4db9-be9d-a9bfd4d31530,Application,Application: Bevölkerungszahlen und -dichte in Wien nach Zählbezirken,2
eed8baaa-0c9f-4fad-a232-ce9b968d484b,Application,Application: Bileto,2
384249a7-fe20-4d40-87e5-1f16fb7d472e,Application,Application: Bim Bim,3
26f1dc2d-d482-4901-8191-18477bc370cd,Application,Application: Bing Maps,2
92a42a74-048e-476c-bbca-d640ad6a455d,Application,Application: Bird’s-Eye View upon the Austrian Open Data Landscape with wordcloud,1
a6aed657-82f9-478a-ba2f-470dcb442eca,Application,Application: Blickwinkel 2040,2
f65bb18c-ceeb-44aa-ab78-0efd7ee58303,Application,Application: Blühendes Österreich,1
9545a69e-b450-4c44-b4cf-9022cb6cf7b9,Application,Application: bodenpreise.at,1
1e4d72e3-40b9-4aa5-97d5-240b5a19d10c,Application,Application: Breitbandatlas,3
5c9ccf1b-d7f5-4f06-89c0-a2a448fe8bef,Application,Application: Budgetvisualisierung Kremsmünster,2
393e000c-bfee-4025-8ab2-c1df7095d9f0,Application,Application: Budgetvisualisierung,1
6dd62cb2-a715-4ce6-853f-57879543d968,Application,Application: Büchereien in Wien,1
792d3e2c-6837-4ad0-b170-63ce3685fec3,Application,Application: Bürgermeldungen,0
cb105ed2-9000-4de7-8edc-4e3f73b6ed43,Application,Application: Bundesgesetzblatt Twitterbot @BGBl_Bot,1
2bd37a73-132b-4edc-a0bb-4751186d291f,Application,Application: Bundesländergrenzen Österreich,1
5475cd07-baa7-40d3-a762-8c6ead32ab36,Application,Application: Burgen und Schlösser in Wien,1
354f8b78-d563-4344-a4f2-d2857fddf382,Application,Application: Bußgeld Rechner Österreich,0
3703fb08-ef3b-4936-94cb-b6d8b712713a,Application,Application: Bushaltestellen in Wien,1
ab71f058-7c2d-4e5f-85aa-9a03e2bc1dc4,Application,Application: Campus Alpen-Adria Universität,1
fe7a86fc-d433-4b34-ac0a-ce0b3e800ca8,Application,Application: Campus WU Wien,1
d09786ca-f4be-4302-b2db-807c68a161e2,Application,Application: CAP4Access,1
016f31a2-a5ec-4327-909f-b145102a2cf6,Application,Application: CCD-Guide,1
58b89253-d767-4ef0-9ec4-26403875503d,Application,Application: CED-ATLAS Darmplus,2
01d40bae-d4d2-48d5-b753-cf73a6430bb8,Application,Application: CheckAustrianProjection,0
96ac85b2-39ad-4802-be5e-a36a442a109c,Application,Application: Checkmyplace.com,1
01c75c37-8c12-486a-a1c3-b053707b0a84,Application,Application: Cherry Blossom Map - Wo finde ich japanische Kirschblütenbäume?,3
fb507f93-9c0f-406f-803b-1acfe56076ba,Application,Application: Christbaumsammelstellen Graz,1
e53a8765-a0d7-4c6f-a797-92837b415189,Application,Application: CityBike,0
faddf2fa-319d-41db-9eda-b1dd19328962,Application,Application: CityBike Alexa Skill,0
486484ca-e51f-4193-bfd6-e6b17ff7ddd8,Application,Application: Citybike Wien,0
0a147c3d-31c7-4d4c-a4ec-b059b45c711b,Application,Application: Citybikes: Radfahren in Wien,0
23e6a4ef-5edd-462e-9a29-161e245432ac,Application,Application: CityHikes - Wiener Stadtwanderwege,1
783269e6-dc69-4c6a-8299-38f5a0324181,Application,Application: CityMaking.Wien,5
5d91bf1f-31c0-4446-8d7c-fe2cb3bdfc97,Application,Application: Citymapper,1
e29b1a12-e68b-49be-8142-45b2f5134429,Application,Application: Citywalx,6
7d8a981a-5a8d-4a72-a57c-a3a708d1138b,Application,Application: CoCeSo - Coordination Center Software,1
27f534d7-29f9-427d-9e27-fa99d24c986c,Application,Application: Cooles Wien,6
c3df5a27-ec37-45ac-93f5-6d0b7bee198c,Application,Application: CorIn.at - CoronaInfo-Austria,1
40f06d3e-a143-48f4-b386-a98891a0554a,Application,"Application: Corona aktuell Osttirol inkl. Grafiken, Ampel und Impfdashboard Österreich",6
966b0a77-2a66-4382-8862-5fa3ce907805,Application,Application: Corona Ampel als Cartogram,3
42921357-f1a6-445f-917a-a280a064f82e,Application,Application: Corona-Ampel Darstellung,1
1f5b50c8-7bbe-4ab8-896d-05d8c91e28e1,Application,Application: Corona-Ampel des SC Marchegg,1
ec92d501-138d-436f-8036-3b38c5a4271f,Application,Application: Corona Ampel iFrame,1
56cadc3c-4ddf-46ba-b1b4-ea9f8e2760a9,Application,Application: Corona-Ampel.org - Dashboard und lokaler Newsletter,3
b0f742b8-4ab8-4cfc-ac35-2b622a410509,Application,Application: Corona-Ampel Region Wiener Neustadt,1
2c8a170a-3070-4f99-9251-15316e9db3a5,Application,Application: Corona-Ampel (Risiko-Warnstufen System) Visualisierung,1
c730ccdd-279c-4a5a-8d48-90ad78f0a02f,Application,Application: Corona Ampel Status Infotelefon,1
eb2b0177-b69a-439b-9a2b-782cd2eb1a77,Application,Application: Corona-Ampel Widget,1
54ac427d-fb9e-43c7-a358-097165c50867,Application,Application: Corona Ampel des Complexity Science Hub Vienna,1
08c45a46-4440-4230-af33-778dfc0dd9db,Application,Application: Corona Dashboard,1
74497781-aca7-4507-b46b-b19b6d2fb0d9,Application,Application: Corona Dashboard Österreich,1
002c85ba-4f0c-4cee-b645-bbd5c31f995b,Application,Application: Corona Dashboard,1
14edeba1-1b0b-48f1-adad-d90aa62d4b57,Application,Application: corona-gedenken.at,1
7ce52e7f-b9b4-4ad3-b4fc-4834edbd2d7c,Application,Application: Corona Information Bezirk Schwaz,1
6adce52a-da27-4f16-afd8-8481b39e238d,Application,Application: Corona-map,1
3591613c-8582-49c7-96f6-b55d3889b6b2,Application,Application: Corona-Tabelle mit Statistiken und eigenen Vorhersagen,1
5af8f177-9e6f-4450-825e-fbe3bd1e55c8,Application,Application: Corona Zahlen Online,2
ba1cdcd0-c665-4b73-8138-43d9b5a3e594,Application,Application: coronatracker.at,1
f8097a9b-2cca-441e-a13a-273209fbdadd,Application,Application: Coronavirus COVID-19 Fälle in Österreich,1
60ef4ee0-ff11-4833-9ac3-788d96bc6668,Application,Application: Coronavirus in Austria,3
c409058d-01a3-4d32-a286-59b690c5d5e0,Application,Application: Coronavirus in Österreich: Daten und Karten auf ORF.at,1
725eb125-47b2-41ba-93bb-5bebc7c5084d,Application,Application: Coronavirus - Österreich,1
38ea1e24-8129-40a2-b4da-bb4bbeee44fd,Application,Application: Wassertemperatur in Österreich,1
3354bec9-92ad-467f-a102-bb42a8f65d09,Application,Application: Covid-19: 2020 im Rückblick,2
d9132565-5b85-4ada-a1dc-0b90f8b587cb,Application,Application: Covid 19 - Anzahl der Personen positiv getestet,1
1dfdd71b-12c8-4f9f-9de6-12ae952ba219,Application,Application: COVID-19 Austria Hotspots,1
eacb0cf4-3eeb-4847-854d-5c102015784d,Application,Application: covid-19 Austria,3
fbc9d554-d9b7-47ca-b8ac-dd929160b5a8,Application,Application: COVID-19: Bezirke und Länder mit Zeitreihe und Min/Max,2
3eef9b37-8c96-4f45-866a-4e5005c2b7ff,Application,Application: COVID-19 Dashboard - Land Tirol,1
17a1abd4-416d-4111-9dc3-15fa44a4608b,Application,Application: COVID-19 Dashboard Österreich,6
b984047a-3e8d-4ae5-969c-969c51cdd380,Application,Application: COVID-19 Dashboard Österreich,4
6935d18d-831d-4524-b850-0e0fdcc0dcf5,Application,Application: COVID-19 Dashboard Österreich,2
5fc40698-fad6-4f1b-bae4-b90bbc686190,Application,"Application: Covid-19 - Genesene, Erkrankte & Verstorbene",1
3bdf76de-1eba-48ba-ad6f-9077cc350ad0,Application,Application: COVID-19 Grafik Plattform Österreich,3
44dcfffe-80cb-4e0e-a02a-552b80eac33c,Application,Application: Covid-19-Impfungen nach Altersgruppen im Zeitverlauf,1
7288f7f2-79ae-41e3-9544-43f6518a58e6,Application,Application: Covid-19-Inzidenz aus mehreren Quellen in einem Diagramm,1
cc8c5ca7-23e9-466d-9b98-9a707a62d5b1,Application,Application: COVID-19 Schutzimpfungen in Österreich,0
31a886a1-b60a-47b6-8833-a3172685c71d,Application,Application: COVID-19 Simulations,1
f79bbb6f-a351-4ad7-bdd1-50f0410733d4,Application,Application: Covid-19: Spike map der Fälle/Bezirk,1
fe42f1f3-c1b6-4334-aff5-3198ee527cdd,Application,Application: Estimation of exogenous drivers to predict COVID-19 pandemic using a method from nonlinear control theory,1
2349e71f-f55b-4fbb-91a1-e66819e12731,Application,Application: COVID-19 Tracker Austria,1
241fa56f-df13-4f09-ab84-f664858d142a,Application,Application: Covid-19 Visualisierungen,1
919ada8d-5af6-4ad8-a890-dcf9a1e30f8b,Application,Application: COVID-19-Vollimmunisierungsgrad Österreichs nach Gemeinden,1
a0099817-6f29-4768-8653-58c9218b2c8e,Application,Application: COVID-19-WeatherMap,3
b117feae-5d25-4b2a-96d1-c522960db97b,Application,Application: Covid-Checker.de,1
a5e21846-714b-443a-b560-24624ef52e1f,Application,Application: COVID Daten regional mit Zeitreihe,8
a8217501-daca-4edf-8318-b53eba3888d1,Application,Application: COVID.hallofreunde,1
2835d637-b50e-42cf-abc5-b682f8f0173a,Application,Application: Covid in Austria,1
c2f44f37-cf7c-4698-9d5b-7c10b7c9e0aa,Application,Application: Covid-Inzidenz nach Bezirken in Österreich (Hexagon-Karte),1
3dff9c58-9a62-4ae4-a6cb-f0878e5605c2,Application,Application: Covid-Vergleich 2020 zu 2021 Salzburg und Bezirk Hallein,2
647b7f93-281e-4fc5-a6aa-91b38d4afb62,Application,Application: COVID19/Corona Testlocations,2
3505b772-05fc-40f2-9bee-0d914071c909,Application,Application: COVID19 Entwicklung Österreich,2
7cfc6649-6318-4651-ab3b-701ceb973177,Application,Application: Covid19 Prognose,1
e16f6e6c-cf91-4279-a51c-0eaadb8858c4,Application,Application: CovidLux,5
82e9b390-6da9-4540-b98b-07faf072a30e,Application,Application: crowdranking,4
995427af-22e9-48fc-b71a-a9472630a31c,Application,Application: CSH Health Care Info Point,2
96501b2c-5245-4f94-91b0-8121a63e5e14,Application,Application: Current Corona Statistics,3
d3f4a808-61e5-49b7-a7b6-1abc06757c85,Application,Application: CycleTripMap,1
140ab80e-bb35-44e4-91f4-4dca5d4b8b80,Application,Application: Da stehe ich nun…,1
6f422a00-9e0e-413e-ada3-df9b6d313f0b,Application,"Application: Daham in Wien, interaktiver Atlas von Wien",12
a03255e4-bc1c-4756-8c07-8b5ccdce14bf,Application,Application: daheim.in,3
5e805068-244a-49c8-813b-908bf346a040,Application,Application: Dashboard COVID-19 in Österreich,5
6d11d490-fc43-4377-bbbe-37e670632801,Application,Application: Dashboard zur Corona-Schutzimpfung des BMSGPK,1
06e95450-d251-4240-9654-9feeba1d7f52,Application,Application: Data Finder,1
bf421446-9b60-4cd2-855a-532c666041d8,Application,Application: data.Seestadt.city,2
f2be2e94-fa70-4983-9dcf-6ce397a6f395,Application,Application: Datatank und Semantifier,0
02ffc60f-260d-4ade-9be9-676a1a0fcfa7,Application,Application: Daten-Waben,0
25687365-66e9-4bee-9e28-c677918d5a9a,Application,Application: Datenspaziergang rund um die Urania,2
f0762815-9ab0-495d-8dee-98164af54cbc,Application,Application: DAttE – Detection of attic extensions,1
37fa9330-73a3-451d-a56f-b8d885ea8420,Application,Application: Deermapper - Digitale Jagdverwaltung,1
964d3750-0341-4a04-ae2c-0d643f91963f,Application,Application: Defibrillatoren in Österreich,1
b9013384-84f1-4a78-94e0-8daac0eb9d93,Application,Application: Defis in Wien,1
2d940a62-70dc-408f-bd3c-cbb7e9c6f9e1,Application,Application: Demographic Indicators Vienna,1
e6415477-905e-4f45-956d-ff58a4c42d0c,Application,Application: Der Radfahrbegleiter für Wien,5
48b53554-3fa8-4e9a-84e3-4276a11fe894,Application,Application: Detekt,1
0a638ac5-eaac-4df6-b09a-1224215f6794,Application,Application: Dianacht/Topo,1
1fcefced-27f7-43dc-8f54-1f2cb0272f35,Application,Application: Die beliebtesten Vornamen Wiens seit 2000,1
f2b1c584-4f3f-42c5-97c7-8cd44318d8b5,Application,Application: Die Daten von data.gv.at,1
11cf2dd6-d01c-4ca8-893a-4c1a1a9d542f,Application,Application: Die zweite Welle,5
8cdf30f2-84ab-4c8d-8d03-61f6243b398f,Application,Application: Digi-Cycle,3
d52caebc-c671-4fb5-91f1-01491063aabb,Application,Application: Digital Austria Data Exchange (dadeX),1
7fe41d3c-1154-490e-b878-2d41df39b9bf,Application,Application: Digital Salzburg,7
bf6724d7-4a65-44df-ab3c-f8e85043cb87,Application,Application: Digitale Bodenkarte (eBOD),2
c846b5d6-333c-4659-9bda-7dab12c10a68,Application,Application: Digitales Geländemodell Wien 5m-Raster,0
ef5c4c4c-ae63-4fbc-bbf7-4e5ad92664c8,Application,Application: Dog Toilet Map Salzburg,1
39b4c5a7-caf2-49d2-b66d-4e78385ed364,Application,Application: Dogator,2
9ecf5959-2009-479c-90d8-c86457f6bb9b,Application,Application: Dogs in Vienna,1
bc751a5b-385a-4ef8-a0c6-5937c4139066,Application,Application: DORIS,1
0ec5af23-2845-4e42-8566-9c2c867a1fca,Application,Application: DORIS mobile,0
705a21fd-e60c-4b01-a1bf-4a07caafc28e,Application,Application: dort! wien,6
e67ed21a-34d2-42bb-99e4-eb7f462d4008,Application,Application: Download Bemessungsniederschlag ZEMOKOST 2.0,1
055df4ba-6fa6-40f0-b681-49b26d9af313,Application,Application: Drupal Modul - Open Data Vienna,5
3dee85e4-d235-4fe9-9412-7f6e66b67cda,Application,Application: E-Control Ladestellenverzeichnis,1
bd836e2c-70ac-44cc-8240-e93aa8ea676c,Application,Application: Echtzeitdaten von Öffis via MQTT & ESP32 XIAO & OpenDATA,1
d594d8bd-ed6f-4926-93fd-3c7c77ef2aa3,Application,Application: Einfach Parken Wien,6
de9b4120-ef6a-440a-ac62-d9605d890fed,Application,Application: Einfach Parken Wien FREE,4
a9d8a419-eb44-4d95-b0ce-cc76c6c10727,Application,Application: Einkaufszeit Österreich,3
98fafb76-bb41-44ab-9ca2-5f1f8c2aff96,Application,Application: Elasticsearch & Wiener Linien Data,1
5ab3df46-2b2e-4e94-8590-4a54ee250a6e,Application,Application: Elternvereine an Tiroler Schulen,3
d280e661-b9fa-4f3c-bd7b-e56833f68088,Application,Application: Embedding Vienna - The 1st District in a Manifold,1
0f0b934c-c0ac-48f9-b35e-602c17b53bc9,Application,Application: Empfehlungen für data.gv.at Datensätze,1
e12fe750-b939-448b-85a3-536ae8e58192,Application,Application: Energy Ahead,2
b8eef34a-6b88-4e6a-a233-fe070fa3799a,Application,Application: Engerwitzdorf Interaktiv,3
8ad7dacd-b977-4ead-b6c2-19c030ec5964,Application,Application: Entdecke DNAustria,1
bb1191f5-427f-483a-b060-c0c2eff08363,Application,Application: Entwicklung der 7-Tages-Inzidenz zu Covid-19 in Österreichs Bezirken,2
5146c105-4089-44c7-a7b5-1fc351c1c4a8,Application,Application: Entwicklung von OGD,1
871224fc-330b-4e06-bea0-8daebb5b4b10,Application,Application: EO-WIDGET AgriApp (OGD Austria),1
77197743-2ceb-44f0-814e-a48803d8c447,Application,Application: ePaper/eInk Lawinenlagebericht Visualisierung,3
fb402e2d-1e9e-4bdc-b269-c8a305bb5776,Application,Application: Erdbebenvisualisierung,1
e424f432-0587-4e2e-a7e9-7cbe78659e60,Application,Application: Ergebnisblüten der Nationalratswahl 2024,1
6118504d-37a6-4eaa-bc8a-d048f814511a,Application,Application: Ergebnisverlauf und Auszählungsgrad NRW 2017,1
93e654a2-8748-4f29-8483-ab37a1322255,Application,Application: Erich Neuwirths COVID-19-Analysen,5
7b14435a-bee1-4e96-b11b-81406fab75bb,Application,Application: Erreichbarkeit der Gratis-Covid-Teststationen,3
4166cc23-eae0-49b2-88fe-7b79868f131b,Application,Application: EU-Wahl 2014 - Die Ergebnisse in Ihrer Gemeinde,1
c8677233-a19b-471f-99a7-a51f19ddbd21,Application,Application: Eventphant - Events finden,1
1c4de155-4d97-4207-8a18-b254d011f9dd,Application,Application: Events in Vienna,1
7170e71b-da13-45b4-838e-7274f964006e,Application,Application: Eversport,1
2257dfb0-d8a6-46b2-a752-41cb3dc882d7,Application,Application: Explore Your Urban Environment,3
d0a2a264-e452-425f-9b90-9adc6a6f41d3,Application,Application: Exponiam - Kunstinkubator,1
b8543991-a276-4bfa-be73-0228340ffc56,Application,Application: F-Online,1
508bce23-2e67-4378-b37b-588e2ec57e28,Application,Application: Fachglossar Österreichische Verwaltung,1
6f0c7a0e-ba6c-4eb7-b0c1-2b499d03c1ac,Application,Application: Facts4Stops,1
17e2f683-9146-49b5-9996-56c3f2b850c3,Application,Application: Fahrschulen Wien,1
28337e42-afe8-4ecc-92c3-2a955f1a4f4d,Application,Application: FAIR Data Austria Database Repository,1
3191356b-d258-46b8-b12d-32e37dd77d96,Application,Application: Familiengesundheit,11
7e179b2d-cbb8-4dbc-8172-2e244cbea5e8,Application,Application: farming.software,2
d15a00cd-a85f-41fc-87e9-ebab5be89eec,Application,Application: Fassungsvergleich,0
f5503566-7395-495f-91ff-543a1c0efb39,Application,Application: Feinstaub Graz,1
b2469863-36cd-487d-b240-374a36f6431f,Application,Application: Feinstaub Graz,1
af4cb827-d868-4a68-a62f-eb378c18f053,Application,Application: FEM:help,0
2f6e2695-6b1b-4d94-8033-3f25769c2f5b,Application,Application: Feuerwehreinsatz.info,3
787bab96-dc54-416b-8b4a-802758cb477e,Application,Application: Findaloo - öffentliche Toiletten finden,1
c3c60e8f-ac01-41bf-8839-60adce88802f,Application,Application: FireYak-Wasserentnahmestellen,1
e8f5fd52-2f85-4e95-ba37-2c4dd2efca5f,Application,Application: Firmen A-Z,1
f46b7b07-ce85-45c6-b2f3-465824401aa1,Application,Application: Firmenbuch AI,1
7123974b-fe71-4c9d-8393-304c15aca9e8,Application,Application: First-past-the-post vs Proportional Representation,3
1f1fcba4-5592-42da-8f3d-8212e0e02cad,Application,Application: Flächenwidmungsplan Vorarlberg,0
08da3f3b-9cb5-4993-a265-43e486ec8583,Application,Application: Flano,1
bf023a75-c99b-42ec-88fd-69cb9b7930e5,Application,Application: FlexLex,1
3a23400f-1b23-46de-9e54-9cb6fe8ad127,Application,"Application: Florian und Jessica, Muhammed und Leonie: Vornamen in Wien",1
fa695296-f6d6-4636-9b52-331c13b421db,Application,Application: Flux,1
a40e6b56-e37b-414a-9e61-e28f70888c50,Application,Application: flyforfun.at,1
7cfb6d57-2703-4ab7-98d5-535b9583b078,Application,Application: FOGIS - Fonds-Geo-Informations-System,3
d18b15c2-2fbe-49bf-acf6-9bbd68603783,Application,Application: Free Maps,2
91fea533-0121-499e-90e7-dbc391d61541,Application,Application: FreeFlight,2
4648259d-d2e2-4a6b-8a63-084b32eeb473,Application,Application: freewave,1
bc6cc24d-6d02-4d51-873b-62290b056a65,Application,Application: Freizeitplaner OÖ,0
a4c09786-fcec-4c42-9ceb-e7a4b03c8703,Application,Application: Frey-tag.at,1
10ca6601-fb78-49ab-8a2f-0fbaa9cbb0a1,Application,Application: Fruchtfliege – Obstbäume auf öffentlichem Grund,1
ec805295-3ce0-4057-9166-31bf2d3baddc,Application,Application: Fundboxen in Wien,1
4c64b08f-d015-47da-8df9-af76dff149cd,Application,Application: Furtbot,1
bf70fc7f-68f8-4ea7-b4ff-83c075cb97a9,Application,Application: FW-Info,1
a6989a41-fee5-421b-aa79-51793de1ffbd,Application,Application: Gackerl Sackerl,1
067f74a5-9460-40d7-842a-2450cb66755c,Application,Application: Geförderte Neubau- & Sanierungsprojekte in Wien,1
de7fd69e-643f-40ed-8289-69c80985a446,Application,Application: Gem2Go Die Gemeinde Info und Service App,7
eaa007ab-b9d9-43f9-946b-574b5a7825ed,Application,Application: GEM2GO WEB,2
514a6685-8d51-4f93-9ef1-94395dd39227,Application,Application: GemeindeApp Österreich,1
98769f16-60c3-4b20-b70d-cabf2d3e3f77,Application,Application: Gemeindeergebnisse EU-Wahl 2019,1
3875b7d1-9085-48bd-a255-52da1d90bbb9,Application,Application: Gemeinderatswahl Graz 2012: Bezirksrückblick,6
53f456e7-6ee1-4792-9b34-1ea0ae6a4af5,Application,Application: gender-ungender,0
9b773665-f50f-4272-9a40-a4966cec8f13,Application,Application: Gendering Wortliste für TeXstudio,1
947e0cb7-c71e-4515-9471-c02ab884b097,Application,Application: Geodaten Visualisierung,6
c0b86191-1296-4ad9-a95b-e0dd6a6cfd72,Application,Application: GeoDemographics,10
7131ae60-5485-4d19-bd99-6c60608228ee,Application,Application: Geografische Suche im Online-Katalog der GBA,1
eaacf22e-a6fa-4167-a8d8-a76c8589a5df,Application,Application: geoland.at,1
7f516ed3-d593-47fa-a88f-2a9f5c24d7fc,Application,Application: Geospatial Open Data Visualization,6
869ba96d-b884-4113-a4b7-08893a6187f1,Application,Application: Geostar,0
28288013-60b7-4e81-aa41-e99a3a1f7138,Application,Application: Geoszene Wien,1
fdba9f4f-4685-4068-8cc6-edf2ce741c1e,Application,Application: GeoTraining,1
3eaf6811-dc6e-439f-a9dc-20f96e9fa5d4,Application,Application: GesetzeFinden.at,1
1be9008d-f21b-4a67-ab6c-8d33a10a65cd,Application,Application: GIP IDF-Parser für QGIS,1
b2c04bdd-10ac-4f4e-8d0a-f84719e56a75,Application,Application: GIP IDF-Router für QGIS,1
9d830f59-3fa9-40f4-9047-f3867a359a4f,Application,Application: GLOBAL 2000 Bienen-Check,1
670d5a69-6f25-465c-8b68-15cda50efbc4,Application,Application: goÖffi,2
1b383bf1-fe38-4719-8093-7219fc0a7acf,Application,Application: Google Dataset Search,0
f120cfc0-ad7c-4e75-9e8b-87aaa0e7cfaf,Application,Application: Google Public Data Explorer,0
94f6cd61-3ab6-45e1-a47a-8b0e2dc4694c,Application,Application: GovCrawler,0
ca1cf8f9-e887-4566-98f0-2d95562a5f81,Application,Application: Gps4u,1
ea86ddda-75f2-4bcd-a0c5-00d289213459,Application,Application: gpsinfo4zemokost - QGIS plugin for ZEMOKOST,2
eca79b74-4672-4b62-b3c0-e0f937b44605,Application,Application: Grätzlfarben,1
b622f0b3-9a3f-496e-9e39-359f5b2f827f,Application,Application: Graz Events,1
72d1ef14-b4dd-49d3-a579-3609778a4b0c,Application,Application: Greenify,1
701bb6a1-6e1e-4c38-8927-d66fc9c755ed,Application,Application: Grenzstein-Datenbank Österreich (CATASTRUM),1
8de77074-8024-4b5f-8b95-2e8b4912e7d5,Application,Application: GREX - wissen was läuft,4
105414f2-481e-43ab-80d1-d7e4ce8de9ce,Application,Application: Grr-Grr-Bike Game,0
ae7413c5-1ce0-4d6d-87c9-50b317723c45,Application,Application: Gültige Impfzertifikate nach Gemeinden,2
967b7bb8-2672-43ae-bdaf-779e754f6d46,Application,Application: guteluft.info,2
ae8cf9cd-84be-425a-9715-c0f2de16f2bc,Application,Application: H2K – Das Kärntner Wasser-App,2
e73d8f37-89fb-4a19-a6e9-55f612a441ca,Application,Application: hafla - Stadt entdecken,2
1c947fa8-f7c7-44d1-a93a-8cb012d14d06,Application,Application: Hallo Baum - unsere Straßenbäume kennenlernen,2
5090db44-e1c4-49b8-9805-29828b821239,Application,Application: Haus und Hof - Hausgeschichte Digital,2
5c3ada09-1b54-451e-9421-46efa6cd8598,Application,Application: Helios - Entdecke Kunst in Wien,1
5dff82f8-41f7-495e-9119-73a7d7b4d03d,Application,Application: HERE WeGo,0
960d02b7-05c7-4a71-bc65-6d16eb83591a,Application,Application: hereinVienna,20
327dcf83-a737-44dd-a0b6-f3dc2b449d07,Application,Application: HEROLD.at,1
ae8d0790-fb6e-46e9-bcbe-984766810e09,Application,Application: HFCS-International-Key-Figures Dashboard,1
c2b5576b-0729-40f8-91b9-e449c3f84a7f,Application,Application: Historische Karten & Stadtentwicklung Wien,1
f741adce-a789-4e7e-93a8-f80bd3ffe2bf,Application,Application: Historischer Moorkataster 1911 - Story map,1
83d905be-56ed-45d5-ba74-65bc9d709444,Application,Application: Hochrechnung bis zur Vollimmunisierung,1
6764e3a0-7b54-4c99-96d5-b77a7e1f9d20,Application,Application: Hochwasser Krems,0
7952e50f-2527-4085-b727-61095417682a,Application,Application: Hotspot Finder auf Layar,1
fe3afed8-ae00-45c5-8600-53c5c6b51874,Application,Application: Hotspot Sonar für Smartphones,1
8fe5fc5b-818e-41cb-ae7c-4ce77665ea05,Application,Application: How-To: hosting basemap.at vector tiles offline,1
072240da-7374-4f93-ac7a-c1e74c3febd8,Application,Application: How to Reduce Range Anxiety? The Impact of Digital Elevation Model Quality on Energy Estimates for Electric Vehicles,1
ab667a21-2380-4188-9f05-170f2e4fe62b,Application,Application: Hundezonen in Wien,1
34e31917-f5bf-44f5-abe0-eb0cbacae9fa,Application,Application: Hundezonen Wien,2
404acacd-d09b-4c66-ac31-8479d9dd4fc4,Application,Application: Hydrantenplan.at,1
24d2e0f6-b8fe-4622-99ef-266c499763a2,Application,Application: Hydro - Aquatic Data Hub,1
ebe8d395-ce44-48a5-8833-14c5635543cf,Application,Application: HydroGeo Wien,20
5a473b37-90ff-46ff-ad78-8cefac12b884,Application,Application: ICU-Dashboard,1
8b97400b-d327-45fa-8d38-88636d8dccfd,Application,Application: iDump – Altstoffsammelstellen am Smartphone,1
7dba082e-96e0-4816-8d85-964b27777446,Application,Application: IHS Economic High Frequency Monitor,2
473f9ed0-8bc4-4b6e-bd9a-9791dfb0bbb1,Application,Application: imGrätzl.at,1
b7c86231-17e2-4e0b-bd56-0120df2fbd08,Application,Application: Immo-Focus-Wien,55
020b688a-9393-4c81-8c92-c96e5bf2762b,Application,Application: Immobilienseiten Österreich,1
5f42e7e0-3baa-4718-90d1-bb39186d6822,Application,Application: Immospotter.at,1
93ccc0e9-9dc0-47f3-9b37-d524c7fd3be9,Application,Application: Impfbot,1
d10a9bde-6afb-4277-a235-7be9f7573f97,Application,Application: Import Baumkataster Wien in Open Street Map,1
c1121b8e-fea3-4ef4-bc71-7f56fd2b50fc,Application,Application: infizierte.at,2
0aedeed6-a8bb-4a8d-87e2-541d0e54c971,Application,Application: Inside Cities - VR Urban Analysis,7
8a220e95-6572-4484-9847-a60dacd7082b,Application,Application: InstaPLAY,1
25e7398e-1b04-4fc3-b5aa-78c9a5e90fcc,Application,Application: Interaktive Budgetvisualisierung mit Google Motion Charts,2
cb0d08b6-cfab-45d2-b8e2-6174d4ae0a05,Application,Application: Interaktive Grafiken: COVID-19 – Struktur und Umfang der finanziellen Hilfsmaßnahmen,1
6c6bab17-43a2-404b-8926-f6f74f10cd79,Application,Application: Interaktive Verkehrsunfallkarte,1
da9fe1f6-996d-4b93-af0a-3987e551fbf7,Application,Application: Interaktiver Parkzonenplan Innsbruck,1
2b7363be-d8ec-4cd8-a969-de84ea16ee5d,Application,Application: InTime Linz,3
6dc7c1ae-adf9-4a4b-9ced-44f108167901,Application,Application: Inveni Wien,0
73b3ef29-f654-4288-b991-30457ff2a6da,Application,Application: Inzidenz und Intensivbetten,2
eadfc04c-bb4a-4801-a3ba-0563922382e7,Application,Application: iSKI X - your Free.Ride Xperience,1
baa53d7b-5cbb-4d9f-b147-d562fb7b35b8,Application,Application: Isochrone Karte Wien,1
24a7e3b9-cd52-4c0f-b7b2-993f64538eb2,Application,Application: iusbote,3
ed3b5362-b115-4074-8f35-8122f42bbb88,Application,Application: ivie -  Wien City Guide,4
9f902cd0-50a1-4cc8-bb66-d7542e732b7f,Application,Application: IZY Linz,13
c7c36e95-1f2b-4547-8711-03e1e6c37adb,Application,Application: IZY Wien,49
c97b1453-8c31-4863-8e25-45739c398cb7,Application,Application: jede-stimme.at,3
7b8cc09e-8558-431a-a3e4-203d32a8632e,Application,Application: Justimmo - Die Maklersoftware,2
f7cea2f0-6ff3-455b-8587-f2eb2e77d7ce,Application,Application: Kappazunder Kennenlernen,1
584ec4b8-8bd6-4b9d-92f2-fffb0aff01eb,Application,Application: Karte mit Gemeindebauwohnungen pro Zählbezirk,3
97679bfa-9f28-44c3-9347-8df341502e0e,Application,Application: Kartenmaterial für den YouTube-Kanal flutterby,6
3ab25c34-a561-4cfd-b571-072a14ca19db,Application,Application: Kartenwerkstatt,3
6897edfa-2c70-4d7f-9d5a-b7f61b7e87f1,Application,Application: Kartogramm mit Wahlergebnissen NRW 2024,1
d131455d-92c8-45a0-87bc-194e07668f6a,Application,Application: Kibee,1
57b5ecfd-4f61-4a39-94d0-261a02d29404,Application,Application: kidcare,0
70f9f996-e430-4801-a5cb-17cf40024ced,Application,Application: kigafinder.at - Die Kindergartensuche für Wien,1
06a1ab93-3b41-4563-ae6e-fe9f4c971e3b,Application,Application: Klimadashboard,1
11361b19-cda5-45e1-9d25-ec3f2f8b36eb,Application,Application: KLocator Wien,1
ef8ee101-bcf0-41d9-9c8c-34d069122626,Application,Application: Konzertleben in Wien 1780–1830,1
65a4c926-9807-4d0b-9940-f732aee2af52,Application,Application: KremsAlarm - Hochwasser-Warn-App,0
48224762-30c0-4d3d-8201-026e236d4415,Application,Application: Kultuhr,1
e632c87c-e766-468a-9572-00f30d2b79fc,Application,Application: Kultur.app,2
823747bd-2dc1-4828-919b-b8a242fefd71,Application,Application: Kultur;App,1
b759a178-143b-481c-abec-fefc5ad45ba7,Application,Application: Kulturgut Tirol,1
106d405b-3e41-4f96-bcdc-f8c3220341a6,Application,Application: Kunst im öffentlichen Raum in Wien,1
4a468e1d-c31a-4d49-ab09-ebef53d85bd2,Application,Application: Kurz Parken? - Wien,3
590e0f0b-e1f8-4ebf-b49e-87287a0feea3,Application,Application: Kurzparken in Wien,2
2f563680-8691-452e-9e12-0adbc285f5bc,Application,Application: Kurzparkzonen Lite,1
26470068-0eb3-4fe2-b007-b235e336ea7d,Application,Application: Kurzparkzonen Wien,6
70be8730-db6a-4ab6-bd28-2501d7799498,Application,Application: Kurzparkzonen Wien,3
ad7d4c49-0b23-41b4-9210-6f2e1374059a,Application,Application: Kurzparkzonen Wien,6
dee3adef-9382-4109-a92c-2a4f8001c73d,Application,Application: Kurzparkzonen Wien - iPhone App,1
f7b4651c-0d1d-4be8-ac45-e72b2565611e,Application,Application: Kurzparkzonen Wien,2
9e800b28-fcc9-4cd9-b0dc-d6ec8e0d0667,Application,Application: lab.at COVID-19 Grafken,1
8b6f5635-03ac-4a1f-a3b2-4d27b5d5ac7e,Application,Application: Ladezonen Wien,1
5bd511ac-c1ea-4e3b-8b4c-1dba49ee9838,Application,Application: Ladezonen zur Tourenoptimierung in Wien,2
f1ed7ee9-be77-4f6c-98ad-8a81b51b6404,Application,Application: Lagekarte.info,1
ae4f2ee3-e240-4ce0-b15e-8f180859a56e,Application,Application: Lagekarte.online | ÖGEK,1
1b5cc8b4-1620-4ada-a74f-a2f9d63d09b9,Application,Application: Laketheory,1
f7baf002-9cac-4345-9186-034aec5e66b6,Application,Application: LaMetric Abfahrtsmonitor,1
eb33f409-b2a3-4a5e-a1aa-6ca3c8d976ba,Application,Application: Landtagswahl Niederösterreich 2023,1
f8efb941-7259-4bea-81a0-150e187f6182,Application,Application: Lawdroid AT - Österreichische und EU-Gesetze,1
e4417f50-8272-402e-ad34-d4874bc7a122,Application,Application: LawThek Legal Database,0
b9cc46c2-7e73-4784-b2fe-c31ebed7eb60,Application,Application: Lebendige Stadtteilkarte Neu Leopoldau,15
0f5c53a3-5a36-4c3b-b048-7febc3dc423f,Application,Application: Lebensraum Mur,1
4979e539-bfea-42b0-8f59-224fe4869ca0,Application,Application: Leitungsauskunft.at,1
953f9204-2f44-4094-904c-58911b25bd8d,Application,Application: LeReTo | Legal Research Tool,0
02b13cbf-faf5-43be-a4f4-61eb3e758d12,Application,Application: LexioMobil,1
af3703e3-8c05-4739-9d59-bbe6d581f24b,Application,Application: lidovienna - Stadtentwicklung links der Donau,5
796e8f37-0037-4f69-bdb2-81f3f6e3d598,Application,Application: Lilli - Linzer Linien: Routenplaner für Öffis der LINZ AG LINIEN,1
bdd220c3-6e51-42f6-a80b-7eaa69790475,Application,Application: Linde Digital - Gesetzgebung,0
e47b9988-63b9-43f8-8890-7e210f007a34,Application,Application: Lineare Regression von Heiraten,1
0c80a2e5-1721-49db-8620-71ea18f3ee21,Application,Application: Lingeo - Linzer GEO Datenbank,14
410b3c8e-bae6-40b4-9372-65b22a28338d,Application,Application: linz fährt,3
813b31b7-c492-4468-b0f1-f2569e8fd0b6,Application,Application: Linz Guide,0
371cf88f-9152-4bcf-a085-f49676e9c1b1,Application,Application: Linz Pflückt,1
9cb0ee3e-fca0-4fb8-993a-cb974e1b341c,Application,Application: Linz spricht,2
8fb88a06-3a57-4ef3-9b62-9757646743a1,Application,Application: LinzWiki.at,9
370049b8-f741-4620-98a8-19d0e80ee2ce,Application,Application: Little Knight,0
6f93a16c-081d-4442-a765-04a03744464f,Application,Application: LiVe - Linz Veranstaltungen,1
7eac0582-7ffa-4b4c-9a71-b01bc1b9ee59,Application,Application: Locus Map - multifunctional outdoor navigation app,1
cbd65d1d-4488-4a26-8833-d32e8685c6f9,Application,Application: Lokale Suche von Apotheken,1
1264176f-7c79-4352-85e0-e4b19c91aef4,Application,Application: LostPetsVienna,1
c54d08f9-28b7-4079-92c6-940599b96e5f,Application,Application: m.doris.at,0
9163929f-cbb7-4ab8-a395-12f6604aa926,Application,Application: Mach mit!,1
efb5c10a-dad4-4a2d-a9a3-4f944f09776d,Application,Application: MagicMirror Wiener Linien,1
c262efdf-a46f-4d14-a9ba-abee05292c49,Application,Application: MapColPal - your pal for cartographic color palettes,2
9d8c3fd3-e1fa-4656-87b2-598b21365fef,Application,Application: Mapline,1
c8a654cf-4573-4cb9-808e-c0959c468aae,Application,Application: Mapnificent Vienna,1
2740ea0f-eeed-4556-b72f-b63a6f7aed6b,Application,"Application: Mathematik anwenden HAK/HUM - mündliche Reife- und Diplomprüfung, Maturatraining",2
49878c29-0a92-4a7d-a668-8e7c2dbfbc79,Application,Application: Medicus Online,1
9a85caad-87ad-4705-8566-4b24405ae4c7,Application,Application: medien-transparenz.at,1
948e296b-abfa-49bb-90f6-bef4c94471f6,Application,Application: MeetArt,1
de1cffad-61a9-4942-a943-db52ffe2c212,Application,Application: Mehrwöchige Forecasts der Intensivbettenbelegung,4
009c5216-e203-480d-9e5b-a1a7a17456b7,Application,Application: Mein Wien,68
9a16e3d0-28b8-4a92-adad-61e5afa5b930,Application,Application: Meine Öffis in Wien,1
6f2ece6b-1b0e-440e-92b4-aee2d2ad9929,Application,Application: Meine Wildtiersichtungen in Österreich,1
44016a43-0efe-45c5-8318-015ac40a1236,Application,Application: Memento Wien,1
553aa803-fcc5-4526-86cd-2b693423427c,Application,Application: mitradzurbahn,1
f28be22c-9226-406b-9a82-f8dd32626715,Application,Application: Mobilitätsrechner Oberösterreich,2
b404f963-b931-4baa-b373-4aa0f28ab714,Application,Application: moovel,1
4f12d484-5075-44b6-8280-697121ab9488,Application,Application: Moovit App,1
481dbd11-33a6-4dcd-950b-ccde56e9f079,Application,Application: Mountain peaks comparison,1
697bde21-4295-4daf-a579-e21f5bcd8423,Application,Application: Müll-Checker,1
a573d1be-6dfd-43f7-985c-9eac838ba960,Application,Application: Multimodaler Abfahrtsmonitor,2
759852cf-4979-43da-8d5a-629227c6de0a,Application,Application: Museen in Wien,1
84caf1fc-0046-4047-a43c-97c5532bb21b,Application,Application: Museen Wien,1
76fdd11e-1c4b-49fe-9f0d-5c5a67bf93cb,Application,Application: museum in progress,1
a171d028-f809-4045-9352-45bb985cb132,Application,Application: My Playparks,1
b2cbe12e-d9c7-4867-abe2-188aef9a9939,Application,Application: MyITS - Der intelligente Routenplaner,17
42d10e87-e7c8-40cf-94ca-c26c42e7efd8,Application,Application: Nationalpark Hohe Tauern,1
e648b2ab-6d86-42f0-b52b-88e561c84c62,Application,Application: Nationalratswahl 2013 a Nerdseye view,1
59e722b4-ef95-4887-9c08-42742082d147,Application,Application: Natur in Wien,1
99ed543e-0d14-4abc-aa20-7877868d9653,Application,Application: Nature Care,0
78305f41-7d5f-456a-857e-205a9d2a882d,Application,Application: Nether Quando,2
4c19ba91-bc3b-4c18-8d68-7d554e34f4a2,Application,Application: Netzwerkanalyse im 20. Wiener Gemeindebezirk: Polizeistandorte und der Weg zu potentiellen Unfallorten,2
02a82524-d6d0-48fb-8f1f-435ba4a9f00b,Application,Application: Neue Basemap-Kartenstile als QGIS-Projekt,1
4671e990-4f21-4d66-a151-570794cae78e,Application,Application: Next.Wien. - Wo ist der nächste ...?,0
4d44dbad-7cb9-44e5-94ae-45e0ec54c9b6,Application,Application: Nextstop Wien für Windows Phone,2
1d56ac76-23d5-4a9a-ac7a-82fc91dade9d,Application,Application: nicemap.at,4
c76cd967-9b77-417b-8270-93741946fb98,Application,Application: NKguide,0
ea52760b-1cf5-4a53-9688-a0f704c285f3,Application,Application: ÖAMTC App,2
2b48fb3d-c239-4c3d-995c-512ea2583413,Application,Application: Oberösterreich Guide,0
602f14ba-cc30-4d29-8b93-1ed308311562,Application,Application: Oberösterreichs Naturdenkmäler und Ökoflächen,1
0fef78d9-78b7-4aa6-a6e9-7d4106eadce7,Application,Application: Öffentliche WC Wien,1
86a1bf01-0241-49cc-8d02-774eacdfc414,Application,Application: Öffi Alarm - Wiener Linien,1
f96cd8b4-ff91-4607-911e-768d937f8dd8,Application,Application: Öffimonitor,1
6cdac73b-cfab-4ca8-8ea1-c868f3540df2,Application,Application: Öffis,1
8bd6bc24-86f0-480c-842d-6f52d4b6589b,Application,Application: ÖGÖ – Österreichs Grüne Öffis,2
52d00717-4d35-46ba-9f55-6d24c61bce3f,Application,Application: ÖRAG Immobiliensuche,11
cbc409f8-b88d-4068-bd2b-90863d283aa9,Application,Application: oesterreich.gv.at/Digitales Amt,1
4cf68e3e-da9b-49a5-ac82-6688655c135b,Application,Application: Österreichisches Adressregister,1
5c00e14a-9fa0-43b0-8b9a-6e91551ae2e4,Application,Application: Österreichs Covid-19 Hilfsmaßnahmen - Tableau Visualisierung,1
f7495844-f694-40d5-8034-d477985befdb,Application,Application: OFAA Maps - Offene Glasfasernetze in Österreich,2
1e11deff-2574-4b1c-9d5a-62f85967b3e5,Application,Application: Offener Haushalt Engerwitzdorf,2
47f67f71-0b6c-4eed-aa9e-dc1f4a0e625d,Application,Application: Offenerhaushalt.at,1
367f84c1-1ed7-4366-a9be-ac9bed17bc7f,Application,Application: OffeneVergaben.at,22
d94e8bcb-7056-4363-bfa0-6a8f06a2aa0a,Application,Application: öffi.at,1
a0bfac26-2404-4c15-b94b-50d7b3dad5dd,Application,Application: Öffi,3
d7a9ac44-0945-4f16-8736-62a27c508f14,Application,Application: Öffibot,1
84fe57b5-8412-4f6d-ae6b-471b39822ea4,Application,Application: Offlex OÖ (offline Lexikon Oberösterreich),0
b82e6ef3-ff25-475a-a71d-11f6448f9c8a,Application,Application: Öffliner: Fahrplanauskunft für LINZ AG LINIEN,2
eee39515-6b7a-4e37-8f39-58cdf4d66c31,Application,Application: OGD App Observatory,1
47c31295-344f-458c-a0ba-9b37b1932226,Application,Application: OGD Austria Suche,0
b450e231-2148-4f9e-9afb-149238cc937d,Application,Application: OGD Cockpit,1
06e149aa-8fc0-4ad0-bef5-b0ed949a44ec,Application,Application: OGD Lab,3
beac2864-e40f-4060-bae8-29f66e6a92fc,Application,Application: OGD Wien Preview and Matcher,78
6caefb81-f23c-4b40-8329-384f10693758,Application,Application: ÖH JKU App,1
9bec6aa3-3cd7-43b9-823c-440c573bca80,Application,Application: One2Go,3
7a010447-1fca-4374-8b5c-2cebb093a238,Application,Application: OÖ Info,0
e4e05270-0605-4b1c-bbd6-a5ef225c507c,Application,Application: OÖ Quiz,0
736c108c-4470-40ca-a981-011745a6091a,Application,Application: Open Data Browser Austria,0
e1434d41-7a02-4d60-a6db-0186f96df8b9,Application,Application: Open Data hosted by SynerGIS,6
58c3df93-07aa-436c-b0f8-f59e45fb80d8,Application,Application: Open Data in Oberösterreich,0
fa5f22d6-643c-4b0a-bb08-60e23f5b2450,Application,Application: Open Data-Mashup zum kleinen Glücksspiel und Schulen,2
1cac07ce-35f7-4a91-8c77-8c431ea09c05,Application,Application: Open Data Mashup,5
9ec22d51-8c9d-478c-bd6c-d00df3388776,Application,Application: Open Data Viewer for Austria - Wordpress Plugin,0
5ad4393f-88a8-4d7c-ab25-5242f5153793,Application,Application: Open Data Wien Plan,1
8b933cd6-3590-4709-a8db-35a29c0774ab,Application,Application: Open Pins Vienna,40
332f78a2-d9b5-4e62-898f-ecd813e2482d,Application,Application: Opendata Buddy: die Magie von KI zum Finden offener Datensätze nutzen,1
0e2f2a48-0736-4a47-a668-6d71076dd0eb,Application,Application: @OpenDataATAssistant - facebook bot,1
5dda5646-5755-4af2-b465-79d71f1f834d,Application,Application: OpenFirmenbuch,1
c7210abd-1460-4be4-9469-83235a092a8c,Application,Application: OpenPLZ API,1
a2769cb0-a096-4743-bcd3-8493ba1cea63,Application,Application: OpenSlopeMap - Die Hangneigungskarte,8
70e720cc-f5b0-4a92-bb92-2ab072e1a288,Application,Application: OpenTrees.org,2
6b462882-aded-4400-b7c5-e22de7598d68,Application,Application: OpenVienna - Android App,0
876d204c-3615-49e0-9b46-517c977f4bd7,Application,Application: OpenVTPK,1
39591423-6c84-45d8-b198-1ea29551158c,Application,Application: optimize-png-mbtiles,1
666ba7e1-c561-47d9-8196-6b5a8a1eec24,Application,Application: Orbis-City-Map,1
a6e8fa15-559f-43f2-bc59-275af22cc7b3,Application,Application: ORF.at Wahl-App,2
f6d343df-9e25-486e-a6d6-264d46908e5f,Application,Application: Ozon,1
0869a3a7-3a3a-4b45-b173-7e55151e389c,Application,Application: Ozonwerte Österreich,1
2bea09cd-f258-41b0-acdc-183f6a3c474b,Application,Application: PALM-4U-Modell für Wien,2
847d3111-3a22-4f99-a73c-75d1516ae493,Application,Application: pandemieende.at,5
1d7fa9f8-0a66-4b07-a995-33d5084484c3,Application,Application: Park Finder Vienna,1
7c3d1682-6182-431e-bfb1-a1eaf980fbcd,Application,Application: park.ME,3
b6791c32-da5f-45d9-b13b-8c2506b814ee,Application,Application: parken.AnachB.at - Parkplatzbörse Wien - Einen Parkplatz in Wien mieten,2
51f3e07b-ba2a-4b68-8580-77cc2e5fdb25,Application,Application: Parken in Graz,2
4059535b-52a5-4660-b4fd-e4f72a35df0b,Application,Application: Parken in Graz,2
146ee6f5-d7d4-44ee-8d40-6145c8c1bf59,Application,Application: Parken Wien,3
ac21e2b9-d43a-46a8-a24d-d3bf0e05fbb7,Application,Application: Parken Wien - Kurzparkzonen Wien mit SMS Parkticket,2
5a7f6929-6be2-4eb4-b678-4221b7da0be2,Application,Application: Parkhelper,1
780fa21e-38cf-4e53-a449-9fae3a2d1f36,Application,Application: Parkingbot Salzburg - @sbgpark_bot,1
4bc9fbcf-6431-4d33-97c4-6072c8fcf911,Application,Application: Parkpickerlzonen Wien,4
5b541eea-fc3e-4eb2-a301-9ce31cdc8ee6,Application,Application: Parkplatzsuche.at,1
19e40c31-6491-439d-93e4-d2c62295e84e,Application,Application: Parksau,4
a2c9937d-5717-42d2-b460-8084254cf485,Application,Application: Parkscheine in Wien,1
4e1338fd-27b8-4561-9510-87bbd6a02bfd,Application,Application: ParkSheriff - Handy Parken,2
9e646788-b9e3-4992-80b0-49ac3ce172c8,Application,Application: Parkuhren Wien,1
ff0728cb-e83f-4b89-989a-81653f54c347,Application,Application: Parlagram,0
e1aa98c6-ec8d-4f2d-9997-e803438cb6aa,Application,Application: parlament.fyi,2
b45b0c18-e988-4c19-aa4e-29138dd3a24c,Application,Application: Parlamentarische Aktivitäten. Reden & Anfragen an die Bundesregierung,0
b73863d2-9c52-4dfd-b938-96bf0f9e3be2,Application,Application: Parteispenden.at,1
00e51fae-9ee4-40ee-b2b0-53acd5d2667c,Application,Application: PegelAlarm,1
24497c5e-c6c1-40ba-8d57-31327085bbfc,Application,Application: Pegelstand Kremsfluss,1
af768d88-f2cc-4f41-81b2-12a8fbf4cdd7,Application,Application: Pendlerrechner,1
eb63d7ca-773a-4a37-a2f0-24b5f076e60f,Application,Application: Percentage of Valid Covid Certificates,2
93a942bb-3a39-42ee-a8ff-caeccce59fa6,Application,Application: PKW-Zulassungen,2
7a2ba3e6-6bdb-4a06-a673-dc5f597ea2f5,Application,Application: placis,44
c4516e05-9f78-4a0a-8379-0a4ccd686cdb,Application,Application: planlauf/TERRAIN,0
95986c1a-8263-4cd3-b7aa-a38266b33a02,Application,Application: Platzerl Finder,1
d02f2647-5a8c-47a8-a8b8-af1ea5f9716b,Application,Application: PlayZone,2
5946eb79-b6c2-4cf8-b0d1-4695e5e88cdc,Application,Application: Plot (auszugsweise) zu Umfrageergebnisse Open Government 2018 Wien,1
84f62476-a2e0-4c66-99ca-8ac0611016b8,Application,Application: pocket Austria: reale Städte in virtueller Applikation,0
e28bc145-6da7-4402-a162-0f3b8521f9ad,Application,Application: POIbase,52
63bc4638-11fd-4afc-8743-5219e916a5ee,Application,Application: Pointly's City Inventory Classifier - 3D Point Cloud,1
8f47d706-6610-4857-aae8-64889e0ce2b8,Application,Application: POIRadar,3
ffa113f6-b3e5-4efe-9ac5-cbcbc8a763a3,Application,Application: Polizei Dienststellen Finder,1
35e63cac-f4aa-40b2-bdb7-cf5252b2030d,Application,Application: Polizei Standorte Wien,1
fff68f2f-ba5b-4d21-8212-a9b4d2eb23f8,Application,Application: Polizei Wien - Windows Phone App,1
42f2327e-5bf3-4b9c-bcac-9aee18638037,Application,Application: Polizeiinspektionen in Wien,1
25bfcf8a-9e8a-4744-ab08-4dc1ed5e4823,Application,Application: Polizeistationen Wien,1
e783dd89-996f-4e2d-9747-5b4f08f96c14,Application,Application: Pollenradar Wien,1
673ab238-d1e6-4f4e-844d-2f3d88af48c4,Application,Application: Population: dogs in Vienna by district 2020,1
997fe719-6d22-45a2-9c9e-06ac43201e17,Application,Application: Prediodata,1
4da00315-74a4-43dc-b9f0-9428051264b3,Application,Application: Presseförderungen - Zeitungsstatistiken Österreich,1
61446844-9d56-49bb-a194-bf3ae3131375,Application,Application: Problemstoffsammelstellen in Graz,1
ed9964b6-c9d8-47b9-8c68-b81c0f0d22e9,Application,Application: ProOffice baum mobil+,2
5091884b-a000-44c2-8b51-bf488354663a,Application,Application: PROPCORN AI,1
da464e01-7b63-4f70-a452-30c2473ab4fc,Application,Application: PTV-Pathfinder,1
a07f96f6-56f5-47d9-96d3-3c5dfb1cb311,Application,Application: Public Toilets in Vienna,2
da014105-3ac4-4eb9-982d-b89af002a53a,Application,Application: PV*SOL premium,3
7266c75a-dcdc-4d95-9800-bd0faab020ec,Application,Application: qando,1
0508dfa7-64e6-4fdb-a36b-cc17a86417ae,Application,Application: QGIS OpenData Plugin,0
60dfd38a-5ea3-444e-8cdb-e5818f01596c,Application,Application: QNEAT3,3
ef1e0220-d4dc-4654-8c12-a036805fdd47,Application,Application: R3 TREES,2
d4acf559-e513-4162-9160-88c7f53fb22d,Application,Application: Radwege in Wien,1
4243273b-59d3-4b5c-abd3-887ca5580d16,Application,Application: Radwege Wien,1
4f3a3866-c358-49af-b777-306ebb108622,Application,Application: Rainbow Road,2
9b8ceddd-7149-4341-a77f-039536538313,Application,Application: Raspberry Pi Dashboard,1
ce8fd77e-b6bf-472d-96d6-dd01b69a043b,Application,Application: Raspberry Pi Real-Time Public Transport Departure Monitor,1
37d3bcf1-0be5-4a16-b09c-a4183b18341e,Application,Application: rate my name,1
1bcb6def-9027-4e3a-abdc-e1a1f9e3cb53,Application,Application: Real estate transactions in Vienna,0
bc401312-599c-48da-9f49-5f4f6b45f4c3,Application,Application: Realnutzungskartierung Wien,1
1b35e68f-df9d-448a-8077-ca58759da0a2,Application,Application: Realtime Monitor Wiener Linien,1
f8701008-0d61-4d38-89df-da2ec1127dcf,Application,Application: RechtEasy.at,1
2950ed03-db2b-4532-8b19-b67748868064,Application,Application: RechtGPT.at,2
56d7dc51-8ea7-402b-afd4-62e63e698d8e,Application,Application: Rechtssatz Bot @rechtssatz,1
c47a21ad-8b8d-4ac6-94d6-2757fc797111,Application,Application: resqapp,1
baee6416-544a-4bfd-9aa3-8b417b39c1b7,Application,Application: RIS Reader,1
4a30667b-65ea-4272-9272-366da6b12cb9,Application,Application: ris+,1
3a815c50-1045-4200-87cc-a1b252569a54,Application,Application: rms4BIZ,1
cc294614-94df-4978-a5fc-cce881a7bc27,Application,Application: RollRaus.at,0
ad4c0ab5-73cb-4203-b78c-519a6a90ce46,Application,Application: RTR-Netztest Analyse,2
6bda7663-12a4-48d1-adba-c94b2f2187b4,Application,Application: RTR Netztest,5
c9cf146a-0014-49e1-bbf2-84b6386fa687,Application,Application: Rundumadum - Android App,2
89811612-ccc3-4ad3-aaf7-5558d1ebf17c,Application,Application: Rydies - urban micro-mobility solutions,1
2b73ded2-1db1-4bbe-b555-ad451eba1870,Application,Application: Sag's Wien,2
923839b2-4e69-40f9-ac7c-64f493188aab,Application,Application: Salzburger Badeplätze,1
6a64f064-da1e-43aa-adce-767147d4c8d4,Application,Application: Schal legal?,1
4c39f816-dc04-43f7-b99a-9523e76ea7b0,Application,Application: Schicho's Mobile Corona Ampel,1
d9a87c0f-7f1b-4251-bdcb-b44f692f2614,Application,Application: Schwimmbäder in Wien,1
d97e67c1-438a-45b7-8875-c0b52ca2395e,Application,Application: Schwimmen in Wien,3
3c681cf7-18aa-4789-b28f-cffff5db3304,Application,Application: Schwimmpreisrechner,1
9c3653ec-e480-4628-b9c5-8e778e200bac,Application,Application: Scriptable Vaccination Stats Widget,2
0390f8b6-6773-48db-abdc-4d4fe09ecd9d,Application,Application: Seestadt.city-Bot,1
90359ef4-d9bc-4421-a963-b2cfc23d5971,Application,Application: Shadowmap – your interface to the Sun,1
a1496119-1a7c-4189-9cf2-5e135591dcc1,Application,Application: SHAPEFILE PROJECTIONFINDER,0
ad4a9766-aa7e-4190-8f99-8a559daab7f0,Application,Application: shinyMig OÖ,0
412e1c7c-e35b-4cbb-b1c7-0347a68ed6b8,Application,Application: Shock,1
f588b902-ebb5-4956-acdc-28a608622a64,Application,Application: Siedlungsgeschichte Innsbruck und Marthadörfer,1
434ceaa0-1ec7-46ab-9ce2-6009123474f4,Application,Application: Similio,2
d5de0488-3fee-40a4-b545-3215f606aeaa,Application,Application: simpleMTB,1
e01e8ee7-265f-4e22-85c0-f714056114ae,Application,Application: simpleOZON,1
96fa228b-2fe7-4aef-9f65-4d0b4c69b0c2,Application,Application: SityTrail Austria,1
1d6e8d13-4d34-4350-baf8-9102f080ff42,Application,Application: Smart Water City,1
c6d918f0-deb2-4abc-91aa-c94af5d12af1,Application,Application: Snow Maps 3D,3
005e0aff-dbfb-4f9b-acbf-1e1bd2a718a5,Application,Application: Snowhow Freeride,4
3682b2e9-8613-44c6-b895-5ee68beb238a,Application,Application: SnowSafe,2
7fbcd429-4dbe-4fdf-8f31-4d233e07222a,Application,Application: Solarize,0
8a8e4cd7-60bc-45ef-b7fa-c1b922526c4c,Application,Application: Solarpotenziale Tirol,1
b53e6f6d-94dd-4101-a480-8d3bc012b18b,Application,Application: Sozialmärkte Wien,1
100c8af7-a46d-4f7d-ac08-d498c1ef8009,Application,Application: Spielplätze Wien,1
41ba5234-ef75-4592-8bc4-5e2857a64fdf,Application,Application: Spielplatz-Scout,1
f356db8a-3310-4283-922c-5751492de4c8,Application,Application: SPIN (Gruppenprojekt),0
b45a6730-59c5-415b-ae9b-2d712bdc323f,Application,Application: Spinning Circle – Preise berechnen,2
7723f849-230b-4871-9657-2bda9919d91a,Application,Application: Spitäler Wien - Windows Phone App,1
872ed73b-9081-4095-9d09-6e3b22e2d90a,Application,Application: Spitalsmappe,8
c36ccb34-0056-465d-9c56-c70bd08b3be8,Application,Application: Spritpreise AT: Clever Tanken,1
a5dbd865-86b1-49be-8262-726f94c36df9,Application,Application: Stadt Krems an der Donau,0
bc52a248-d015-4293-a4ac-e8decbcb1fc1,Application,Application: Stadt Wien-App,54
fe5528be-c1b5-41d4-8935-53a8172dc0da,Application,Application: Stadtfahrt,1
10439fe0-9da1-4671-b542-749efccfe06d,Application,Application: StadtKatalog.org,2
2acdfaec-f710-4f52-a73f-afbedfa45893,Application,Application: Stadtplan Wien OpenLayers Demo,3
7b7b75bf-36a8-4964-8054-d624ad3bbe80,Application,Application: Stadtplan3D,6
4b4c9376-addf-46c6-bf40-f2d6a026f6c5,Application,Application: STADT:SALZBURG maps,1
6f9950a7-7c0e-4c71-b01f-bc0b8687b65b,Application,Application: Stadtwandern Wien,1
05f867d2-16ea-4268-bcdd-b8612bf3d920,Application,Application: Standortanalyse zur Standortsuche in Wien,11
db555b35-5dd2-4b34-8d7a-908afb93dfad,Application,Application: standortkompass.at - die Webplattform für Betriebsansiedlungen in NÖ,2
8f2913c8-5856-4b30-a52d-c2928f8bd7aa,Application,Application: STATatlas - interaktiver online Atlas von Statistik Austria,4
601fc386-41dc-4ced-9345-ad6254aa5bd7,Application,Application: Statistik Niederösterreich,9
a711af5f-9b21-44f1-bfbc-5332358c49dd,Application,Application: Steine der Erinnerung - Übersichtskarte und Datenbank,1
fdc42370-55f5-4743-8fd3-39700a797812,Application,Application: Story Hunter,5
095c2570-e586-4976-89a0-02a59aafcd6b,Application,Application: Straba 01,1
6401d0d8-fd03-4bfc-b09c-4028a658e4e1,Application,Application: Strömungssimulation & Stadtklima,1
6736384c-9a83-45a3-bd6f-8d8b6fc240d5,Application,Application: Student Newcomer Application,0
456b6f5d-3c8c-49f9-86cc-2c8657f13b5c,Application,Application: Studie zur Visualisierung von Planänderungen des Flächenwidmungs- und Bebauungsplanes,3
5c510c10-a576-43e4-9ba2-e157696a1810,Application,Application: Subventions-Checker,1
71e95324-8923-4588-9788-290a7fe459a7,Application,Application: Super Trumpf Tirol,1
d8f6d694-bf2f-4edd-b947-11f058b18670,Application,Application: Susi - Die Info für Stadt & Region,8
168a40a7-8f27-4df2-93a3-becd88213376,Application,Application: Täglich gemeldete Covid-19 Fälle pro Bezirk,1
261a01ec-acb0-49ed-ad28-a70a7ea560b0,Application,Application: tarife.at SpeedMap,1
c58a9f0c-004c-45ad-944c-7157c3055310,Application,Application: tauernhoehenwege.org,1
b80cbac9-d147-4909-b2b1-b05b7d980be9,Application,Application: TAX-GPT Steuer-Chatbot,2
f14e16bd-a7b8-47a9-ba21-5e8afd726216,Application,Application: Taxi Wien,1
860b9e0e-c55b-4ffc-b48e-e1bef231f5cc,Application,Application: Taxi Wien,1
2f7a66e8-7417-4366-bd0b-ac7fafcdfdb6,Application,Application: TaxiNavi Austria,10
89038042-a878-4b47-88b2-2fd3e32a4f05,Application,Application: Telefonvorwahlen und Postleitzahlen,3
6bf1b609-00ef-4941-b90c-b8f9157b45b7,Application,Application: Telegram Bot - Air Quality Vienna,1
8d72a0fe-8a20-45f0-9ab0-b014826f4565,Application,Application: Teleworking in Wien,7
de87d70e-915c-40c8-8565-fa2f5aa42bc9,Application,Application: TENDERA,22
b2504c26-e7b1-40ff-8bd8-f8e55cf13112,Application,Application: Terrain RGB,1
43f7f419-9a70-4e61-bc1c-47d81e2afcde,Application,Application: tesseyla map,1
13cc3b30-f836-492b-bd18-43550dfa1edc,Application,Application: THANADOS - The Anthropological and Archaeological Database of Sepultures,2
1a76e4df-b7d2-41f7-bf7a-64e89c9081c8,Application,Application: T'Hermine,1
00873259-7bf0-4909-bd26-17090d26a8bb,Application,Application: tip-destinations,2
b508c879-805b-4976-901b-4002cb406e00,Application,Application: Tirol Atlas: Gemeindefinanzen,1
b1c1353d-4c8a-4a45-8cd2-c54b504d90f1,Application,Application: Tirol Atlas: Sportstätten,1
bf985596-6a73-4196-b49e-10eb319c18c9,Application,Application: TiroLernApp,0
b880487d-6ad7-49b5-ab6c-65e09007f1d4,Application,Application: Tischtennis Wien,2
6faf9b88-9ce8-4cff-975b-ec3160773921,Application,Application: Toilet Map Vienna - Augmented Reality App,2
4e72d9a5-5c4f-46df-81e4-26d7a86297d5,Application,Application: Toilet Rating,1
8a8b8025-380a-4914-9d8a-e210ab36b598,Application,Application: touren.labut.at,2
b39dfc48-94a7-43a1-a0da-5edb342b478d,Application,Application: Tourism Austria in Tableau,1
e9360ff4-11eb-4f2a-b526-369ef522a6a0,Application,Application: Tourismus-Statistik OÖ,0
b616f40b-958e-49b9-937e-0fccf5f63064,Application,Application: TransitArt,1
603a2682-3c8f-4799-bc43-7f17572c3964,Application,Application: Transitland,1
b94c2bad-4e71-463c-be9b-22fae246872b,Application,Application: TRAVIC,1
cd518854-05f1-42b1-a413-77cb9530f523,Application,Application: TrekkingTrails.de,1
efd46de5-63a3-4a46-abff-c9b5fc00f5e3,Application,Application: Tyrolean Map,4
a75c772d-97b7-4e59-9e42-7727f3204322,Application,Application: U-Bahn Wien,2
b0ccff09-45e0-46a0-ac52-5f9fe49cd594,Application,Application: Uber Movement,1
7f8e5d50-1815-4393-a1cb-c360e5536672,Application,Application: Uhrschnell,1
ace85cf3-641e-4250-a361-0077249becbd,Application,Application: Up Down Vienna,1
b8d34fe1-b7d2-4008-8129-06cc5faf4a40,Application,Application: Urban bitLife: mobile Applikation zur Luftgüte,1
2df24c29-aa22-452e-93ae-c36069505bca,Application,Application: Urban Change in Time,2
e0bff65f-dbf2-4c85-be41-223af841c054,Application,Application: Urban Trees,1
9b178017-425b-40f5-8809-389b4b821cf1,Application,Application: Urlaub in Linz,6
81593ecd-9693-4cd4-8df9-bc7cb0d7cdf0,Application,Application: Urlaubsguru App,1
9a6a52fc-5c75-4d8f-b6d0-dda457d26885,Application,Application: USP Ausschreibungssuche,0
80541808-c818-4912-8cc4-38bac1936b8c,Application,Application: Validating and exploiting Open Government Data with R,1
20aeaca8-4033-4ad7-983d-67657209916c,Application,Application: VCÖ-Check: Wo es zu viel Lärm und Abgase gibt,1
e9162750-dcda-4224-9804-b9d2dda17e8a,Application,Application: Vergleich der Benutzung öffentlicher Verkehrsmittel vs. PKW in Wien,1
5f40fa98-a979-45f8-9168-815be2e9d676,Application,Application: Verkehrsauskunft Österreich (VAO),1
7b193453-168d-4780-919f-a0f5abee5e40,Application,Application: Verkehrsinformationen Niederösterreich / Wien,1
3b674b08-6ce7-47e4-baf6-0c5bbca18638,Application,Application: Verlauf der Reproduktionszahl,1
8b8b3f24-9997-42d5-a4ca-8dfef837eccf,Application,Application: Vienna City Bike,0
ba4d8f5c-2de2-41fd-85cf-8fd77e425cf0,Application,Application: Vienna districts in numbers,3
dd64355b-0ffe-4252-b8c9-b39b022f5d8b,Application,Application: Vienna Events – iPhone App,1
3a3d5799-48f4-48f4-9839-72a1a5bf24ce,Application,Application: Vienna Finder,27
ac89dc10-9753-422c-8d1d-0f2e55a518af,Application,Application: Vienna Linked Open Data,0
48910881-1251-4f69-aa65-7d6acadfd2e1,Application,Application: Vienna Location Service,23
65bb123b-1373-4d63-b582-c7b79f0f39fa,Application,Application: Vienna RealTime,1
42897ff1-c245-442b-a792-377d48f1d0c1,Application,Application: Vienna Traffic Monitor,1
a4c4c8a8-bbfd-4768-b1d4-a3a7ee6a57e3,Application,Application: Vienname,1
3b30087e-8454-4706-b649-a924660d64ff,Application,Application: ViennaTransport API,1
34b5e20d-615a-4c4f-91f4-c36db206fd80,Application,Application: Virus Atlas Österreich,2
f163ee64-6e67-44df-9ff0-542972805c0c,Application,Application: Visualisierung der Gemeinderatsprotokolle,2
101c1f33-344e-4458-82c9-f8a00a83ae0a,Application,Application: Visualisierung der Grazer Bevölkerungsentwicklung,2
97ac80fb-9eab-4263-b4a6-7c78d44d43d7,Application,Application: Visualisierung Einnahmen - Ausgaben (Finanzgebarung),2
94bf981c-fd53-43e6-9a80-45ae034d7773,Application,Application: Visualisierung Nationalratswahl 2019 - Ähnliche Bezirke,1
0d469e6e-b960-4dc7-906c-15e258d1beee,Application,Application: Visualisierung Wohnadressen auf Basis des Steinhausenplans von 1720,1
4afc7184-1a64-435b-a444-d77e7f4068e1,Application,Application: Visualisierungen auf Basis der Wohnungsdaten,1
6b404f37-227d-4498-8712-7c7681f0d534,Application,Application: Visualisierungen von Bevölkerungsstatistiken,2
775ffc4d-0bf2-4be8-8055-10bba0cd1a8a,Application,Application: Visualisierungen zur Infrastruktur,0
7d2f1886-0059-4204-be29-6dc774799f23,Application,Application: Visuell-Kognitive Auswertung,2
23405b07-6f25-4367-aca5-e8e12d4cd49d,Application,Application: vivent.at,1
56498c85-d348-4aea-afbe-e7d66348e09d,Application,Application: vtpk2mbtiles,1
13d674e9-09af-46e2-94cf-7112783baba1,Application,Application: wahl.furt.at,3
129be567-25c5-423f-8d31-c2166d38ad56,Application,Application: wahldatenbank.at,10
04d10d6a-feda-4bb7-a9fd-21cc2d61a923,Application,Application: Wahlkabinen-Geflüster OÖ,0
8562bfb0-009c-4617-8f3f-b988039e97dd,Application,Application: Wahllinie,2
f0aae978-016e-4ccd-9087-5dfa85947f5a,Application,Application: Wahlsprengel-Karte Wien zur EU-Wahl 2014,1
a0b099d7-2262-4506-9dae-3d91b16ee7b4,Application,Application: Wahlsprengel-Top2 EU-Wahl 2014 Wien,1
e5966ffb-b329-436e-bae3-12e74a6dc1cf,Application,Application: Wahlsprengelkarte zur Wahlergebnissen auf Gemeinde- und Sprengelebene,6
4a215742-621d-4b2b-8733-c68e1369d793,Application,Application: Wahlsystem in Wien,1
4906cb00-f854-44e6-bd90-744cc2111887,Application,Application: Wandelpad,1
e1384d14-b8f5-4bf3-a0f3-e534f054652d,Application,Application: WanderLeo,1
cdb50c3b-1b3c-435c-a487-6d31944c5f0c,Application,Application: Wanderlust,1
39c588a1-7cbc-41fa-a5a7-8780e35f28cf,Application,Application: Wanderwege Wien,1
7b3f2f27-6888-4cef-8d7d-655546f61a0e,Application,Application: Wanderwege Wien,1
d4bca75d-1fa9-4f12-9538-9e4138aa400a,Application,Application: Wann aufs Amt?,1
18347157-d60d-46e2-9b59-2b31fa26d321,Application,Application: Wann - Deine Abfahrten. Sofort.,2
b8f8b52f-3216-4ba4-b07f-21edd85760a8,Application,Application: Wann Today,4
25072a60-9126-428f-8b09-e0d604f42707,Application,Application: WarpSpeed,1
ab00c59a-e789-48f8-95d4-87432aac83e9,Application,Application: Fischereireviere Kärnten - interaktive Karte,1
336bb3f2-0d79-4653-9526-7dfee5ed6d0b,Application,Application: Freizeit-Suchmaschine Salzburg,5
58d0080e-68ce-4cf4-9db3-f4397500f3a8,Application,Application: KAGIS Rasterdatenkatalog (STAC) Kärnten,1
93f9b289-5f76-4cae-9586-31c0ebca7a98,Application,Application: atparlpy,5
724e3359-8fb5-408e-9b5d-321b1f2d1d0a,Application,Application: Linzer PolitikDashboard,8
3dde0eed-7e35-4c56-b5e1-32b307ece5b9,Application,Application: SARI Dashboard,1
c6c241e9-48fa-4fd2-808b-827d8fb88f3a,Application,Application: Wiener Straßenquartett,2
339e1764-ca58-46de-9810-f4d36fce9a0f,Application,Application: LinzLinien Monitor,1
ce34e303-e856-4606-8f23-a6562ee488bc,Application,Application: Open-Law-Austria,1
1c6f3b24-5201-4eda-bd43-cf5be71f8ee7,Application,Application: Wie steil sind Wiens Radstrecken?,2
dff45f2f-f1ec-4be7-8e6a-cc0501a673ec,Application,Application: parlametrics,1
37e361e7-fe43-42ac-8ff0-1b1629282c44,Application,Application: Citybikes Vienna,1
7ad20143-d96b-4176-8baf-ecbc60197e0a,Application,Application: Wasser in Wien,5
3ae637c4-4286-411d-a1c6-cf12f926455a,Application,Application: wasserkarte.info - Wasserkarten für Feuerwehren,2
b3c46ae3-d100-4cd5-b8fa-a3e0fc21e3c0,Application,Application: wassertemperatur.at,1
466cc59f-3e5f-4905-b1cb-d03c2d4b0d04,Application,Application: Wave,3
370acbec-18ac-467d-ad00-fcbeffc870a8,Application,Application: weather.bzed.org,1
a9b7b3ee-a21e-4e16-95bd-048b3d70f627,Application,Application: Web-Applikation zu CORINE Land Cover Österreich,0
eb0683a1-68d0-420b-8533-16f008da1a2c,Application,Application: Web-Applikation zur Graphenintegrations-Plattform GIP,1
bc1d9caa-ed84-4c19-be85-9f0de937d734,Application,Application: Web CSV Diff,0
53a67085-0330-48e7-95bf-f65ac221633d,Application,Application: Webarchiv API Tutorials,1
41aaa755-ae0a-41c7-85f4-6a6a8db85bcd,Application,Application: WebGIS Antiesen,1
79410523-0481-450f-9713-5454c4a91bd0,Application,Application: webKappa - Kappazunder Web Viewer,2
6692c60f-b5cc-4b09-967e-4a4a1bc0174d,Application,Application: Webmaps,3
7b10fc94-bf31-49fa-80cf-f04fecf630ea,Application,Application: Website-Widget des Corona-Ampel-Status für Hallein,1
f5d6a448-7df5-4a3f-a5eb-bc11f16aeb32,Application,Application: Wedding Planner,0
11a86699-2f7f-49dd-8a85-8ac485cd2852,Application,Application: wegfinder,1
64695d02-b682-4c74-90d6-549baddba18b,Application,Application: Welche Gesetzesinitiativen sind erfolgreich?,6
391ee3be-679d-4565-aae4-3510a7b4ec01,Application,Application: werk.statt.codes - Datenanalysen zu offenen Daten,1
ed0a3982-5252-46ed-b074-c430526a55b7,Application,Application: Where2Go - Entdecke deine Stadt!,1
5233a44e-f6a9-4b3d-a29c-9d11f750721d,Application,Application: Wialangno,0
e469f23c-49f5-4fb7-ab6c-74b39c728a35,Application,Application: Wie verändert sich die Zusammensetzung des Nationalrats?,1
b9992669-4a51-44fc-bfb6-4f9b4e6399d1,Application,Application: Wie Weit?,3
0b12d3a8-230c-4644-8734-bfc026ceee56,Application,Application: Wien Guide,0
6b28419c-7348-4697-9118-29e88c15add8,Application,Application: wien.linien.info,1
170c2018-83e7-4809-9d0f-f25cca28cb93,Application,Application: Wien POIs,35
752d0730-cee5-4e37-a22f-2bca939aa427,Application,Application: Wien Punktgenau,18
e11974b3-6c87-4f5c-b7c5-a5a97048f959,Application,Application: Wien U-Bahn & Bus,1
cb3cc1fa-61ec-4cb8-aa5c-b101c57ad297,Application,Application: WienApp,4
b6ff0aaa-adcf-4cef-898f-9403dac49713,Application,Application: WienBot - Digitaler Assistent der Stadt Wien,53
2ec087a6-02b1-4125-b518-06360b7f0e34,Application,Application: Wiener Bäder Ampel - Alexa Skill,1
84904d5e-0171-4084-b5cd-33dc6899c596,Application,Application: Wiener Bäume,1
386ae50b-416a-46ce-ada9-3fbc6cf46dbd,Application,Application: Wiener Baumdichte-Waben,1
733859cc-b771-4f04-9d83-a7bce4e78262,Application,Application: Wiener Hofburg 3D-Druck,1
841c434e-fb42-4846-bf2e-5ba147c21ad4,Application,Application: Wiener Linien ESP32-S3 Public Transport Departure Monitor,1
a7d8dd6a-f42b-478c-b296-effabefccec6,Application,Application: Wiener Linien Generator,1
e429d1b0-1cd9-4cb6-86d3-0747eb6c5b30,Application,Application: Wiener Linien RasperryPI dashboard,1
47d83ad5-d506-4bb6-a6e9-e527024889bf,Application,Application: Wiener Mietenrechner App,1
663d442e-d2b8-4808-810b-ae7bb3a92538,Application,Application: Wiener-Mietenrechner,13
af59bcfd-b020-49d1-9632-35aba28b8e5e,Application,Application: Wiener Mortalitätsmonitoring,1
f6fb1896-f1cc-4ec8-9131-b127d7022b44,Application,Application: Wiener Öffi App mit Abfahrtsmonitor,1
e37a396e-04fc-42a5-acf0-e3d4260cdfd0,Application,Application: Wiener Parkplätze,1
3f2c4c4d-9b46-449e-81ff-d82f28658458,Application,Application: Wiener Punkte,1
3f0a34c4-1ccf-418b-afaf-5b943e0fbd0a,Application,Application: Wiener Straßenbäume,2
8ecb9533-5f83-47a3-8cab-ed5005cd5b7b,Application,Application: Wiener Weihnachtsmärkte,2
54546738-b211-452c-a3d7-7f85534df9ff,Application,Application: WienGuide,0
293ba310-b55c-47dd-b8b2-992ef7593a37,Application,Application: wiennetz.at - schneller einsteigen - umsteigen - aussteigen - Wiener Linien Info,1
bd1022f2-5fdc-4f8b-8594-1714492ba379,Application,Application: WienPlan,13
3a4e5c88-c77b-4297-ad55-0e515e8ef981,Application,Application: WienSprichtFrau,1
d9d44bd5-c1c9-4d70-b180-efee2255fcc5,Application,Application: WienTaxi,1
941c3eba-bf08-4f32-afd8-5f26d04de6cb,Application,Application: Wiki Loves Earth,2
56b7b254-a0aa-47ea-b6e4-d1509c5accae,Application,Application: WiLi for WebOS,1
7d98c0c4-ae53-4da8-b5cf-711e04c3079d,Application,Application: Wilis Störungsmonitor,1
e8058b79-fd9a-4277-a4cf-0ff42b60f468,Application,Application: Willi - Wiener Linien,1
5ed3c889-1bcb-44b4-ad48-a752a9a95226,Application,Application: Windy,2
bf4e12ec-37e0-4dfa-872d-95a37fc6fe34,Application,Application: Wird Redezeit gleich auf Männer und Frauen verteilt?,2
0a147516-6d13-442f-8d70-dd73dfc09c83,Application,Application: WL-Monitor-Pi-Alexa,1
2d4d4882-388d-473b-a53d-9879edfd3642,Application,Application: WL-Monitor-Pi,1
4500eee6-bb4b-47b4-a622-cca2f3803e88,Application,Application: WL RBL Search,1
0378ddff-be95-4e34-a74f-1963ba6e85a1,Application,Application: wl-transit,1
72cf1e12-9102-45f9-9de9-9f2e1c64957b,Application,Application: WMTS Höhenmodell Österreich 10m,1
8c7110bb-0954-450e-84d3-878a5f781184,Application,Application: Wo ist das? - Tirol,0
23f09f86-70db-4435-9455-64463364877c,Application,Application: Wo ist mein Punsch?,3
93a35853-a12e-4b7a-b65c-c0369d005f8d,Application,Application: Wo steppt der Bär in Wien heute?,2
f98392ef-05fd-4d48-b5a9-7cdfc54f06b6,Application,Application: Wo und wann waren welche Namen populär?,1
191ccc29-fdf2-4837-af85-08b59c74d1da,Application,Application: WoBahn,1
7bd03b2e-8891-4430-a371-1403a5b4a5eb,Application,Application: Wolfi's Trip,4
207c4e0b-29cc-4b75-907d-6cd9ab59cd06,Application,Application: Woody,1
a3256c2b-0010-45f3-b8f4-0130bdb75db2,Application,Application: WoParkeIch,3
75d3e73e-8050-4243-9657-c9da471a6a3c,Application,Application: WordPress OpenStreetMap Plugin,1
8e08a3c9-4d8c-4a3c-ad92-0ad568330905,Application,Application: Wordpress Plugin Maps Marker Pro,4
dc314c08-2cab-485a-8624-0d499d04d2cd,Application,Application: www.oesterreich.com,1
91720c02-f0c2-4a88-a3a0-69bc2f7220cf,Application,Application: XCTrack,1
a353e5f9-a91b-4871-9563-4ff4480ad6de,Application,Application: Yepoleb's Breitbandatlas A1,1
2183e7ee-7596-4e82-a658-b9fcdb8746a9,Application,Application: Young Policy,0
a93208c4-3619-4438-85fe-ccaa0c0e3e6b,Application,Application: Your Perfect Spot OÖ,0
33991140-4b8a-4ac9-801b-b37a76bb851e,Application,Application: zeitkugeln,1
983466ae-6b42-4808-87c1-e39cc7bfd11d,Application,Application: Zeitlinie Graz,1
51203662-719a-4120-9b64-c589efb38cb9,Application,Application: Zeitlinie,3
fb7b90f7-6908-48f3-aec2-e6fa430e28a5,Application,Application: Zone Graz,2
5be44c82-c093-40c7-abbd-3de616a8c48f,Application,Application: zoomsquare,12
d14eace4-6dce-46b9-8f32-78355b9b9e6a,Application,Application: zwischenrufe.at,1
eac2a8f0-846d-46f6-9135-919887b8f1c3,Application,Application: ODE - Open Data Explorer,10
4fc537bc-25a3-4db6-b999-3967b38bc77b,Application,Application: ParlAT: Accessing Open Data of the Austrian Parliament with R,11
25bed935-392d-4a90-9a2b-95ffd75d6790,Application,Application: Citybikes Vienna,1
4007abbc-1fa8-4908-9d25-5b76084d1cc5,Application,Application: FinAPU Firmenbuch,1
37f4acac-964b-4ef1-9ec6-a7ae8a302511,Application,Application: Hundeparks in Wien,1
3326b0e1-b037-417a-8a84-568bd0b5eb01,Application,Application: Haiku aus dem Nationalrat,1
67b5f5a5-ec53-442e-be0f-79f6200c91a3,Application,Application: Baumkarte Wien,1
25d96fad-8f12-4500-a889-9b964cc8edbb,Application,Application: ALMODE - Austria Labour Market Open Data Explorer,21
90f495bd-5dc2-4faf-8a78-678d8eddba03,Application,Application: Veröffentlichungsportal - Einfache Veröffentlichung von Verordnungen,1
982779b9-8558-4aec-a2cd-59a2cda446ea,Application,Application: Bäume in Wien,1
4b5a61af-4988-4c27-9c33-982b17863d21,Application,Application: Firmenatlas.com,1
6f6848a4-870d-4421-a3e2-2b3da31a197d,Application,"Application: Austria's skies, mapped",1
734c3acb-f8b4-4d0c-b041-b5e6ff9a91e4,Application,Application: Immobilienfinanzierung & Kredit-Leistbarkeit,3
9cbf5f8e-403a-475e-ad68-b99ea4b96d57,Application,Application: Metriqa,1
3fe269a8-7700-487c-b5a9-35c94d5569de,Application,Application: Firmenbuch Abfrage kostenlos,1
ff904e4d-cc5e-47fd-b869-04632af6e298,Application,Application: route.lw1.at,1
cd0e2825-0cf8-4e17-bc5a-bc388acc30c0,Application,"Application: Immobilienrecht: EZ, KG und Grundbuchgericht Finder",3
d76e8d69-fba2-4e1b-8fe4-fe9e2cfdb8d8,Application,Application: freizeit-salzburg.at,5
4f9dee83-e151-4940-9a51-629e53b9663d,Application,Application: shrinkwrap.legal,1
c6fb61f1-6639-4e8c-b400-b8521f7a039d,Application,Application: Vienna Routenplaner,3
aa5de648-34bc-4382-911d-9db547f55939,Application,Application: Musikschule Dashboard,1
6a981ac9-ac2b-43d1-abf9-8b2d4c23ff60,Application,Application: Joint Way Path Finding (JWPF),1
c3e88249-0860-406a-9b17-17a5c23a5569,Application,Application: Watrify - Wo ist der nächste Trinkbrunnen?,3
45dae581-c555-4da5-9dab-2609e138e5f2,Application,Application: Das Gipfelbuch,1
cc048bc1-cd14-4b34-9d17-de22c8547e6b,Application,Application: Wie breit sind Wiens Fahrrad-Einbahnen?,2
29c69352-4125-4c0e-9401-23c65161e6fd,Application,Application: Firmenakte,3
b3b8dc67-0e2a-4d3e-84cb-5c69c4ac1643,Application,Application: Woher kommt das Geld des Landes Oberösterreich?,1
ec6f5687-3634-4697-ba57-dfa2bf0daaa2,Application,Application: Musikschule Dashboard,1
31416a3d-5a44-4f78-8b2c-765a2738aacc,Dataset,Dataset: Adresse_Relationale_Tabellen-Stichtagsdaten_07042017.zip,4
4b901b6b-f131-49f7-ba8b-2e3b7bfd4ea6,Dataset,Dataset: CSV (WFS),1
b5de6975-417b-4320-afdb-eb2a9e2a1dbf,Dataset,Dataset: Digitales 10m - Geländemodell aus Airborne Laserscan Daten in der Projektion EPSG:31287 (Lambert) ,2
d585e816-1a36-4c76-b2dc-6db487d22ca3,Dataset,Dataset: Digitales Geländemodell 5 m (DGM) Land Salzburg,1
a5841caf-afe2-4f98-bb68-bd4899e8c9cb,Dataset,Dataset: Museen_fGeoDb,3
cfe25c2336d833e7e053c630070a709e,Dataset,Dataset: Offene Stellen nach Berufen - Bestand,3
332be1f6-5791-43ae-9e37-90cc48e75d24,Dataset,Dataset: WMTS GetCapabilities,6
cfe2ff7e9ad53c1ee053c630070ab119,Dataset,Dataset: OS_BeschArt_Arbeitszeit_RGS.csv,1
8e454ce2-435e-4352-962b-1bf4e4303301,Dataset,Dataset: WFS GetFeature (SHP),5
72fbf32e-c8c3-4914-92a1-66dc2439a114,Dataset,Dataset: WMS Geoserver GetCapabilities,11
07ab9a18-820d-4621-bc9a-e87067a4aade,Dataset,Dataset: Metadatensatz zur Kerndaten - Sammlung gemäß BVergG 2018 von Agrarmarkt Austria,1
636db558-6bde-477d-a417-0f62636e59bc,Dataset,Dataset: WMS Geoserver GetMap (JPEG),1
140fcf01-c278-4cea-89d4-15ad12f08af2,Dataset,Dataset: Hundewiesen,1
699a5a9a-348c-4a46-b99e-a23b59f27721,Dataset,Dataset: WMS GetMap (JPEG),6
88e7ff53-257d-4299-99b5-c659b87b5116,Dataset,Dataset: WMS Geoserver GetMap (GeoRSS),1
38aac30b-6b79-4fee-88f0-a37b2e6c0f92,Dataset,Dataset: WMS Geoserver GetMap (JPEG)  - Bauperiode Detail,2
e3a62956-16ba-4368-bc06-852796c261cb,Dataset,Dataset: Open Government Umfrage 2018,1
7c6e9dbf-487b-4146-a379-19e46642c392,Dataset,Dataset: WMS Geoserver GetCapabilities,19
ef47695d-7aa3-41cf-8c4e-d76aa4dae7d5,Dataset,Dataset: Metadatensatz zur Kerndaten-Sammlung gemäß BVergG 2018 von 'Wirtschaftskammer Kärnten',2
f33dc893-bd57-4e5c-a3b0-e32925f4f6b1,Dataset,Dataset: timeline-faelle-bundeslaender.csv,3
941cd994-a89e-45da-a208-5b9cc5e7e0e6,Dataset,Dataset: Naturparke Tirol (WFS),1
cfe2ff7e9ad53c1ee053c630070ab105,Dataset,"Dataset: Unselbständig Beschäftigte, Arbeitslose, Arbeitslosenquote und offene Stellen - Jahresdurchschnittswerte ab 1946",2
bb8ccada-44cf-4f91-a84d-d602938c0529,Dataset,Dataset: Isolinien 10m Kärnten,1
fccc37ac-e4cd-4265-8d4d-5b465e19b1a3,Dataset,Dataset: Daten ausländischer Vertretungsbehörden in Österreich,1
038920bb-8c40-4a30-8d0c-0a29bcd64751,Dataset,Dataset: WMS Geoserver GetMap (KML),6
3765ed62-0f9d-49ad-83b0-1405ed833108,Dataset,Dataset: COVID-19: Daten Covid19-Fälle je Altergruppe,9
3284450c-f8cc-439b-b331-ff901a307db6,Dataset,Dataset: WFS GetFeature (SHP),1
3678ee56-4340-4e9d-bd59-379cb3c69103,Dataset,Dataset: ranking_vornamen_2013.csv,1
de64ade8-5025-40f9-a2e0-15b72797e6a7,Dataset,Dataset: WMS Geoserver GetMap (GIF),9
c6fc4688-1aca-4363-bd1a-8d14ea08d2f8,Dataset,Dataset: WMS GetCapabilities,11
fde11447-12cf-4333-bed9-c37056551e0c,Dataset,Dataset: Bevölkerung nach Alter und Geschlecht Niederösterreich,1
fb3929f6-ea85-4128-83bc-b3174cd6c2ce,Dataset,Dataset: Rasterdaten Land Kärnten,1
86dd87bd-7426-40c5-946b-62b2af638aab,Dataset,Dataset: Metadatensatz zur Kerndaten-Sammlung gemäß BVergG 2018 von 'eVergabe.at',2
4e8d237b-8bd4-4483-a85d-431784c543b9,Dataset,Dataset: WMS Geoserver GetMap (SVG) - Punkte,5
d6513aa8-ad7e-4127-8e9c-7ceff23847d8,Dataset,Dataset: SHP_Kinderhorte,1
a1e1bcc1-55ef-40c0-b4a8-0e431e8a141c,Dataset,Dataset: Trinkbrunnen,1
9ca7f012-45c3-47f8-8648-e35e518583dd,Dataset,Dataset: Bürgerinitiativen,1
1929d4af-542d-4884-94cd-bff95e537ebd,Dataset,Dataset: Wahlergebnis der Gemeinderatswahl 2012 in der Stadt Graz,1
afceffe9-6f2e-48a4-8d8d-a9b83c5a69f3,Dataset,"Dataset: Wahlsprengel in Innsbruck (Shapefile, MGI Austria GK West)",1
d7b2b2a9-89e1-4612-b588-5c0134c6069f,Dataset,Dataset: Flughindernisse Tirol,1
6187d681-8945-4aaa-ae08-c31b5b7539d8,Dataset,Dataset: Homepage basemap.at,1
845a19d8-b6d7-430d-8ff3-a1e499c9ac5e,Dataset,Dataset: WMS GetMap (PNG),1
1a5c0ea3-432f-45e8-a305-19dd147867c0,Dataset,Dataset: Ranking_Vornamen_2011.csv,1
98efb700-353d-49fb-bdca-0f7081b36140,Dataset,Dataset: WMS Geoserver (GeoRSS),1
8d64dce7-2940-4bd5-b92e-e4b19ea110c6,Dataset,Dataset: Katastralgemeinden NÖ,1
f4e80988-c139-4953-8176-b3d6d03f6449,Dataset,Dataset: WFS GetFeature (SHP),12
de000cc7-d480-4384-a056-a90362fab95d,Dataset,Dataset: Wahlberechtigte Personen Gemeinderatswahl 2012 in Graz,1
cdb89665-1fa8-4af3-9c76-27afbccc6628,Dataset,Dataset: Downloaddienst WCS CIR,1
703fce40-6116-4836-aca4-7dddc33912ab,Dataset,Dataset: bmap_hidpi_esric_L00bisL15.zip,1
6760a15b-f437-4e17-b8bc-39aacf3574d4,Dataset,Dataset: WFS Naturdenkmaeler,2
6b927530-d5c9-11e3-9c1a-0800200c9a66,Dataset,Dataset: Download ASCII-File (Koordinatensystem ETRS89/WGS84),1
3b1a5a2b-72fb-430d-bd82-14bcfc3338a1,Dataset,Dataset: Wanderungsströme nach Nationalität seit 2002 - Wien,1
ef474003-b774-4b22-8912-fb95966f44be,Dataset,Dataset: WMS GetCapabilities,1
8d72f56e-c5ec-4160-bf66-ed8d5dc6b60a,Dataset,Dataset: Spielplätze in Niederösterreich,1
df8824f0-3555-11e2-81c1-0800200c9a66,Dataset,Dataset: Download KMZ (Koordinatensystem ETRS89/WGS84),1
ad122534-f82a-438b-835e-d1fb1341bff7,Dataset,Dataset: AMIS Datenbank,1
20019419-56a5-42c2-b76c-0460e58e775f,Dataset,Dataset: Energy Report 2019,1
ca996648-ed34-3dcd-a99f-68619f680241,Dataset,Dataset: Regionalstatistische Rastereinheiten LAEA 50000m,1
b04b81d6-eba4-4ec3-b35d-130df9fd716b,Dataset,Dataset: Lawinen-Probleme icons Tirol,1
a6cb8349-0327-400a-879b-df7167080e4a,Dataset,Dataset: Bevölkerung nach Geschlecht und Gemeinden Niederösterreich,1
d0145df8-7f6d-46e1-9bc6-ee7897054104,Dataset,Dataset: WFS GetFeature (CSV) - Flächen,3
692e6b08-f8c3-4d1b-98b0-819a65549f07,Dataset,Dataset: Landeskindergärten Niederösterreich,1
f660cf3f-afa9-4816-aafb-0098a36ca57d,Dataset,Dataset: Baumkataster 2013,5
4c1e5a1a-9847-4814-8018-0bcaf7f0aead,Dataset,Dataset: Download Bezirk LZ,1
898afe8c-0297-45d6-b4b5-0cb9e632094b,Dataset,Dataset: WMS Geoserver GetMap (GeoRSS),31
ce6baef9-42a8-4c09-8d50-99be6ac4ca9e,Dataset,Dataset: WMS Geoserver GetMap (KMZ),2
b694010f-992a-4d8e-b4ab-b20d0f037ff0,Dataset,Dataset: bmapv_vtpk_3857.vtpk,4
37c4a13b-0026-4876-9f96-d41d6c870b67,Dataset,Dataset: Schummerung GELAENDE Österreich,1
3cfeefdc-d290-4d84-8abe-c7f1b042f418,Dataset,Dataset: Gesetzesanträge des Bundesrats,1
4bd85183-cba6-3079-881d-45981f1f9f78,Dataset,Dataset: OGD_bevstandjbab2002_BevStand_2019_HEADER,2
71edef44-9d6c-4042-ab71-7207dc930ba7,Dataset,Dataset: Anzahl der Hunde pro Bezirk,2
39e2a593-d508-4f64-8a04-8d6dbf730f9d,Dataset,Dataset: Kerndatenquelle,2
0454f5f3-1d8c-464e-847d-541901eb021a,Dataset,Dataset: DGM 10m Tirol (EPSG:31254),2
ee7668cf-46bc-4246-a6fa-4adfdb52a513,Dataset,Dataset: Trinkbrunnen 2023,1
3d66f423-def8-467e-af82-2fa98146b967,Dataset,Dataset: WFS GetFeature (SHP),1
0eb9c379-1bc5-43e8-8d1d-72697f23f4a6,Dataset,Dataset: Kirchen,1
51bdc6dc-25ae-41de-b8f3-938f9056af62,Dataset,Dataset: VGD-Oesterreich_gst_01042016.zip,5
9c203fec-dc0d-412c-a7a3-7fd77d0346f1,Dataset,Dataset: csv - steige,20
2f5baa1f-208c-42c2-8d04-9ea74aa1b229,Dataset,Dataset: WMS GetMap (GIF) - 2020,6
6d92970a-d698-418b-8576-f3b03dc1a59a,Dataset,Dataset: WMS Geoserver GetMap (KML),7
cede9004-ba9f-4a4f-8bed-773927c17f48,Dataset,Dataset: Bevölkerung nach Geburtsbundesland seit 2008 - Zählbezirke Wien,2
47c7ffa9-65ba-41d1-9461-4e5458afd62e,Dataset,Dataset: WMS Geoserver GetMap (PNG/8bit),9
6d731e6e-7dcf-4bde-8061-d0e195f62f6c,Dataset,Dataset: VGD_Oesterreich_gen_50_01102019.zip,5
8b8c69f9-8009-4090-b385-da6f8bdf6b82,Dataset,Dataset: 32.Sitzung.25.09.2025.txt,1
f2bb4f42-2c40-4c9d-890b-c2b3061bfe5a,Dataset,Dataset: WMS Geoserver GetMap (GIF),1
505019f6-4c66-4ce4-9700-a5ed3cf664c3,Dataset,Dataset: Kerndatenquelle,2
ef8e980b-9644-45d8-b0e9-c6aaf0eff0c0,Dataset,Dataset: COVID-19: Zeitliche Darstellung von Daten zu  Covid19-Fällen je Bundesland,30
0fb9ae1a-92cb-4ab8-a589-470c16d4fe21,Dataset,Dataset: RIS OGD FAQ - Häufigste Fragen und Antworten,16
be2e0197-57b8-4fcf-a144-cb33f7466f3a,Dataset,Dataset: WMS Geoserver GetMap (KML),22
48b40fff-ccaa-4708-8db3-bdc3a791bfca,Dataset,Dataset: Gemeinderatssitzung vom 07.07.2011,2
d75798ec-b601-4961-9b06-1c24faaab294,Dataset,Dataset: domainnames.txt,1
bb43170b-30fb-48aa-893f-51c60d27056f,Dataset,Dataset: Download,1
cfba4373-a654-3e0b-80f8-348738169f95,Dataset,Dataset: wienerlinien-ogd-version.csv,35
5ffe0ecb-4902-41dc-b68b-12bd9caffdcd,Dataset,Dataset: Gemeindebudget Kremsmünster 2003-2012 - Einnahmen,1
16a3da6a-d3d0-4dd7-99c5-27ab3202a939,Dataset,Dataset: Feuerwehren Engerwitzdorf,1
c3a8d866-408e-4042-893e-99710b4db683,Dataset,Dataset: Medientransparenz Datenbekanntgabe bis 2023 (ALT),1
298e6b5a-21a8-4d56-9484-1bac58c94a26,Dataset,Dataset: WMS GetMap (PNG/8bit),24
23602b0b-c7b0-4f10-9910-7ee5329433bc,Dataset,Dataset: Metadatensatz zur Kerndaten-Sammlung gemäß BVergG 2018 von 'Wiener Zeitung GmbH',2
25b694ad-802b-4f64-bcbc-09897b0dcbf7,Dataset,Dataset: Geodatenviewer der Stadtvermessung Wien,3
cfe2ff7e9ad53c1ee053c630070ab115,Dataset,Dataset: OS_NACE_RGS.csv,1
bbd8ee1b-76a1-451f-88ef-84e9c7a1faaf,Dataset,Dataset: OAPIF INVEKOS Schläge 2024-1 (Point),1
21fca925-12ac-4215-ba1a-a9c73cb3b082,Dataset,Dataset: Icon,21
9586a616-48e4-46c8-b418-1432f2515407,Dataset,Dataset: Geodatenviewer der Stadtvermessung Wien NEU,2
214a3e63-31aa-47de-a49c-5ea5a80330ed,Dataset,Dataset: Geodatenviewer der Stadtvermessung Wien,5
71a6ca86-228a-4b57-b1bc-c3b887dd009e,Dataset,Dataset: WFS GetFeature (JSON),6
9a4e5d24-93db-3c4e-8e45-c4f291d59e55,Dataset,Dataset: Arbeitsmarktbezirke 2023-01-01,1
254757be-69ef-4a6c-a4c1-1432815d7522,Dataset,Dataset: Webseite basemap.at / Dokumentation,13
fa499042-c486-42a0-973a-7211490c1764,Dataset,Dataset: WMS Geoserver GetMap (JPEG),2
6fdea17f-9eac-4860-8b35-6108e792e6b1,Dataset,Dataset: Durchschnittsalter der Bevölkerung seit 2002 - Bezirke Wien,1
52abfc2b-031c-4875-b838-653abbfccf4e,Dataset,Dataset: Warnstufen_Corona_Ampel_aktuell.json,19
e7065317-1d57-434a-8428-efa263ecc526,Dataset,Dataset: WMS GetMap (PNG/8bit),8
b2e85e3e-bfba-44c5-b472-3d849e3a3f74,Dataset,Dataset: WFS GetCapabilities,1
cfe2ff7e9ad53c1ee053c630070ab129,Dataset,"Dataset: Arbeitslose nach Berufen, Nationalität - Bestand, Zugang, Abgang",1
bd8b518b-d812-46f9-b367-4c1b660cfc99,Dataset,Dataset: WMS getMap (GIF),21
919d40b2-031f-430e-bf6c-4183f6dc8b64,Dataset,Dataset: GFTS_Fahrplan_OEBB_20191211,2
716d89ce-b0da-4158-abb6-72f562206b37,Dataset,Dataset: Icon - Volkshochschulen – Standorte,14
c294da25-b556-4bd6-9e1a-343b28279a33,Dataset,Dataset: WMS Geoserver GetCapabilities,1
8df6b76b-a1c8-45a4-ab7b-3ff8676e4b04,Dataset,"Dataset: Metadatensatz zur Kerndaten-Sammlung gemäß BVergG 2018 von 'EVN AG, Beschaffung und Einkauf'",2
b8fa7909-7b83-4a1a-badb-264ca39308dd,Dataset,Dataset: WFS GetFeature (GML),1
16bd245e-8f6c-4696-95f3-17be8fe340cb,Dataset,Dataset: Volksschulen 2017,1
ebc58372-cde4-45b6-952f-651fd075ddca,Dataset,Dataset: Stenographische Protokolle (Parlament),3
56f9f78e-a51a-4990-aebd-082aebfb0fe7,Dataset,Dataset: Energiepreise privater Haushalte 2017,1
3df7a50f-108d-40bc-a041-e3092fc50a81,Dataset,Dataset: WFS GetCapabilities,1
98d14207-6c69-492b-8627-6c329f4a0525,Dataset,Dataset: w04-accountsrevenuesectors-vie.csv,2
573060f0-80c8-4141-b355-80ebd94ef87a,Dataset,Dataset: WFS GetCapabilities,1
46e591f0-563b-4bdd-bbbd-13b92250edf9,Dataset,Dataset: Windgeschwindigkeit Niederösterreich,1
bd871bb0-55a4-47aa-8926-04c59fdc8ef5,Dataset,Dataset: VIE-Demographische Indikatoren - Wien,1
e91bd464-be86-453c-b693-2ab818e11df2,Dataset,Dataset: API Endpoint Firmenbuch HVDs,7
33078dd6-05e0-4263-a464-f35bd1607ecd,Dataset,Dataset: INVEKOS Feldstücke 2024-1 (GPKG),1
d88a1246-9684-480b-a480-ff63286b35b7,Dataset,Dataset: Digitales Geländemodell (DGM) Österreich,11
19987402-b592-41d5-89f7-fab3ab43fa54,Dataset,Dataset: WFS GetFeature (JSON),1
588b9fdc-d2dd-4628-b186-f7b974065d40,Dataset,Dataset: Breitbandatlas,3
6f412521-2e9b-44b1-a3e4-8f1358caef63,Dataset,Dataset: WFS GetFeature (SHP),23
35691b6c-9ed7-4517-b4b3-688b0569729a,Dataset,Dataset: Orthofoto Tirol WMS Get Capabilities,4
9100472e-bf26-49e2-90df-64c436521157,Dataset,Dataset: GeoJSON Summary Format Spezifikation,1
76efecc9-e509-4c6b-849b-f742ed3e258a,Dataset,Dataset: Kerndatenquelle,2
7cbcdfa7-b7fd-4641-91c9-a6d67873b6a7,Dataset,Dataset: Altstoffsammelzentren Standorte (Linz),1
4e5c9414-2886-462e-b19f-a598ad065522,Dataset,Dataset: Polizeidienststellen Österreich (BMI),2
d15f4af6-1925-4281-9b28-79b069833a8c,Dataset,"Dataset: Bezirkslisten (CSV, zipped)",1
58e0db32-8633-48d2-8d6c-0272ba2242ff,Dataset,Dataset: Ausschussberichte,3
d91833f6-da35-4b2e-b7bd-70c342f45cf3,Dataset,Dataset: Bevölkerung nach Gemeinden - Volkszählungen Niederösterreich,1
285022f8-59c5-4462-9417-c35f350a52d4,Dataset,Dataset: Plenarsitzungen,2
711e4d67-8343-4bf1-90e8-de24738becf9,Dataset,Dataset: Stadtplan Beschriftung Wien,3
79e7e34e-4d2f-46be-8a40-24a84b20b1ba,Dataset,Dataset: WMS Geoserver GetMap (KMZ),1
cabad01a-8cc7-48c0-b7e8-ffbe1e685b26,Dataset,Dataset: WMS Geoserver GetMap (PNG),4
9087fe9a-1dd4-49a1-98b4-8a8c659eb64f,Dataset,Dataset: Parkplätze in der Stadt Salzburg,1
7e8c895e-073f-4e39-bcc4-a509976f4120,Dataset,Dataset: euwahl19-ergebnisse-csv-gesamt (zeitlicher Verlauf),1
d36d01fb-a929-44f8-804a-137f406582a7,Dataset,Dataset: Ediktsdatei - Offenkundige Zahlungsunfähigkeit,1
74358c31-1607-41ff-bf02-a4b171e3a40d,Dataset,Dataset: CSV_Park & Ride,4
cfe2ff7e9ad53c1ee053c630070ab131,Dataset,"Dataset: Arbeitslose nach Berufswunsch, Nationalität  - Bestand, Zugang, Abgang",1
9ecf5866-dbe8-4cb2-b156-5097c7eec01f,Dataset,Dataset: Bevölkerung nach Nationalität seit 2008 - Zählbezirke Wien,2
2ee6b8bf-6292-413c-bb8b-bd22dbb2ad4b,Dataset,Dataset: WMS Geoserver GetMap (KMZ),13
fa96d249-2f58-48ce-bb3f-bb18b447ffc8,Dataset,Dataset: Web Map Tile Service (WMTS) Wien,3
4f5a37d7-6055-40b6-9cdd-de55a9ab5248,Dataset,Dataset: WMS getMap (GIF),1
029b31b2-c3b9-4a7b-8e03-c58a2b4da4b7,Dataset,Dataset: WFS GetCapabilities,1
a9485d15-2f8d-4b06-b3f4-83ba7f8007a0,Dataset,Dataset: SHP_Kindergärten,1
69e6ff08-39af-4764-8de8-b75e5de7295f,Dataset,Dataset: WMS GetCapabilities,1
14589f68-d1ac-3be8-ad3d-07249865fb85,Dataset,Dataset: OGD_rate_kalwobez_GEST_KALWOCHE_STR_BZ_100_C-SEXWO-0,1
fde58043-87ff-44b0-b6b0-3d089adfba4c,Dataset,Dataset: Metadatensatz zur Kerndaten-Sammlung gemäß BVergG 2018 von 'vemap Einkaufsmanagement GmbH',2
995a2fd3-b6b9-4240-8beb-157e83aaf963,Dataset,Dataset: WMS_Query_Krankenanstalten,1
3bb93411-5d34-4cf5-a1f0-664168c0db24,Dataset,Dataset: Städtische Kinderbetreuungseinrichtungen,1
cfe2ff7e9ad53c1ee053c630070ab121,Dataset,Dataset: Offene Lehrstellen und Lehrstellensuchende nach Verfügbarkeit und Berufen - Bestand,1
e49a1510-9d93-4277-8467-48a1efc9f046,Dataset,Dataset: Gewerbe in Österreich,1
7035def0-a9df-430a-99ee-6e13de12676c,Dataset,Dataset: WFS GetFeature (JSON),5
7810e5a6-88c3-4a69-b7bd-5e69de753b88,Dataset,Dataset: Windrichtung Niederösterreich,1
cfe2ff7e9ad53c1ee053c630070ab139,Dataset,"Dataset: Arbeitslose Ausländer_innen nach Nationalität (Einzelstaaten) - Bestand, Zugang, Abgang",1
d61ed212-9915-4018-a350-caecfda3e0c6,Dataset,Dataset: Apotheken - Standorte,4
4b71eb3d-7d55-4967-b80d-91a3f220b60c,Dataset,Dataset: CovidFaelle_Timeline_GKZ.csv,35
096e7096-8e0a-40a1-9da3-5cceee97d53a,Dataset,Dataset: Eheschließungen nach Altersgruppe - Zeitreihe,1
ce4f1d6f-2d98-4736-935c-0cc681412e68,Dataset,Dataset: Beliebteste Vornamen in der Stadt Salzburg 2010,1
c1ba372b-dba2-4bce-b72e-b5c832eaaf44,Dataset,Dataset: WMS Geoserver GetMap (KML),19
c7c2dfe1-e638-4f87-8afe-b4a9f1313ba0,Dataset,Dataset: 8.Sitzung.30.6.2022.txt,1
846448a5-a26e-4297-ac08-ad7040af20f1,Dataset,Dataset: Hospitalisierung.csv,17
36a8b9e9-909e-4605-a7ba-686ee3e1b8bf,Dataset,Dataset: WFS GetFeature (CSV),11
15914c77-fe9b-4853-9c74-aa64d2e79b56,Dataset,Dataset: SHAPE (WFS),2
826d798e-01d1-48d3-973c-e0e466a63ca8,Dataset,Dataset: WMS Geoserver GetMap (GIF),11
a25fb527-bff2-4701-ade5-b47018bf31d2,Dataset,Dataset: Wahlsprengelgrenzen 2009 Graz,1
2e9f926c-f688-4889-856d-5e6935440c28,Dataset,Dataset: Download CSV - 2013- 2024,1
359c515c-4320-42ef-b4e5-88ba1bb03c2e,Dataset,Dataset: WFS Gipfel,3
cfe2ff7e9ad53c1ee053c630070ab137,Dataset,"Dataset: Arbeitslose nach Wirtschaftszweigen - Bestand, Zugang, Abgang",1
e527be89-5193-43b2-8388-1f7feee2f8fd,Dataset,Dataset: Aufstiegshilfen in Tirol,1
770f9237-9a7f-45e4-9647-aacf35ddee06,Dataset,Dataset: Icons (Piktogramme) zu den OG Datenbeständen mit Geobezug,4
d9321ccf-d303-4cfb-a24b-32aba49cef81,Dataset,Dataset: WMS Geoserver GetMap (JPEG),7
d13d3866-2c68-4353-9a41-c29ebf1a3abc,Dataset,Dataset: WMS Geoserver GetMap (GIF),1
67a21de7-e426-4cea-ab9c-7d0fb9ca8a92,Dataset,Dataset: Ausschussmitgliedschaften (Parlament),1
405a0d29-0a62-45a7-a4d4-56c28e3255ab,Dataset,Dataset: Daten österreichischer Vertretungsbehörden im Ausland,3
a2aacf9c-c06b-49ac-b196-0eb22fbc6e84,Dataset,Dataset: json (wfs),1
8abc73bb-63b7-44c0-a25d-424ce38e5626,Dataset,Dataset: Anträge,3
a14e57c4-ea1c-4a7a-863a-b874ccf23790,Dataset,Dataset: WMS GetMap (PNG/8bit),3
a73befc7-575f-48cb-8eb9-b05172a8c9e3,Dataset,Dataset: basemap.at Verwaltungsgrundkarte Vektor Österreich,4
276ffd1e-efdd-42e2-b6c9-04fb5fa2b7ea,Dataset,Dataset: COVID-19: Zeitreihe der verabreichten Impfdosen der Corona-Schutzimpfung (gültig bis 31.7.2022),3
a0279fdf-230e-493d-bd50-3865ad29f825,Dataset,Dataset: Strassenverkehrszählung 2010 Wien,1
53b70911-67ee-459b-a573-130272275a91,Dataset,Dataset: Krankenanstalten - Standorte (Linz),5
603066f6-0f0a-3806-b394-f14b7d2cb437,Dataset,Dataset: OGDEXT_VORNAMEN_1_C-WOHNBEZIRK-0,2
6c4f8a28-1909-4096-af71-94b6c08809fc,Dataset,Dataset: Rufnummern Ortsnetze,1
02eb8854-42a2-44cc-b8f1-abd5cfbd00c9,Dataset,Dataset: Gewerbebetriebe Engerwitzdorf,2
4030d796-0573-4305-86f2-b34e38a86a1d,Dataset,Dataset: WMS Geoserver GetMap (JPEG) -  Punkte,1
7b1492ea-72f1-4d79-a5df-2e0e32088ea1,Dataset,Dataset: WFS GetCapabilities,1
2f6649b6-2b2d-49a9-ab31-6c7e43728001,Dataset,Dataset: COVID-19: Daten Covid19-Fälle je GKZ,13
17498d52-ddbc-4362-af5a-8f9fbfb44515,Dataset,Dataset: Geodatenviewer der Stadtvermessung Wien,1
ee97fa6e-e96c-4f37-ae3f-26b2ed3ada0d,Dataset,Dataset: WMS GetMap (JPEG),1
cfe2ff7e9ad53c1ee053c630070ab135,Dataset,Dataset: LZBL_Gesamtuebersicht_RGS_Bundesland.csv,1
ba564a55-f352-4c80-8329-c1856622383f,Dataset,Dataset: Regierungsvorlagen,3
f0335765-1ab0-4e94-ab38-f404de4c3b4d,Dataset,Dataset: WFS GetFeature (GML),8
64f0f230-58c8-4b74-9bcc-3e28716307ed,Dataset,Dataset: SHP_Standorte der Apotheken,1
cfe2ff7e9ad53c1ee053c630070ab143,Dataset,Dataset: AL_Ausbildung_RGS.csv,1
5ceed47b-7db0-4958-a893-6d217eb25517,Dataset,Dataset: ESRI Shapefile (WFS),3
d230c9e8-745a-4da3-a3b4-86842591d9f0,Dataset,Dataset: COVID19_vaccination_municipalities.csv,3
cfe2ff7e9ad43c1ee053c630070ab103,Dataset,Dataset: Arbeitslose und Schulungsteilnehmer_innen nach Geschlecht - Lang-Zeitreihe ab 01/1987,2
3810778f-f3ad-4032-9df7-dadaa8dd9726,Dataset,Dataset: abfallsammelstellen (json),1
5983a1bb-62b6-4e26-afd0-dc234b34cf4b,Dataset,Dataset: Icons,4
78bd7b69-c1a7-456b-8698-fac3b24f7aa5,Dataset,Dataset: Treibhausgas-Emissionen 1990-2024 nach CRT - wide,1
9b40a0af-a6fe-47ff-9624-2ea8f40c746f,Dataset,Dataset: Meteorologische Messdaten der ZAMG,6
9543be56-7309-4788-8de2-fbdd5006282b,Dataset,Dataset: Metadatensatz zur Kerndaten-Sammlung gemäß BVergG 2018 von 'Wirtschaftskammer Oberösterreich',2
46825ece-d165-4b64-bea7-8964b8afdfe3,Dataset,Dataset: Sozialberatungsstellen - Standorte (Linz),2
2a7a3701-3aae-47c2-b2a8-2554ecff7d9f,Dataset,Dataset: Voranschlag 2025,1
44d6c71e-d956-41f9-ada6-d31b7793236f,Dataset,Dataset: WMS_Query_Behindertenparkplätze,1
bf902d04-f6c9-438e-aec1-1a762c50614b,Dataset,Dataset: Skigebiete_2008,1
a0535d6d-4c34-4524-9591-e9e51e3d28c4,Dataset,Dataset: Anleitung zum Einbinden von Services und zum selektierten Download von Geodaten,2
809eeaf2-c9a6-47cb-a00a-2433222eb132,Dataset,Dataset: Übersichtskarte Linz (Linz),1
gemeinderatsprotokolle-2026,Dataset,Dataset: Gemeinderatsprotokolle 2026 (Linz),1
455cf48c-cdee-4721-a0ed-cd38af7aff0f,Dataset,Dataset: Icons,11
aac2629e-495d-4468-9c8b-cd9649bd7b5d,Dataset,Dataset: WFS GetCapabilities,9
39f5a085-5209-4d78-9b8b-dc6e1e79e1ea,Dataset,Dataset: Golfplätze_2011,1
e454bf6a-3321-4a86-998a-af61123eb056,Dataset,Dataset: Seewasserstände Kärnten,4
2cbdf333-97e9-4c91-b846-17a8e8c167d8,Dataset,Dataset: WFS GetFeature (JSON),1
84f9e5e8-4baa-42a4-a491-fb92d0258f49,Dataset,Dataset: WFS GetFeature (GML),2
32ab3b13-c3a1-461c-b781-5740ac52b27a,Dataset,Dataset: Bevölkerung nach Migrationshintergrund Niederösterreich,1
8dfe02c3-c8b6-4c0e-84ec-7dad6be0b673,Dataset,"Dataset: Burgen, Kirchen und Klöster in Tirol",2
bb596b23-4096-4d65-861c-a94e7cebf7e2,Dataset,Dataset: Veranstaltung - Standorte (Linz),1
cb45bff3-65f5-46a2-b340-516f3994a41e,Dataset,Dataset: Wanderungen nach Gemeinden Niederösterreich,1
cfb7d12a-0942-468a-9fdd-0399029e196f,Dataset,Dataset: csv (wfs),1
f35b2a10-4d8b-40f3-9eb7-15d84c2f7f58,Dataset,Dataset: Krabbelstuben - Standorte,4
009b7802-0b04-4fee-8dac-3922bd5098ae,Dataset,Dataset: Metadatensatz zur Kerndaten-Sammlung gemäß BVergG 2018 von 'Bundesbeschaffung Ges.m.b.H',2
0eb6493d-4caa-424d-846d-9445f19d99cf,Dataset,Dataset: Landtagswahlen 2013,1
893e2a5e-78ec-46fa-9e6e-6eec56d7c536,Dataset,Dataset: WMS Geoserver GetMap (JPEG),1
4904b8e4-a002-4bcd-bda3-d496eab8fda4,Dataset,Dataset: GPKG_Städtische Bibliotheken,1
37b73723-af41-446e-8a06-adb7ebed48a1,Dataset,Dataset: Lebendgeborene nach Geschlecht Niederösterreich,1
526e6fdf-9159-4f68-9450-32d4162381ff,Dataset,Dataset: Sterbefälle seit 2002 - Bezirke Wien,1
6772e22a-a364-47df-9cf7-0590fdde1757,Dataset,Dataset: Wasserstandsdaten Pegel HYDRO Tirol,2
2aada6af-9aaa-42ae-98f2-8d974b278280,Dataset,Dataset: Stadtplan3D,1
cfe2ff7e9ad53c1ee053c630070ab111,Dataset,Dataset: Gesamtuebersicht_AL_RGS.csv,1
98908792-f315-4834-9b5e-20fed66cbe5a,Dataset,Dataset: WFS GetFeature (GML),13
fd1db6d6-98a5-4c78-bcee-bc57d068ee13,Dataset,Dataset: WFS GetFeature (CSV),1
6cb3abed-6c76-47f2-bf40-2ddbea78cb35,Dataset,Dataset: SARI-Krankenhausaufnahmen: Fokus Patient:innen,2
cfe2ff7e9ad53c1ee053c630070ab133,Dataset,"Dataset: Arbeitslose nach Nationalität - Bestand, Zugang, Abgang",2
e04221bc-7309-48b8-bffd-77655c626b8d,Dataset,Dataset: API (Rest Service - Gauß-Krüger-M28 - Beispiellink),1
32b03b8c-e860-4416-a433-fab84cb935a6,Dataset,Dataset: VIE-Bevölkerungsprognose 2014 bis 2024 - Wiener Zählbezirke  (1),1
1446c895-cd1f-3ed4-8dd2-66fee300c16e,Dataset,Dataset: OGD_fkfzul0759_OD_PkwNZL_1_C-J59-0,1
45a55c97-2122-42a6-823d-f374f1a8bd48,Dataset,Dataset: WFS GetCapabilities,2
946a1d1c-27ea-49d4-93be-9ac68b399a20,Dataset,Dataset: WMS Geoserver GetMap (PNG),1
8becadda-124e-43f3-900e-f1ab685574e5,Dataset,Dataset: Attributbeschreibung wahl.txt,5
cda1b8eb-40ef-4229-9417-2ba29ea816dd,Dataset,Dataset: WMS Geoserver GetMap (GIF),1
9125f584-19ca-4465-807d-2596ca05f3ea,Dataset,Dataset: Finanzgebarung Ausgaben Engerwitzdorf,1
5982a27f-28a4-4f40-a1cc-5cb650400c50,Dataset,Dataset: CSV - Haltestellen Planung,4
625e8422-dedb-47eb-b158-23ba1f07f760,Dataset,Dataset: WFS GetCapabilities,1
9a78b016-2cb4-4be3-aecd-60ff99b4f356,Dataset,Dataset: JPG,2
5fabbf7c-75b0-45c3-b85d-b7e3f37c4b31,Dataset,Dataset: GPKG_Problemstoff Sammelstellen,1
aae243bd-796f-46d6-86ab-4d7b403f15a8,Dataset,Dataset: WMS GetCapabilitiesWMS,1
128e3b47-1e44-3791-bee2-3b06b2cd58f4,Dataset,Dataset: OGD_touextsai_Tour_UA_1_C-BBTR-0,2
5de779c2-93fc-4830-8e36-93e9ff1e7f7d,Dataset,Dataset: WFS GetCapabilities,1
8b9c7679-fa9c-4d29-85fe-c85a934d79b4,Dataset,Dataset: Geburten seit 2002 - Bezirke Wien,1
9fd80fda-bc9d-4f9e-8349-96416468a69f,Dataset,Dataset: Finanzstatistik 2019,1
a2c49245-23b2-46e1-acc7-c5a78913a090,Dataset,Dataset: Kerndatenquelle,2
7a8aae59-71a4-4500-b38b-bdf15c7f627f,Dataset,Dataset: WMS Geoserver GetMap (GeoRSS),3
ab4a73b6-1c2d-42e1-b4d9-049e04889cf0,Dataset,Dataset: GTFS Stops,12
87fc82a0-0042-49c8-b6f9-2602cd3dc17a,Dataset,Dataset: Vornamen Neugeborene Wien – nach Aussprache,5
fdcaabe5-0efd-4701-8fd9-49935c0d9cff,Dataset,Dataset: WMS GetMap (PNG/8bit),1
e34d45e3-070b-44e7-9a65-7c268fa79fc7,Dataset,Dataset: Städtische Senior*innenzentren 2008,3
78b906a0-1e2e-4176-9a74-6be3587fde6d,Dataset,Dataset: GBA - Online Public Access Catalogue,1
92183c55-442b-405d-9046-d19b07ffc83a,Dataset,Dataset: Parkgaragen Graz,4
musikschulen-statistik,Dataset,Dataset: Instrumente,2
41760df5-1ebf-424c-8251-ea0466bc2ee5,Dataset,"Dataset: Almzentren Tirol (SHP, GeoJSON, GPKG, uvm..)",1
cfe2ff7e9ad33c1ee053c630070ab101,Dataset,Dataset: AL_SC_Geschlecht_Gemeinden.csv,2
f76ed887-00d6-450f-a158-9f8b1cbbeebf,Dataset,Dataset: Postleitzahlen,1
d2c6f6f5-2236-4217-8361-3297b6369979,Dataset,Dataset: WFS GetFeature (SHP),11
d9ae1245-158e-4d79-86a4-2d9b3defbedc,Dataset,Dataset: Umwelt-Stadtplan (Wien Umweltgut),4
8bdf0efa-7f2c-4bd3-b762-5983f02153ea,Dataset,Dataset: Aktuelle Abgeordnete zum NR (Parlament),2
cff7ec12-5cb3-4907-9a29-9aee77cf40ab,Dataset,Dataset: Download Kataster Grafik DXF Wien Stichtag 01.04.2023,1
9ee0d2d2-6631-4d5e-a33a-ad0cb9874566,Dataset,Dataset: Stadtplan Linz 2011 (Linz),1
a4686c70-aefd-4db5-8c4d-412e162722bc,Dataset,"Dataset: Energiepreise Verkehr, real, brutto 2018",1
aa8876c7-9711-4969-b428-34400f2d0dbe,Dataset,Dataset: WMS GetMap (PNG/8bit),20
050f108b-8299-4d30-8ab0-10a0f289d725,Dataset,Dataset: Badestellen Land Salzburg,3
fc21780d-bbb0-4ec9-9cb2-8687fd28ebc2,Dataset,Dataset: WMTS GetCapabilities,3
7fcf7f09-12d7-4b06-a183-93c51f940670,Dataset,Dataset: WMS GetCapabilities,14
3a520b08-7351-479c-9232-628727066f55,Dataset,Dataset: Kerndatenquelle,2
3ff63cf5-8d04-4be5-9449-96411ae9fc36,Dataset,Dataset: WMS GetMap (GIF),15
aa12dc22-ba50-42a0-bda1-30d41c64d5eb,Dataset,Dataset: Icons,1
566c99be-b436-365e-af4f-27be6c536358,Dataset,Dataset: Gliederung Österreichs in Gemeinden,6
16c7fa5b-e2ac-4558-b76c-506766d3949d,Dataset,Dataset: WFS GetFeature (SHP),3
5777dc31-1f38-4f9b-9c97-7398c12a55bf,Dataset,Dataset: Wahlergebnis der Nationalratswahl 2013 nach Grazer Bezirken,1
d780bf4f-063e-4c21-bb28-62c8d1d79cdc,Dataset,Dataset: Ambulatorien - Standorte (Linz),3
734a5746-bbda-4fc0-8eb3-52c6325ceb88,Dataset,Dataset: timeline-bbg.csv,4
60dd8dfc-3858-4096-b2df-544db8120827,Dataset,Dataset: WMS Geoserver GetMap (GIF) - Lainz,2
0770d1e6-8c28-4c82-ad3f-5c9e63a8888d,Dataset,Dataset: Vornamen in Niederösterreich,2
cfe2ff7e9ad53c1ee053c630070ab117,Dataset,Dataset: OS_Ausbildung_RGS.csv,2
3179c5b2-9bb5-4a7f-a573-5491ccb0110b,Dataset,Dataset: Ergebnisse der Nationalratswahl 2017 (BMI),3
25267974-6d44-455e-b76f-248e29ff7df7,Dataset,Dataset: WFS GetFeature (JSON),4
b01585af-110f-4f87-9bf1-06805605926c,Dataset,Dataset: Veranstaltungen Wien,14
0cae36bb-6424-406f-8ed9-27b1d5bced57,Dataset,Dataset: Wahlsprengelgrenzen 2013 Graz,1
41e2cda3-d829-43dc-8d59-87e16e8301f6,Dataset,Dataset: GeoRSS (WMS - GeoServer),1
02ad6e25-2698-405f-a37b-99745b1ac69c,Dataset,Dataset: WMTS (JPEG),4
2d0e9a21-fa5f-441d-948a-fe97a453a827,Dataset,Dataset: JSON (WFS),5
8e9cba91-c956-49fc-8567-99aa17caa02c,Dataset,Dataset: Presseförderung,1
c223b93a-2634-4f06-ac73-8709b9e16888,Dataset,Dataset: Adressservice (JSON Reverse Geocoding),10
81f390f9-9b42-3a72-ad9b-e11a4dbebab0,Dataset,Dataset: Politische Bezirke 2024-01-01,2
b0408646-3c6a-490e-aee4-b61a1824f9b8,Dataset,Dataset: Seniorenpflegeheime,1
4315e096-f51e-4b56-8235-57be9789a62c,Dataset,Dataset: WMS Geoserver GetMap (GeoRSS),16
4ad92103-b0cf-458d-849d-6d70ac5891fd,Dataset,Dataset: Sozialberatungsstelle_Engerwitzdorf.csv,1
4111e2d8-1729-4953-899a-c55bc382857e,Dataset,Dataset: Intermodales Verkehrsreferenzsystem (GIP.at) Namen (Liste) Wien,6
07ba3b74-3c40-4a36-838a-7ef4ced23546,Dataset,Dataset: WMS GetMap (PNG),1
a6de427c-9d40-4e02-bfd1-9e372feb1de9,Dataset,Dataset: Petitionen (Parlament),2
1dfe8290-3972-11e2-81c1-0800200c9a66,Dataset,Dataset: Wahlergebnisse Landtag Steiermark,1
c5e36bed-6c29-41bf-89e1-79ded8aae72d,Dataset,Dataset: WMS Geoserver GetMap (KMZ),1
b6385a14-b39c-4a00-a262-a8c2308759a6,Dataset,Dataset: gruendachpotential-bezirk.csv,1
fc27bab4-34be-4562-8f77-67eac49e32c5,Dataset,Dataset: Haltestellenbereichspunkt (EPSG:31255 ),1
cfe2ff7e9ad53c1ee053c630070ab127,Dataset,Dataset: Anzahl Bescheiderteilungen nach Bescheidleistungsart,2
091a085f-2652-429f-8dde-c69199440ddf,Dataset,Dataset: Bevölkerung seit 1869 - Bezirke Wien,2
feaddbdf-ed07-4c37-818a-db63447d5567,Dataset,Dataset: Mortalitätsmonitoring,1
09660c57-9e8c-4ac5-bd2f-32f3c6961f72,Dataset,Dataset: Wahlsprengelgrenzen Landtags- und Gemeinderatswahl 2021,1
87282445-a02d-4f7f-9bf6-196d73d9b3a9,Dataset,Dataset: WMS GetMap (PNG),2
3aa31f0e-b807-45fe-88ab-209e006f1c78,Dataset,Dataset: csv (wfs),1
05f6c1e4-ae72-45a5-b249-105212463591,Dataset,Dataset: OGD Screening Gesamtliste (ods),1
7cb3fb29-6b14-477b-a88b-a6a526b59b40,Dataset,Dataset: bmap_orthofoto_esric_L00bisL17.zip,2
e257875b-1424-4709-84e9-5ddd8c43ce41,Dataset,Dataset: WMS GetCapabilities,1
162398d4-b2ea-4674-83d4-2c1d851a521a,Dataset,Dataset: Abfallsammelstllen - Container,1
354f9aa0-2f0a-4cdf-9b60-d023da93cc76,Dataset,Dataset: WMS Geoserver GetMap (SVG),11
6fc1c927-bf21-3d72-9333-a9055493ab3c,Dataset,Dataset: OGD_f0760ext_OD_PkwGZL_1_C-A10-0,1
54171a40-1cfd-11e2-892e-0800200c9a66,Dataset,Dataset: Download Shapefile 2015 (Koordinatensystem ETRS89/WGS84),3
016c5433-7c6e-41d1-958a-8966528c9322,Dataset,Dataset: 15.Sitzung.29.6.2023.txt,1
f9426236-6f1a-4b31-99ab-3dfd71e4c3e9,Dataset,Dataset: Finanzgebarung der Stadt Wien: Bereich Ausgaben Zeitreihe Wien,2
4f18ca71-38e9-4d55-9064-bc5085a50608,Dataset,Dataset: WMS_Query_Stadtgrenze,1
5160611a-b665-461b-ae93-e5e6ec342166,Dataset,Dataset: Gemeinderatssitzung vom 16.09.2010,2
e5f51f9d-9ddb-4fc7-95a8-ef0d9eb2144d,Dataset,Dataset: Metadatensatz zur Kerndaten-Sammlung gemäß BVergG 2018 von 'Wirtschaftskammer Wien',2
af63a0a0-0f6b-4534-92d3-63902fb91b03,Dataset,Dataset: WFS GetFeature (GML),1
cfe2ff7e9ad53c1ee053c630070ab107,Dataset,"Dataset: Arbeitslose nach Geschlecht, Vormerkdauer und Altersgruppen - Bestand, DS Vormerkdauer (in Tagen)",2
cfe2ff7e9ad53c1ee053c630070ab109,Dataset,"Dataset: Arbeitslose nach Geschlecht, Verweildauer und Altersgruppen - Abgang, DS Verweildauer (in Tagen)",1
80dd5f90-8ed9-49b8-9b6e-d3c40eb46023,Dataset,"Dataset: Predefined dataset (Beispiel Blatt „105-082“ EPSG:31256, DXF)",1
97ef14eb-f280-48a7-96c0-df03859b06c2,Dataset,Dataset: WMS GetCapabilities,17
26f4d3e5-9ad6-456a-9045-34badb1f33cf,Dataset,Dataset: 1989,2
a1347e6c-db7d-423d-9b62-de7717129f5b,Dataset,Dataset: WFS GetFeature (JSON),1
371f7f97-e7ad-4335-a4f9-0d1ca4daa1ec,Dataset,Dataset: WFS GetFeature (JSON),2
eec2fb76-3b7b-4f64-a8d1-2f9778a57adb,Dataset,Dataset: WMTS (Beispiel JPEG),2
e5cca30b-299f-496b-8162-919dca91d94e,Dataset,Dataset: Standardbeschreibung der Graphenintegrationsplattform (GIP) Österreich,1
7bc04db0-3718-11e3-aa6e-0800200c9a66,Dataset,Dataset: Vornamen 2012,1
09e70f89-cadf-4a3b-a29a-2b3f3c6cbd71,Dataset,Dataset: Registerzählung 2022 - Zählbezirke Wien (4),1
bb86970f-3cef-4f9a-a79b-ff277ea925c8,Dataset,Dataset: Geodatenviewer der Stadtvermessung Wien,3
87dd1233-938d-39a3-84b7-84f6bc953747,Dataset,Dataset: OGD_f0743_VZ_HIS_GEM_2,1
806c3e987d4a7fb2ae862f923b45046333d7437f,Dataset,Dataset: Top 100 Vornamen in Tirol,1
8e420764-a913-4eae-8514-9be858fdb9b3,Dataset,Dataset: WMS GetMap (JPEG),10
3cca23c2-2aa6-4421-96db-8b914de62d56,Dataset,Dataset: Liste der Orte,1
3174dad5-a408-36e8-b75e-af18d0969129,Dataset,Dataset: OGD_bevstandjbab2002_BevStand_2021_C-A10-0,1
5d642d09-8e03-4200-a79b-2a397a6d5d51,Dataset,Dataset: WMS Geoserver GetMap (GIF),20
3e62e13e-3955-494a-91b3-f00ab9e84b48,Dataset,Dataset: WMS Geoserver GetMap (GeoRSS),16
54fc7750-8540-4c22-8d46-9a6a2641c41a,Dataset,Dataset: WMS Geoserver GetMap (PNG),13
81c62c6d-d7b9-49db-bfdb-66225b245c78,Dataset,Dataset: Finanzgebarung-Einnahmen Engerwitzdorf,1
da8fc842-d9cd-4a8b-9dcf-642ebdbc9049,Dataset,Dataset: WMS Geoserver (GeoRSS),2
88bf0348-80c8-4b62-a3d1-45a0cedb802d,Dataset,Dataset: WFS GetFeature (SHP),1
8f68fe3e-d27b-440c-ba9f-c1ed3e8f987b,Dataset,Dataset: Vornamen-maennlich-2011.txt,1
d25e61cd-2b00-4480-bfcd-64761d7b272e,Dataset,Dataset: w01-accountsexpenditurecategories-vie.csv,1
4312623f-2cdc-4a59-bea5-877310e6e48d,Dataset,Dataset: timeline-eimpfpass.csv,9
45d684ca-6ad7-4c5e-a721-64aa31795824,Dataset,Dataset: Top Locations Wien,5
a766b57e-aefd-41c7-957f-2de3c233d5b8,Dataset,Dataset: WMTS (Beispiel JPEG),1
da54b586-c25d-44b8-a786-c1d31e4b5cb2,Dataset,Dataset: WFS KM-Tafeln,1
dfa2ff35-d2c4-4196-9989-a1bdbeabbfed,Dataset,Dataset: Linztermine - Übersicht über Veranstaltungen (Linz),4
46a7a06a-f69b-405e-aac2-77f775449ad3,Dataset,Dataset: Digitales Höhenmodell - 10m,2
8160dafd-84e7-4540-b9f1-32e6ecff0409,Dataset,"Dataset: Furt, Status",1
690db6b0-a291-412e-97bc-6d200d0a4b26,Dataset,Dataset: Gemeindebudget Kremsmünster 2003-2012 - Ausgaben,1
2c54f4d6-5712-4e5a-a025-b7f7a396c39b,Dataset,Dataset: basemap.at Verwaltungsgrundkarte Raster Österreich,115
817af5ea-4b9a-4706-8953-9a122be0166b,Dataset,Dataset: COVID-19 – Struktur und Umfang der finanziellen Hilfsmaßnahmen,2
67ce4b9d-957f-49e9-8ac6-7db8ed49eb0a,Dataset,Dataset: 51.Sitzung.1.7.2021.txt,1
0adc90c9-ac6b-47ef-aa83-b7780594720c,Dataset,Dataset: WMS Geoserver GetMap (GIF),5
146384fc-3f64-4482-a78a-2f082411a27d,Dataset,Dataset: WMS Geoserver GetMap (SVG),31
c694f63c-b49e-4151-bbab-bf1b6f4958ba,Dataset,Dataset: WFS GetFeature (JSON),1
4707e82a-154f-48b2-864c-89fffc6334e1,Dataset,Dataset: Verkehrszählstellen Zählwerte Wien,1
7861cd5d-e5bf-4d31-9c17-92f348447db2,Dataset,Dataset:  Rechnungsabschluss2016.csv,1
22add642-d849-48ff-9913-8c7ba2d99b46,Dataset,Dataset: WMS getMap (GIF),13
7562f659-398d-46d7-9167-7f9ccaa00263,Dataset,Dataset: Haltestellen der Linz Linien,9
9d58be92-32eb-43a7-9f38-dff44078864e,Dataset,"Dataset: Metadatensatz zur Kerndaten-Sammlung gemäß BVergG 2018 von 'IST Austria, procurement'",2
3bda5fb3-a829-437f-93c3-ba347067129d,Dataset,Dataset: WMS Geoserver GetMap (GeoRSS),1
0a05c52d-f896-4eaf-a475-b914ab29c33a,Dataset,Dataset: Finanzdokumentation (Findok),2
e4079286-310c-435a-af2d-64604ba9ade5,Dataset,Dataset: WMS Geoserver GetMap (KMZ),5
79c1030d-5cf6-4d58-ade6-02f66fb4dffb,Dataset,Dataset: WMS Geoserver GetMap (KML) - Nationalratswahl 2013,5
8ab79cf0-3549-11e2-81c1-0800200c9a66,Dataset,Dataset: Download KMZ (Koordinatensystem ETRS89/WGS84),1
e57d4a00-fc78-4e48-a110-ae3951b5c031,Dataset,Dataset: WMTS (Beispiel JPEG),1
4f677177-23bc-4f0a-8dbf-578762c8d976,Dataset,Dataset: WMS GetMap (PNG/8bit),3
bc8d078c-77ce-4bd3-b708-bd64f56e2b2e,Dataset,Dataset: 21.Sitzung.21.03.2024.txt,1
0f00e9fb-27cd-4c70-b5c8-33a5e79aaffb,Dataset,Dataset: Vornamens-Statistik 2012 fuer Graz ,1
df4cc7ae-ead7-49aa-bcb8-b018f169162d,Dataset,Dataset: Städtischer Baumkataster,1
ac478f32-3e3b-4c04-bc7d-aa75069b6367,Dataset,Dataset: WFS GetFeature (SHP),3
a16d2431-eeec-4e76-8280-b1ac7b4082ff,Dataset,Dataset: Apotheken in Innsbruck,2
e2e7100e-7094-48cf-9d6d-146a52c8dd8b,Dataset,"Dataset: In Farbe: Die aktuellsten PDFs für die gesamte Europaregion, Tirol, Südtirol oder Trentino",5
6bd1abfe-3dbf-4e04-b8cc-07114eb8810c,Dataset,Dataset: Kerndatenquelle,2
5ea10ba1-3577-407a-893b-175247a9bf4a,Dataset,Dataset: WMS GetMap (GIF),2
49f0b668-2a32-475c-86f3-4068cf642519,Dataset,Dataset: 5 und 4 Stern Beherbergungsbetriebe 2014,1
d025f670-5719-417e-8750-07b9178e7d92,Dataset,Dataset: WMTS (Beispiel JPEG),2
7aea60cb-4c5b-4794-9bfc-29972c3a0842,Dataset,Dataset: Einsatzdienste Graz,1
1eda4b16-05e3-43c3-b5b0-ef8276df0701,Dataset,"Dataset: Predefined dataset (Beispiel Blatt 35/4 EPSG:31256, ASC)",1
28185052-3df4-46ae-8c97-8b47221c6487,Dataset,Dataset: Registerzählung 2021 - Zählbezirke Wien (3),1
f5afc0ab-3203-4384-9d00-03fced6fe7b4,Dataset,Dataset: Standortliste,3
e38cdef5-f993-4e6f-919e-ac68d26d727d,Dataset,Dataset: Wartezeiten Passervice,1
785b29a3-ec82-4b5e-9085-cccba063a19c,Dataset,Dataset: COVID19_vaccination_certificates.csv,1
a83f651d-9942-4699-92f5-a01051a43992,Dataset,Dataset: Download SQLIte Geopackage (Koordinatensystem ETRS89/WGS84),1
cef007c8-5836-47a4-b45a-60eb587db17e,Dataset,Dataset: Luftbildplan 1992 Wien,2
ea27c88d-6347-48f1-b58e-55960f99a0c1,Dataset,Dataset: Bevölkerung nach Geburtsland seit 2002 - Wien,1
f1f6f15d-2faa-4b62-b78b-80599dd1c66e,Dataset,Dataset: WMS GetMap (JPEG),9
7e0d1134-ccfb-3255-a539-e086d1d7aa29,Dataset,Dataset: Siedlungseinheiten 2015-01-01,1
78b227dc-78f6-4085-b4fb-772e040a14e0,Dataset,Dataset: Kerndatenquelle,2
7cf0da04-1f77-4321-929e-78172c74aa0b,Dataset,Dataset: WMS Geoserver GetMap (PNG) - Mauern,5
09716341-2bea-4298-9525-e936d8247d19,Dataset,Dataset: Ergebnisse der Nationalratswahl 2013 (BMI),6
3dc5cf5a-313e-4cd1-af1e-3c4710acae94,Dataset,Dataset: Eigentumsverhältnisse der Gebäude 2015 (16 Statistische Bezirke),1
66fbfa85-73a2-30a9-be14-b8bb7a5fd185,Dataset,Dataset: OGD__steuer_est_ab_2008_bl_eink_EST_1_2_HEADER,1
2b1b422a-0235-485b-bd39-da1eff5d69c5,Dataset,Dataset: WFS GetCapabilities,1
aee4c9b5-8c7f-4248-b909-3335d93ac08a,Dataset,Dataset: Aktuelle Arbeitsmarktdaten Februar 2020,1
8f405794-d95b-4d12-922a-850045bb6870,Dataset,Dataset: Unselbständiges Einkommen nach Geschlecht 2002 bis 2020 - Bezirke Wien,1
a9c194f6-5df5-4f7d-9e43-b0dcf62ac8e1,Dataset,Dataset: Pkw-Bestand nach Automarken seit 2011 - Bezirke Wien,1
d705d383-a7aa-48ef-aa8a-d66ab25122f2,Dataset,Dataset: CSV-Datei zum Tiroler Adlerweg,1
7ff5a640-634d-4206-9548-a318cb5b4f67,Dataset,Dataset: Termine (Parlament),1
dbfb6a2f-3650-49e3-ba07-85d5848498b2,Dataset,Dataset: WMS_Query_Christbaumsammelstellen,1
4319e42f-8625-4385-a555-0cdbcda78672,Dataset,Dataset: Höhenservice Österreich,1
43839325-6125-4d5e-9fd7-d3e6ed6a2401,Dataset,Dataset: WMTS GetCapabilities,2
8d482810-26da-4bbc-8599-6b1fd1ab8743,Dataset,Dataset: WMS GetMap (JPEG),16
e40e3b00-1a98-4338-acb7-42547e6fee55,Dataset,Dataset: nrw24-ergebnisse-csv-gesamt-zeitlicher-verlauf.zip,2
dfa46500-3e09-440b-81c5-77b77ca4f40a,Dataset,Dataset: WMTS (Beispiel JPEG),1
ea26a2de-5d6b-4a2d-ba1f-4956f0ff8a40,Dataset,Dataset: Historischer Moorkataster 1911 Österreich (Vektor),1
71ef28d3-58a4-4087-8b31-c192792beb0e,Dataset,Dataset: WFS GetFeature (SHP),1
9c0a65e3-db8c-4784-98df-b856a9cd3576,Dataset,Dataset: Liste der VeranstalterInnen,1
24f9c1ec-7df5-41ff-8f72-320f983e97e4,Dataset,"Dataset: Universitäten, Hochschulen, Fachhochschulen  Graz",1
7fffba00-9b87-4fb4-8c71-68399d2a4291,Dataset,Dataset: Metadatensatz zur Kerndaten-Sammlung gemäß BVergG 2018 von 'Wirtschaftskammer Österreich',2
d3c0a223-516b-4049-9370-22881a0428d8,Dataset,Dataset: Soll-Fahrplandaten (GTFS),11
b88e514c-90a1-4d7b-a03a-0a556508d32c,Dataset,Dataset: Schummerung Oberfläche Mbtiles,1
786d5be0-47ea-4c64-8299-2ee28b1ddfef,Dataset,Dataset: Bevölkerungsprognose Graz 2012 - 2031,2
a5987f3c-3131-4e6e-b91c-fe0756e69926,Dataset,Dataset: WMS GetMap (JPEG),2
54e495ec-e203-4c06-8707-36128dd22c50,Dataset,Dataset: Mobile Problemstoffsammelstellen Öffnungszeiten Wien,2
c3a80419-f1e7-3175-875d-88c6f676e6ef,Dataset,Dataset: Bevölkerungsstand zu Jahresbeginn 2025,1
945a3f8f-90e5-4761-9c6e-92f7391cc93a,Dataset,"Dataset: Daseinsvorsorge-, Grundversorgung Tirol",1
3ae40a5c-88ce-4cfe-8fa1-f64d97c47bd4,Dataset,Dataset: Apotheken_Shapefile,1
2ed52078-7e55-40ea-8036-0d89118a06f4,Dataset,Dataset: Icons,22
d6f352fb-d367-3b95-9710-83c64a11faab,Dataset,Dataset: OGD_zlf_komm_ZLF_KOM_1_C-ZLFE32-0,1
aae06e72-4481-4ec6-b0f4-138b6c696f73,Dataset,Dataset: Sterbefälle nach Geschlecht Niederösterreich,1
629785af-9028-4f11-bdfe-d665a26a3d35,Dataset,Dataset: Wirtschaftsindikatoren seit 1995 - Wien,1
d76c0e8b-c599-4700-8a88-29d0d87e563d,Dataset,Dataset: Durchschnittliches Nettoeinkommen seit 2002 - Bezirke Wien,1
884c0d9f-f790-41c2-a2a5-351b7c434896,Dataset,Dataset: Alle LinzAG Linien zum Herunterladen,5
1780b0e8-297d-40c7-8341-6bba62087c53,Dataset,Dataset: ueberblick ueber die Grazer Bevoelkerung nach Altersgruppen beginnend mit Jaenner 2017,1
c6bbfc6f-6700-40eb-9537-ab182075c8f8,Dataset,Dataset: Club Aktiv - Standorte (Linz),3
15d6ede8-f128-4fcd-aa3a-4479e828f477,Dataset,Dataset: Worttabelle - XML,2
3fefc838-791d-4dde-975b-a4131a54e7c5,Dataset,Dataset: B - GIP Network: Basisnetz,10
ff1480b5-61f2-4008-aada-387c2c490549,Dataset,Dataset: WMS Geoserver GetMap (KMZ),5
12426052-8803-4deb-8c89-9e78785f7dd2,Dataset,Dataset: WMS Geoserver GetMap (KML),2
5a56bef7-7b60-4822-9da7-1d118f312a4d,Dataset,Dataset: Download Kataster Grundstücksverzeichnis CSV Burgenland Stichtag 01.04.2023,1
a42cbe4f-89f0-42ae-a34d-f2e5db6aa1d2,Dataset,Dataset: WMS GetCapabilities,9
fc725989-5c3e-4bf4-89b1-68caeec4d858,Dataset,Dataset: Musik- und Singschulen Standorte Wien,13
b2068d46-de7f-4a22-a563-4dea59b1e6f2,Dataset,Dataset: Hotspot_Geodaten_2011.csv,5
cf00fe06-e4b2-4319-af00-85230e7b2f1b,Dataset,Dataset: WMS Geoserver GetMap (GIF),1
0535365d-b657-44ae-ae22-3060cc958042,Dataset,Dataset: WMS getMap (GIF),1
58a2e0c0-1cf9-11e2-892e-0800200c9a66,Dataset,Dataset: Datenauswahl und anschließender Download auf http://app.luis.steiermark.at/luft2/suche.php (Link-Beispiel),2
bad388c1-e13f-484d-ba51-331a79537f5f,Dataset,Dataset: Meteorologische_Daten_Land_Salzburg,1
df297246-6434-47e8-bfad-f30699f7005f,Dataset,Dataset: Schriftliche Anfragen BR (Parlament),1
566c8d52-b6f8-48b9-921e-856ba5be392d,Dataset,Dataset: Kappazunder Laserscanbereiche 2020 Wien,1
e640951d-4179-44ed-a9cb-9e42169e9b48,Dataset,Dataset: WMS GetCapabilities,1
4d519b42-72fe-4059-837a-560c6083542e,Dataset,Dataset: die anwesende Grazer Bevoelkerung (= Haupt- und Nebenwohnsitze gesamt) nach Bezirk und Staatsangehoerigkeit beginnend mit 1.1.2006,1
c327c54d-4e61-4334-bf8b-8d73113523a3,Dataset,Dataset: UG 12 Äußeres,1
0a644521-25b9-4930-a55e-debf76547a80,Dataset,Dataset: Erwachsenenbildung Graz,1
eadb9328-97cb-4cac-b885-032f26f349cc,Dataset,Dataset: HFCS_POP_ALL.csv,1
1f4a62eb-6f1a-4bfe-b7cd-e6dede0be00a,Dataset,Dataset: Metadaten OGD Österreich - Search API,8
1ea3d3e8-fa07-4c37-af68-eb588d439de2,Dataset,Dataset: Hauptradverkehrsnetz Wien,4
10c7b88b-a708-4e17-a7ef-2c1ce0590377,Dataset,Dataset: JSON (WFS),2
8e3d16a2fe1c26ea4dc1d283aa35dc164112b131,Dataset,Dataset: Download 2008,1
3ad7b1eb-cac6-47b2-b957-ffba17606425,Dataset,Dataset: Metadatensatz zur Kerndaten-Sammlung gemäß BVergG 2018 von 'Rechnungshof',1
cfe2ff7e9ad53c1ee053c630070ab125,Dataset,Dataset: Leistungsbezieher_innen: Bestand und Tagsatzhöhen nach Leistungsarten,2
774ce2bd-90e2-487c-affd-3989967b239d,Dataset,Dataset: Parlamentskorrespondenz (Parlament),1
988368f6-7bd6-4d6a-bf60-1d07ffa6cfc4,Dataset,Dataset: Beliebteste Vornamen in der Stadt Salzburg 2012,1
a01bd054-65f7-4433-b852-6c8f926a4da0,Dataset,Dataset: CSV,3
d3b85461-fc0d-3639-9aa9-39211c4ecade,Dataset,Dataset: OGD_gest_kalwo_GEST_KALWOCHE_100_C-ALTERGR65-0,5
f36e3404-c711-4f35-8312-757d6a6691f2,Dataset,Dataset: Rss_Feed das heutige Tagesprogramm,1
9c30d667-f069-4575-abb4-f99682a1bc30,Dataset,Dataset: Parkordnung,1
2646025c-8ab9-4850-b76c-c2f508b34798,Dataset,Dataset: österreichische Badegewässer,3
61cde866-312e-4624-bd7c-e6820c609f2d,Dataset,Dataset: COVID19_vaccination_doses_agegroups.csv,1
ba4b775e-6073-402d-9210-509125f6c5a3,Dataset,Dataset: GeoRSS der Niederschlagswerte Kärnten,2
c91a4635-8b7d-43fe-9b27-d95dec8392a7,Dataset,Dataset: WMS Geoserver GetMap (KML),21
35102370-ad3b-41e5-a5c3-567750be2711,Dataset,Dataset: WMS GetMap (JPEG),1
9886476f-9c2f-46c8-bf37-06870d1e7338,Dataset,Dataset: WMS Geoserver GetMap (SVG),1
c5cf2502-7572-4fd1-a836-48b335a2d47d,Dataset,Dataset: WMS Geoserver GetMap (GIF),6
a000f9a9-e053-4b27-8836-239181d0a3a5,Dataset,Dataset: GPKG_Senior:innen- und Pflegeheime,1
eb679c37-b58a-4447-8b1a-fab4a3f7f1af,Dataset,Dataset: Gemeinderatswahl 2009 (Statistische Bezirke),1
28c9e877-36e7-4ced-896e-6bead8f9e190,Dataset,Dataset: Liftanlagen_fGeoDb,1
bec16f39-2f2f-375a-aa6c-f122d15245d7,Dataset,Dataset: NUTS3 2019-01-01,1
a7bfaed4-c1df-4448-894b-8effdfaed52d,Dataset,Dataset: Jugendzentren - Standorte (Linz),3
5e84d2ab-b5ca-48c3-b15f-3d71e4bca4ee,Dataset,Dataset: Metadatensatz zur Kerndaten-Sammlung gemäß BVergG 2018 von 'Wirtschaftskammer Steiermark',2
e45374c0-3e40-434c-92dc-203492ccee49,Dataset,"Dataset: Predefined dataset (Beispiel Blatt “35/4” EPSG:31256, GeoPackage)",1
7b5df951-b8b0-4153-b599-490b4fe39d8b,Dataset,Dataset: WFS Burgen und Schloesser,2
ac4c2ac5-6be4-4471-bbf4-f09228f5db04,Dataset,Dataset: WMS Geoserver GetMap (KML),3
d960f393-0a19-43f7-b2f1-2a79d9fc6fdd,Dataset,Dataset: VGD-Oesterreich_gen_250_01102014.zip,2
c7e84d16-449e-4154-a1bd-603b4fae329e,Dataset,Dataset: WMS Geoserver GetMap (KML),10
fc52bf4c-af53-4896-8276-f778f221b20b,Dataset,Dataset: Fachglossar-oesterr-Verwaltung_DE-EN_terminologisch_aufbereitet (SDLTB-Termbankdefinitionsdatei).xdt,1
44720e90-c2de-497b-8162-3810206dd011,Dataset,Dataset: Download CSV,1
9861f2a3-d9ed-44e6-a2e5-34ac2b3561dd,Dataset,Dataset: Beliebteste Vornamen des Jahres 2017,1
6e7bcb81-1b6c-46ca-817a-937d5664735d,Dataset,Dataset: RNK 1994 PNG,2
1ac8b693-987f-47bd-ac7b-f432b01a04a3,Dataset,Dataset: Horte - Standorte (Linz),3
2eb011e4-e899-4eee-885d-4b9da665033c,Dataset,Dataset: Behördenverzeichnis,3
71084c02-973d-4544-b804-7ed82bd53027,Dataset,Dataset: WMS GetCapabilities,15
6858b208-62bc-424e-9d7b-c89b74d3d3e3,Dataset,Dataset: WMS GetMap (GIF),27
fff27cd6-426c-479f-ae66-077ae6f1437d,Dataset,Dataset: GR15-sprengel,4
de139cf2-a8d7-40fc-8a7c-da12e9944d48,Dataset,Dataset: WMS GetMap (JPEG),1
ed08cebf-9822-388c-a09d-ac5a5004dacc,Dataset,Dataset: OGD_hpivr_HPI_VR_1_C-HPIQ-0,1
3d3c6c1c-56a1-4b78-af2c-56f476e91155,Dataset,Dataset: Höhenlinien 1m Download,1
627a9226-a907-4018-89e3-878002a9d22b,Dataset,Dataset: Garagen und Park & Ride-Anlagen Standorte Wien,12
cfe2ff7e9ad53c1ee053c630070ab123,Dataset,Dataset: Leistungsbezieher_innen: Bestand und Tagsatzhöhen (ALG und NH) nach persönlichen Merkmalen,2
7effe370-ce79-4286-b299-c5d851f546ff,Dataset,Dataset: timeline-eimpfpass.csv,4
2ed7403c-5acc-499f-a317-a911da03d9da,Dataset,Dataset: WMS Geoserver GetCapabilities,1
af468794-caa3-4565-8e69-a838332e532d,Dataset,Dataset: WFS GetFeature (JSON),1
41a809d9-0b61-4991-86b8-74dc07973af3,Dataset,Dataset: Kerndatenquelle,2
eab5ce18-827f-44a8-a206-e56f772dfa8b,Dataset,Dataset: Wohngebietstypen 2016 Wien,1
83a47742-191f-4c3c-ad9e-d571d6b03158,Dataset,Dataset: Ausschüsse (Parlament),1
2a747392-a08e-4f3d-aa58-c22b2c9d3a0d,Dataset,Dataset: KML (WMS - GeoServer),2
a73c5b74-a9c9-4caa-a796-e4c832645614,Dataset,Dataset: WMS Geoserver GetMap (GIF),3
b29308e9-3888-44be-ac2f-8f1515ac0347,Dataset,Dataset: Bildungsstand der Bevölkerung seit 2008 - Bezirke Wien,1
8b3b3cdf-2be6-4f0b-8c86-f6be67e5b002,Dataset,Dataset: aktuelle Ozondaten Österreich,7
fa02a3b3-deaf-49c2-8276-ed0393e61574,Dataset,Dataset: Kindergärten - Standorte,1
431d3247-42e4-4c0c-8be2-275352c07e57,Dataset,Dataset: Vornamen weiblich Engerwitzdorf,1
6f529d58-9a21-3da9-8c33-d191178d7657,Dataset,Dataset: OGD_rate_kalwo_GEST_KALWOCHE_STR_100_C-SEXWO-0,1
5c74388f-200b-3deb-9043-eeb1e7d7b53a,Dataset,Dataset: Dauersiedlungsraum 2021-10-31,1
49ca9c40-10d2-41fa-a55e-7b516360ad94,Dataset,Dataset: bis_xml_20260115_produktion_3.0.0.2.zip,2
827fb7fd-09ac-4c5f-a241-4cc35cc09366,Dataset,Dataset: GemeindebautenWien.xml,1
a37143ec-34a0-4e5e-bee2-27a181fc07d1,Dataset,Dataset: Schummerung Gelände an Staatsgrenze geclipped Mbtiles,1
36886c25-6961-4055-96b2-b3e8b138e588,Dataset,Dataset: WMS Geoserver GetCapabilities,7
2adc5a86-faa3-4b63-acff-a66128b811b7,Dataset,Dataset: WFS GetFeature (GML),21
2a0cb127-ea73-4cbd-a73f-e7d69d6fba5d,Dataset,Dataset: Transferzahlungen der Stadt Salzburg,2
67d4a45f-2031-4dd5-a03d-92f64be7147c,Dataset,Dataset: Urban Heat Vulnerability Index (UHVI),1
336bbdae-a29d-47c5-8c0d-f51affffd44f,Dataset,Dataset: WMS GetMap (JPEG),3
aab0a0be-89e6-442e-8cf9-e762bd18f76b,Dataset,Dataset: WMS GetMap (PNG/8bit),10
3828fd26-5284-444b-ba25-a68a84e91bdf,Dataset,Dataset: Pkw-Bestand nach Kilowatt Leistung seit 2011 - Bezirke Wien,1
db5df31a-ae36-43ad-8e71-9691eb45411b,Dataset,Dataset: Beschlüsse (Parlament),3
1d5c2411-9719-4c8f-b99d-57a5f4a4ae41,Dataset,Dataset: WMS GetMap Zugangsadressen (PNG/8bit),3
76c2e577-268f-4a93-bccd-7d5b43b14efd,Dataset,Dataset: WFS GetCapabilities,2
13a9f9d7-f013-4b12-a990-387714039247,Dataset,Dataset: Search for tests by open-data (JSON),4
c8218f47-8ef6-43c6-9f86-3125e317f60e,Dataset,Dataset: Anleitung zur Einbindung von Geodatendiensten und zum Download von Geodaten,2
7e80bc4b-3537-42fd-881f-d9290b34782e,Dataset,Dataset: Kerndatenquelle,2
27161877-c998-486d-8431-bfe2b98b01b6,Dataset,Dataset: die anwesende Grazer Bevoelkerung (= Haupt- und Nebenwohnsitze gesamt)  nach Bezirk und Eu-Zugehoerigkeitab 1.1.2006,1
383408d4-89b8-42df-af53-5c89f91e0cc7,Dataset,Dataset: WMS GetMap (GIF),7
dcb4ba1d-94c6-48b9-82c9-e315bd0e8f31,Dataset,Dataset: Fund-und Vergabtiere RSS-Feed,2
76ce7087-90bc-4bc9-955e-0647a8e3857a,Dataset,Dataset: Schriftliche Anfragen NR (Parlament),2
586e08a5-1ca6-400b-b2e2-dfd8fd3f429d,Dataset,Dataset: Lufttemperatur,2
87f121a7-eef0-4be9-9372-a5efe5b4d375,Dataset,Dataset: WFS GetCapabilities,22
e8b9bb31-5ad1-4cc3-a0ae-177c93671d0b,Dataset,Dataset: WMS GetMap (PNG/8bit),1
294de677-b02d-4a74-b189-cc04fa820d96,Dataset,Dataset: Schipisten,1
5e6175cd-dc44-4b32-a64a-1ac4239a6e4a,Dataset,Dataset: WMS Geoserver GetMap (SVG),8
28a7419c-f432-4e1a-b0a6-aa9e71968a14,Dataset,Dataset: WMS Geoserver GetMap (JPEG),17
cfe2ff7e9ad53c1ee053c630070ab141,Dataset,"Dataset: Arbeitslose nach Personenmerkmalen - Bestand, Zugang, Abgang",1
2b10a91b-51d5-4e34-b992-8fd3a3121f0d,Dataset,Dataset: Wahlergebnisse nach Gemeindekennzahl geordnet (amtliches Endergebnis),2
f7bd721a-1f72-4bef-a38c-792f59cc8fe3,Dataset,Dataset: WMS Geoserver GetMap (KMZ) - Punkte,3
8a528b7f-98af-4893-af73-5d5f26d3aa7c,Dataset,Dataset: WMS GetMap (JPEG),11
1039ed7e-97fb-435f-b6cc-f6a105ba5e09,Dataset,Dataset: WMS Geoserver GetMap (JPEG),6
17f04f16-1c02-4f94-90e3-e27e92535a83,Dataset,Dataset: Bevölkerungsprognose 2014 bis 2024 - Zählbezirke (2) Wien,1
f08964c6-5987-43c3-97d8-cb5a4eff0454,Dataset,Dataset: WFS GetFeature (CSV),1
96196887-5a20-4e93-a302-72f306f32c9d,Dataset,Dataset: WMS Geoserver GetMap (SVG),15
39f2200f-8dbe-4187-a2df-9084029b8616,Dataset,Dataset: Rote Liste Tiere,1
82d985c7-245f-4fd7-810f-b961edbc51cd,Dataset,Dataset: Besuche mit Ausleihe 2014,1
fd56466b-ced8-47ab-8d1a-9ce798948bad,Dataset,"Dataset: Metadatensatz zur Kerndaten-Sammlung gemäß BVergG 2018 von Bundesministerium für Frauen, Wissenschaft und Forschung - Zentralstelle",2
8dd8403c-87df-4dce-89c4-0208cfc58660,Dataset,Dataset: Sportstätten,1
257b205d-6dfb-4e47-b279-87601e368935,Dataset,Dataset: CSV_Kinderkrippen,1
973d2ade-0d91-4c6f-b2d6-e19e6211d4fe,Dataset,Dataset: Feuerwehrstandorte,1
808ef482-f28e-4bb9-8895-30f2e81010f0,Dataset,Dataset: Downloaddienst WCS CIR,1
4a2203cb-ed49-4e51-8f41-0bdfd821e9c3,Dataset,Dataset: Beschreibung Methode und Datenschnittstelle (Deutsch und Englisch),2
fd544e75-122f-4278-85e7-b9b591d4ceaa,Dataset,Dataset: WFS GetFeature (JSON),1
f365dfc2-6d70-4725-a6e0-a5e478c1f79f,Dataset,Dataset: WMS GetMap (JPEG),1
5d5214cc-9667-4132-8f23-9b0cf842cee6,Dataset,Dataset: Parlamentarier:innen ab 1918,3
b77d0b46-306c-46da-b26d-6e4dd718fde7,Dataset,Dataset: Spielplätze und Sportanlagen (Linz),4
2e0129ab-c9bd-4679-a987-30fd5008472a,Dataset,"Dataset: Predefined dataset (Beispiel Blatt „35/4“ EPSG:31256, GeoTIF)",1
86d88cae-ad97-4476-bae5-73488a12776d,Dataset,Dataset: Generalisiertes Dachmodell (LOD2.1) Wien,5
b411c576-e81b-490b-9c5b-8ef36f4f542d,Dataset,"Dataset: Predefined dataset (Beispiel Blatt „35/4“ EPSG:31256, JPG)",2
5349b414-5069-45be-8869-7d94261d4936,Dataset,Dataset: WMS Geoserver GetMap (GeoRSS),2
19247271-ae6d-41ad-9f8d-065542303dd3,Dataset,Dataset: CSV_Höhere und Berufsbildende Schulen,1
cfe2ff7e9ad53c1ee053c630070ab113,Dataset,Dataset: Personen in Schulung nach Alter und Berufswunsch - Bestand,1
4532a95c-95e8-44da-9bac-9d56e8ab39c2,Dataset,Dataset: impfungen-gemeinden.csv,2
